node,point_order,x,y
40,0,-0.00420263092805048,1.0
40,1,0.01181634874868041,0.9999247458064094
40,2,0.027843581703577813,0.9998494783220848
40,3,0.04388794992079739,0.9997741761457614
40,4,0.059956553966155346,0.999698808119983
40,5,0.07594726074753658,0.9996235995290881
40,6,0.09176981616931464,0.9995487775858721
40,7,0.10740076193146567,0.9994744415151423
40,8,0.12277731084780545,0.9994007425183001
40,9,0.13781110984784822,0.9993259634257821
40,10,0.15186618932025442,0.9992107687659683
40,11,0.16436956906183176,0.9989018854854302
40,12,0.17549311832041697,0.9982051145599475
40,13,0.18433648984345902,0.996513043727139
40,14,0.18809681625680388,0.9917002364045541
40,15,0.1861934399202049,0.9819498331398508
40,16,0.1814145400201082,0.9685539889036187
40,17,0.17673258593941243,0.9534224983244736
40,18,0.17360559120021518,0.9374898979453696
40,19,0.17201789668556078,0.9216920560158753
40,20,0.17148762864009895,0.9065929376793612
40,21,0.17153604290358562,0.8924142242457501
40,22,0.17205969349254976,0.8795046854095895
40,23,0.17318538721056848,0.8680029657076235
40,24,0.17497789793443982,0.8572664056472392
40,25,0.17743988638433383,0.8470693381903089
40,26,0.18061112321638545,0.8376210621431774
40,27,0.18512373084962702,0.8281505237036092
40,28,0.1915171261039526,0.8181248961532623
40,29,0.19897509357201623,0.808338400195754
40,30,0.20679617842091877,0.7992178799684238
40,31,0.2151131819926192,0.7905981054625469
40,32,0.22410376613342253,0.7825296846972107
40,33,0.23383440139615366,0.7749839680167783
40,34,0.24419038641555782,0.7677835827639986
40,35,0.25491109720596605,0.7606756020590726
40,36,0.26599091663797547,0.7531152682959886
40,37,0.2774980239788117,0.7445631408826201
40,38,0.28907535173313487,0.7350806539197239
40,39,0.3004044414444821,0.724996965211028
40,40,0.3114545296900817,0.7145167597674871
40,41,0.3222341435647713,0.7037199063905801
40,42,0.3326427049437404,0.6926922328301242
40,43,0.34234432194416636,0.6817457278174266
40,44,0.3511418225674737,0.6711098995379566
40,45,0.3593573149580242,0.6604775675574149
40,46,0.36729949518541155,0.6494894436641727
40,47,0.37486682291116025,0.6382566621355004
40,48,0.38186110402106044,0.6269657511562459
40,49,0.38804976258026624,0.6158722838788853
40,50,0.3932665739380796,0.605237427613344
40,51,0.3977320011772954,0.594717251077787
40,52,0.4016960830114689,0.583973055828612
40,53,0.40520683452365225,0.5730016389697459
40,54,0.4082860392982965,0.5617755594084248
40,55,0.4109313280488076,0.550315936960851
40,56,0.413151608596554,0.5386976536914745
40,57,0.4149689476249352,0.5270722154628545
40,58,0.4164257483903581,0.5155458823188308
40,59,0.41759828898349516,0.5037322356065883
40,60,0.4185006892650045,0.4912119309766221
40,61,0.4190221484309466,0.47831748117192474
40,62,0.4190842773407937,0.4654187961843679
40,63,0.4187435448927315,0.4524099783964758
40,64,0.41812580544263256,0.4391550871979607
40,65,0.4173309759510438,0.42571929597870606
40,66,0.41634620786204474,0.4120119151783106
40,67,0.4150859017920286,0.3979081489072436
40,68,0.41348849621853634,0.38364675633620693
40,69,0.4114895820521523,0.36943132503195597
40,70,0.40899925281651267,0.3552993946047397
40,71,0.4059625901002181,0.3412896094778487
40,72,0.4023712300286736,0.3273895189113023
40,73,0.398291240257386,0.3137533836023708
40,74,0.39381000688226636,0.30062862645700505
40,75,0.38891070427571584,0.28789070100717407
40,76,0.38359864768126084,0.2753109533057556
40,77,0.3778934766779823,0.26269204518791556
40,78,0.37181437846756415,0.24990642690719767
40,79,0.36549896826198075,0.2371245314984176
40,80,0.3590349717925821,0.22444000364075534
40,81,0.35238538662469726,0.2118329429782263
40,82,0.34548949503893933,0.19933502610697018
40,83,0.33830758569955444,0.18695243603276224
40,84,0.3308132540865635,0.17470222919585965
40,85,0.322966237466849,0.16262690082068076
40,86,0.3148273141234682,0.15090251423851586
40,87,0.3065150369958092,0.13971251899871884
40,88,0.2980219801082216,0.12900001403581052
40,89,0.28932761758780323,0.11866975150906067
40,90,0.2804059091867187,0.10861461176595066
40,91,0.27120910086226907,0.09869299741454074
40,92,0.2617669297349678,0.08884656731707596
40,93,0.2521567058430876,0.07905887255000688
40,94,0.2424775551531227,0.06929869569951852
40,95,0.23284539630514023,0.05946220124558188
40,96,0.2238779783984114,0.04989357248229398
40,97,0.2171759032444534,0.0420828123176088
40,98,0.21328627249500265,0.03672420027446133
40,99,0.21081944302439687,0.032511508953524504
40,100,0.2087791461706362,0.028523853275627453
40,101,0.20692432430179006,0.024661609310383414
40,102,0.20502042125920245,0.020740874420405953
40,103,0.20292979694367913,0.016898740939077395
40,104,0.20052806044024907,0.013321608300734589
40,105,0.197095243434877,0.009606632142256766
40,106,0.19141963585527833,0.005711635279926797
40,107,0.1834619029133761,0.00260376580530719
40,108,0.17426672620276623,0.0008607724637654801
40,109,0.1644863341702075,0.00016089932013174657
40,110,0.1544307499098828,0.0
40,111,0.14434538587570298,3.8782990773089665e-05
40,112,0.13431531162687854,0.00013664126007739696
40,113,0.1243386030892681,0.00024997838150420115
40,114,0.11439047347016433,0.00036962030591536355
40,115,0.10415428331899546,0.0004847945241646112
40,116,0.09335377558567202,0.0005982052177410102
40,117,0.08228688558893257,0.0007131639505931764
40,118,0.07120584052942563,0.0008268073780784979
40,119,0.060070748649668895,0.0009409129986445164
40,120,0.04888367601918134,0.0010553761093146097
40,121,0.037669349652737154,0.0011699719001357911
40,122,0.026434396013874446,0.0012845948524576878
40,123,0.015175231885937336,0.0013992630098403902
40,124,0.004062286546048187,0.0015120856934497384
40,125,-0.00673309303183247,0.001621191609749828
40,126,-0.017516219715231724,0.0017299473500463902
40,127,-0.02857791126096477,0.0018415915705185526
40,128,-0.039717255166785356,0.0019541840531819288
40,129,-0.050697032047193065,0.002065560576975156
40,130,-0.06152487865871963,0.002175897723396214
40,131,-0.07229240666045363,0.0022859196862917708
40,132,-0.08304275186870497,0.00239600284459629
40,133,-0.09378581014503896,0.002506517276353537
40,134,-0.10452677635962382,0.002617761775425831
40,135,-0.11506641148012318,0.0027284192700198773
40,136,-0.12520282412111147,0.0028383920623039627
40,137,-0.13515901923235032,0.002949099666065158
40,138,-0.1451627688801968,0.0030663448645069646
40,139,-0.15520164218921773,0.0032086617842602694
40,140,-0.16522569692802758,0.003447319298523488
40,141,-0.17513400041254112,0.003999438503572206
40,142,-0.18472298309722487,0.005244343737954016
40,143,-0.1936812943068029,0.007653957927666433
40,144,-0.20145943675394443,0.011411216111207656
40,145,-0.20721656635641084,0.015830582491969558
40,146,-0.21091218904558157,0.020105104370399585
40,147,-0.21351694605765137,0.024296616966692608
40,148,-0.21571648383912667,0.028638121735546584
40,149,-0.2177836098026801,0.033056581541847985
40,150,-0.21995903892863988,0.037572812917376464
40,151,-0.22242303302620312,0.0422712247281859
40,152,-0.2253354268838385,0.047197414410163896
40,153,-0.22888527242945078,0.05236659033749047
40,154,-0.23431542599282174,0.058937260367367794
40,155,-0.24254066682307715,0.0678662570714047
40,156,-0.2520578597709894,0.07771694135265161
40,157,-0.26154791960897567,0.08740799255745513
40,158,-0.27090932768489995,0.0971257073707743
40,159,-0.2800425369727588,0.10693312501548813
40,160,-0.2889093714252128,0.11687945629520669
40,161,-0.29750596461463646,0.12701918852666993
40,162,-0.3058222397637178,0.13739893697015848
40,163,-0.31374056773306136,0.14790117737845254
40,164,-0.3211233078253149,0.15832395771050278
40,165,-0.3280744260983186,0.16875859794063075
40,166,-0.33474901190893036,0.17936158915776002
40,167,-0.34117822229335054,0.19011893056197637
40,168,-0.3473673243375557,0.20098391607559152
40,169,-0.3533349435390243,0.21196200200759774
40,170,-0.35919590566187465,0.22327915605797133
40,171,-0.3650778108438492,0.2351088682487792
40,172,-0.37094956199996676,0.2472748280346002
40,173,-0.3767264556290112,0.2596074650600664
40,174,-0.3823308632654985,0.2720307191005693
40,175,-0.3876692210032549,0.28451178059290805
40,176,-0.39265934745713815,0.297117232113588
40,177,-0.39723272258707126,0.3099201875918569
40,178,-0.40134252480275556,0.32292966938431744
40,179,-0.40494322525639365,0.33605738365220705
40,180,-0.40800367571731955,0.34917499075035785
40,181,-0.41054096467251733,0.3622373166502849
40,182,-0.4126074330805843,0.37528410673793755
40,183,-0.41427555602066785,0.3883211744378844
40,184,-0.4156210810915139,0.40133561181352173
40,185,-0.4166942308562359,0.4143507455714599
40,186,-0.41752900832313095,0.427361661346518
40,187,-0.4181555850220878,0.440285436458834
40,188,-0.4185651963553975,0.4529292396286775
40,189,-0.41869077325593446,0.4652260480257808
40,190,-0.41844914561614643,0.4773670247511548
40,191,-0.4178109081218822,0.48945225980712226
40,192,-0.4168374845420962,0.5014770442763865
40,193,-0.41561944734203843,0.513471914873823
40,194,-0.4141472648673184,0.5255811379588589
40,195,-0.41229737640412084,0.5379386672388746
40,196,-0.40993795425527807,0.5504276628985605
40,197,-0.4069856841743197,0.5629467188908464
40,198,-0.40343708050248256,0.5754623387230362
40,199,-0.3993536667026096,0.5878658471447833
40,200,-0.3947552013689348,0.6000929251067049
40,201,-0.38956039834160233,0.6121194396996406
40,202,-0.3836685107590172,0.623870068696658
40,203,-0.3767873648193943,0.6356226711640115
40,204,-0.3687317924205993,0.6476837470279937
40,205,-0.3599182860214939,0.6596836404561144
40,206,-0.35072092578184316,0.6713090606752194
40,207,-0.3411868202459519,0.6826115661741627
40,208,-0.3314022439160756,0.6935958585453984
40,209,-0.32144022284064006,0.7042713189188885
40,210,-0.3112472034422024,0.7147578689448161
40,211,-0.3007455821454023,0.7251146024428292
40,212,-0.2898863992110311,0.7351881556649016
40,213,-0.27848118865608834,0.7448475893452768
40,214,-0.26632779273173063,0.7540501566182043
40,215,-0.2534904983011406,0.7627151042981517
40,216,-0.2401824093449945,0.7710266424001941
40,217,-0.22690307837059961,0.7795121864548398
40,218,-0.21447517028690646,0.7885585966682583
40,219,-0.20330476762838637,0.798327316856853
40,220,-0.19394032155323565,0.8080890002098975
40,221,-0.1868356074176162,0.8168590059035647
40,222,-0.18108112360839354,0.8251566589899033
40,223,-0.17596720194758142,0.8339025780185225
40,224,-0.17161444773272924,0.8434603701175439
40,225,-0.16805201634560873,0.8538541339364065
40,226,-0.16520292483985774,0.8650283164705737
40,227,-0.16315192106883608,0.8767019729800731
40,228,-0.161993170810792,0.8887210959335574
40,229,-0.1614749495584768,0.901549354151663
40,230,-0.161438158466889,0.914986878757559
40,231,-0.16212502912850607,0.9288908311843148
40,232,-0.164115495018063,0.9434475509187118
40,233,-0.16774319133137955,0.9575762454690531
40,234,-0.17224607394103875,0.9700808488342565
40,235,-0.17579108150964284,0.980714766171429
40,236,-0.175489424314187,0.9895458177877824
40,237,-0.16917955652673522,0.995918195380718
40,238,-0.15789854476658988,0.9990523888269528
40,239,-0.14432399250465475,0.999893450156283
40,240,-0.13001006879365118,0.9999666501523738
40,241,-0.11534750107124916,0.9999049714401745
40,242,-0.10062426428308636,0.9998330690312227
40,243,-0.08604645160757458,0.9997614354471527
40,244,-0.07155203947898313,0.999689970851507
40,245,-0.05724126323519202,0.9996197812395358
40,246,-0.043272699851297135,0.9995521963177242
40,247,-0.029434658589345783,0.9994858314382647
40,248,-0.015527135977427985,0.9994192954971051
40,249,-0.001566696651595786,0.9993526315150333
41,0,-0.0003058813125870973,0.9999930379748265
41,1,0.017037462619396336,0.9999929316676806
41,2,0.0343867811455029,0.9999928263769872
41,3,0.051752738698740364,0.9999927194323884
41,4,0.06914347311969171,0.9999926021799723
41,5,0.08636959669515919,0.9999924690513085
41,6,0.10325572853065158,0.9999923330746934
41,7,0.11971985094862408,0.9999922328413657
41,8,0.1356365650056849,0.9999922105221396
41,9,0.15124784769237182,0.999992192323812
41,10,0.16682465677433608,0.9999924424646203
41,11,0.18230836360828354,0.9999980310473301
41,12,0.19697184559016964,1.0
41,13,0.2082250161797164,0.9992321384268669
41,14,0.21112455456957593,0.9937227089153464
41,15,0.20333024313574696,0.9798999338569141
41,16,0.1896614598177436,0.9608071010140394
41,17,0.17706966091446213,0.9401841471179718
41,18,0.16870337575017894,0.9188589516404665
41,19,0.16426807920839667,0.8979375919820666
41,20,0.16206527736110354,0.8776329541797623
41,21,0.16068307194934717,0.8575556437791905
41,22,0.1598598098718736,0.8390212704509247
41,23,0.15973407405048298,0.8231025217557315
41,24,0.16022121990663196,0.8084800347833976
41,25,0.1611821490601407,0.794308750822096
41,26,0.16279534961984654,0.7807285297571387
41,27,0.16545918367063647,0.7676291651973448
41,28,0.1691972223338839,0.7554796741255014
41,29,0.17350357541681918,0.7448177359039205
41,30,0.17813538223339948,0.73519105108936
41,31,0.18329248978920626,0.7260592592804748
41,32,0.18925386822786391,0.7175039875433133
41,33,0.19625689499704987,0.7096658498496516
41,34,0.20435370203495587,0.7025704090795388
41,35,0.213332567061989,0.6961008369704075
41,36,0.22277828321548498,0.6900188936547385
41,37,0.23244322422931277,0.6839172742002857
41,38,0.24241110412957628,0.6772392280140751
41,39,0.25249124676512136,0.6697169689872464
41,40,0.26219742922041206,0.6614210604607054
41,41,0.27126529040297,0.652407116456128
41,42,0.2795778709150586,0.6427745835721403
41,43,0.2871573923189723,0.6326631731143038
41,44,0.294193341605155,0.6221869706575192
41,45,0.30085984577405656,0.6114762108981391
41,46,0.30729105222999636,0.6006287259250828
41,47,0.31338878700646644,0.5900681851420115
41,48,0.31892030146622763,0.580143006310142
41,49,0.3238643253564208,0.5704264789556036
41,50,0.32817847345892137,0.5604491663353197
41,51,0.3317849187102623,0.5501301876745177
41,52,0.33478888289725245,0.5395421818405399
41,53,0.33736872327088935,0.5287650361172422
41,54,0.33963793445448465,0.5178082061348686
41,55,0.3416269636606676,0.5066762831917712
41,56,0.34336474849380677,0.49539703195841733
41,57,0.3448993615681785,0.4840606224411732
41,58,0.3462602880953322,0.47273366149154594
41,59,0.34743899088137653,0.4614018357187958
41,60,0.3483952898822837,0.45003574204194574
41,61,0.34908352162177286,0.4386265819949431
41,62,0.3494790317558906,0.42718657612597666
41,63,0.3495861461748624,0.41548629009752036
41,64,0.34943322294704077,0.4032877629545347
41,65,0.3490558685971275,0.3908014435753492
41,66,0.34847852094631787,0.37827869021495075
41,67,0.34770275850282817,0.36579799154951154
41,68,0.34668917282406553,0.3533807325560915
41,69,0.34536554244284046,0.34101111420134966
41,70,0.343679724263705,0.32869833043969254
41,71,0.3416315664826192,0.3164530192222199
41,72,0.33921963639788844,0.3042698093883448
41,73,0.3363994638902385,0.2921558371555897
41,74,0.3331366816307099,0.28019200088942964
41,75,0.3294300324037664,0.2684389671030768
41,76,0.3252980792067689,0.256873873301926
41,77,0.32062847102915243,0.2451866020517427
41,78,0.31531312486836366,0.23313635901974294
41,79,0.30952870426267,0.22106999034193087
41,80,0.3034460416255083,0.2092048175747565
41,81,0.29710381618389653,0.19747511081319735
41,82,0.2905418194337793,0.18590202847031034
41,83,0.28376593211860807,0.1744673165777776
41,84,0.2767487164610967,0.16314317360305164
41,85,0.2694425627857368,0.1519287183460022
41,86,0.2619976535630195,0.1411028172040243
41,87,0.25462519549005863,0.1309722512935958
41,88,0.2471880753748457,0.12131368863760916
41,89,0.23951536468927054,0.11188641209892036
41,90,0.23155878551078543,0.10265663336749387
41,91,0.2232822094548232,0.09358770346203293
41,92,0.214736685918581,0.08469493895025137
41,93,0.20600513358940517,0.07595861047429664
41,94,0.19720729652111568,0.06726936564978159
41,95,0.18855362729617234,0.05840713541296605
41,96,0.1811931853079763,0.050036143617375295
41,97,0.17648059739977762,0.04342988875952947
41,98,0.17388034862154358,0.0382118598020168
41,99,0.17225891933062273,0.033392061138801776
41,100,0.17119541868225654,0.028841766881688158
41,101,0.17037585426621285,0.024456655051718124
41,102,0.16952812425809846,0.02002193185105905
41,103,0.16842080494185857,0.01576975888295462
41,104,0.1668443637814915,0.012012048430232736
41,105,0.16458474068967782,0.008585352729190365
41,106,0.1606264862663019,0.005359185370412467
41,107,0.15411592727901324,0.0026453371287784577
41,108,0.1459662147056637,0.000926079429755533
41,109,0.13719488560973084,0.00019021294756582652
41,110,0.12813930994577555,0.0
41,111,0.11907462673671101,1.605146128391688e-05
41,112,0.11008971862543344,9.430377209940222e-05
41,113,0.10116213042478694,0.00018825548185097407
41,114,0.09224936644149877,0.00029053852583926787
41,115,0.08332899178796395,0.00038880679160790965
41,116,0.0743969538789984,0.00048204087428849185
41,117,0.06544798412750356,0.0005751915506282401
41,118,0.05647078282994407,0.0006676812885898498
41,119,0.04744543167639474,0.0007606437730456328
41,120,0.038373918248896646,0.0008539417054905796
41,121,0.029278260829263054,0.0009473680057381362
41,122,0.020164385271001256,0.0010408280273893622
41,123,0.01102937839355572,0.0011343339087106497
41,124,0.0019336249545999146,0.0012271536352680412
41,125,-0.00706304052069657,0.001318588921582875
41,126,-0.016007762680942905,0.001409292383517502
41,127,-0.024945966160665634,0.0014998601895095387
41,128,-0.033823379988910975,0.0015896839211662073
41,129,-0.04251236292892339,0.0016776960247969486
41,130,-0.0510124780212588,0.0017642065072107638
41,131,-0.059446994955748185,0.001850366258134728
41,132,-0.06787214093900629,0.0019366903762528809
41,133,-0.0762926979572287,0.002023581583929457
41,134,-0.08470841960050779,0.0021116291592490066
41,135,-0.09323153411204016,0.0022033249042181513
41,136,-0.10196700820523422,0.002302702652642652
41,137,-0.11078986278496426,0.0024084481469679453
41,138,-0.11960081402821228,0.00252251778876611
41,139,-0.1284159168200883,0.0026613694854314973
41,140,-0.13721104870789938,0.0028987866284333474
41,141,-0.14589775621153786,0.003453042330985978
41,142,-0.1542960220862511,0.004641880540365406
41,143,-0.16210145090342035,0.006820329786328516
41,144,-0.16844583048011252,0.009847653049476768
41,145,-0.1725446538323,0.013171172944507203
41,146,-0.1749907632981165,0.01674382651697759
41,147,-0.17659078118794452,0.02074441306505126
41,148,-0.17759503623651776,0.02514959477422951
41,149,-0.17834370157018062,0.029752246060168908
41,150,-0.17914990150405702,0.034442022164469566
41,151,-0.18022693024919104,0.03930083800567119
41,152,-0.1818745044856591,0.04452938392448391
41,153,-0.18450548552880897,0.050262579613293834
41,154,-0.18915677243259418,0.0571520847378042
41,155,-0.1963650470848065,0.06558945190523202
41,156,-0.20481786918897474,0.07442077927519553
41,157,-0.21337289412578003,0.08300144631111517
41,158,-0.2218319409637461,0.09163728899750456
41,159,-0.230070322014097,0.10046195924410062
41,160,-0.23802927106114533,0.10950891363528892
41,161,-0.24566978082725602,0.11874532011057248
41,162,-0.2529743875543063,0.1281323115450349
41,163,-0.25997656950195774,0.13766579588777683
41,164,-0.26670124548778673,0.14731034941671217
41,165,-0.2731670859955468,0.15704494531603352
41,166,-0.2794133270297991,0.16688897210451992
41,167,-0.2854568386754029,0.17682825393857027
41,168,-0.291297022147925,0.1868291605543808
41,169,-0.2969555299271462,0.19692232829353162
41,170,-0.3024577508601271,0.2072022206521077
41,171,-0.3077980380112119,0.2176963068148451
41,172,-0.3129455270060437,0.2283807552926651
41,173,-0.31785465465717916,0.2392473221626641
41,174,-0.3224596047587021,0.2502394780169459
41,175,-0.3267070760989769,0.2613266376347414
41,176,-0.3305722559727639,0.2725609853493096
41,177,-0.3340308527951488,0.2840199069480306
41,178,-0.33706121736488287,0.29574194036308477
41,179,-0.3396611954617178,0.30761140257180786
41,180,-0.34186437507757067,0.3194537546443783
41,181,-0.343712789415008,0.3312775103046147
41,182,-0.3452070548177423,0.3431651880531289
41,183,-0.34634852885433837,0.35509847391371185
41,184,-0.3471864629003891,0.3670437369464392
41,185,-0.3477877111679787,0.3790147945569706
41,186,-0.34820094737436064,0.39100578296847566
41,187,-0.3484397700637783,0.4028786548014601
41,188,-0.3484912448653676,0.4145344652179992
41,189,-0.34832881896817386,0.426108104357805
41,190,-0.3479088053220467,0.4376877742624141
41,191,-0.3471921762404694,0.44922535525455054
41,192,-0.3461772588087836,0.4607151779242519
41,193,-0.3448983412797061,0.47217276737150893
41,194,-0.3434029115590629,0.4835683350103236
41,195,-0.3417252651953521,0.4948690041856826
41,196,-0.3398678290359214,0.5060958444646153
41,197,-0.33781573530499176,0.5172617352635058
41,198,-0.33556163067145356,0.528349298446043
41,199,-0.33306553617706247,0.5393285469456195
41,200,-0.3301718628367688,0.5501468543353613
41,201,-0.32663428883365747,0.5607345030571558
41,202,-0.3223020965581694,0.5710292122129391
41,203,-0.3170651011244961,0.5813598720238913
41,204,-0.31098097286731013,0.5921083931942192
41,205,-0.30446712104773827,0.6030245106013035
41,206,-0.2977759965038251,0.613841066239124
41,207,-0.29084551139081893,0.6245484531853482
41,208,-0.2835962243155134,0.635059443355118
41,209,-0.2758913030695974,0.645261898233529
41,210,-0.26755331970171703,0.6550296181127999
41,211,-0.2585074532273201,0.6642025443156729
41,212,-0.24874866941492016,0.6726898810657896
41,213,-0.23834326730816394,0.68049006668786
41,214,-0.22746099059790248,0.6876859841945374
41,215,-0.21630049110970545,0.6945103001831192
41,216,-0.20499524241002653,0.7015721981286687
41,217,-0.1939998247168634,0.7096705012313278
41,218,-0.18426940356860416,0.7190709814649696
41,219,-0.17621655952511675,0.7295942477756718
41,220,-0.16952753660324657,0.7408134446739378
41,221,-0.16388843267774214,0.7522480103025566
41,222,-0.15920048459506356,0.763864276441332
41,223,-0.1556005943334063,0.7762728929796396
41,224,-0.15313413130375525,0.7899488142341108
41,225,-0.15155363844767902,0.8043178208362709
41,226,-0.15053080113216985,0.8189933266866378
41,227,-0.14995836776446717,0.8340846412886336
41,228,-0.14998137108767678,0.8503912578019328
41,229,-0.1506360248044111,0.8688038553203773
41,230,-0.15189288337079332,0.8882093728219805
41,231,-0.1544442385280105,0.9083503801271223
41,232,-0.1600253652914266,0.9299694816475634
41,233,-0.16953219024795502,0.9508293001379826
41,234,-0.18118686702605635,0.9686276008526181
41,235,-0.19059653700019583,0.9829730225264072
41,236,-0.192816433546732,0.992793681762408
41,237,-0.1865136984797976,0.9977978448038307
41,238,-0.17458516071667873,0.9994977320124433
41,239,-0.16061707513154433,0.9997628877227863
41,240,-0.1460867115722721,0.9997759994960779
41,241,-0.13101532409951935,0.9997765365544071
41,242,-0.11583837971089486,0.9997765859451978
41,243,-0.10097201658829556,0.9997766368596749
41,244,-0.08626348288280225,0.9997766525164219
41,245,-0.07154791767250944,0.999776591553846
41,246,-0.05684127691532883,0.9997764816088393
41,247,-0.04214708420595474,0.9997763582947964
41,248,-0.02746146290625512,0.9997762318515528
41,249,-0.012777543001769691,0.9997761054546486
42,0,-0.0055066381347343325,0.9999591714130502
42,1,0.009236202270240735,0.9999588640590762
42,2,0.02397736823618107,0.9999585523192694
42,3,0.0387300220736485,0.9999582365343616
42,4,0.05350197074334729,0.999957912655357
42,5,0.06826905981102721,0.9999575759478911
42,6,0.08302653776939713,0.9999572361951687
42,7,0.09743530415477594,0.999956930672156
42,8,0.11111755026169949,0.9999566948733781
42,9,0.12441999925355829,0.9999563969522518
42,10,0.1377185754981887,0.9999558888257938
42,11,0.1509996800362325,0.9999577420841814
42,12,0.16367721564165935,1.0
42,13,0.17343882392666476,0.9993324924796662
42,14,0.17690847803525772,0.9936473032483286
42,15,0.1729294285886476,0.9794320918201206
42,16,0.1641710658429229,0.9607369407213681
42,17,0.15529948783630487,0.941916181679098
42,18,0.1494422797089563,0.9227699724401383
42,19,0.14701579229938658,0.9030762311578581
42,20,0.14694652741540207,0.8833861896397135
42,21,0.14768826625047815,0.8640402034539926
42,22,0.14845142213947843,0.8457881601118993
42,23,0.14938040130869673,0.8290232070756491
42,24,0.1505914368219994,0.8133564958671039
42,25,0.15195394991987798,0.7989103081898931
42,26,0.1537656149629377,0.7854502420479331
42,27,0.15670762348145598,0.772545746172085
42,28,0.16081008448720896,0.7605845655920137
42,29,0.16507976892991652,0.7500627697831063
42,30,0.1688448067680852,0.7406236881677482
42,31,0.17241426315993263,0.7315384289765197
42,32,0.17642805649623297,0.7227187107215591
42,33,0.18147523619943862,0.7144349096687492
42,34,0.18784998832318126,0.706898244966099
42,35,0.19539170074788761,0.700121983641517
42,36,0.2036045989089957,0.6938997454153666
42,37,0.21200239747108374,0.6879174242419335
42,38,0.22034105215085142,0.6818654829980002
42,39,0.22846738419105203,0.6755479201865211
42,40,0.23624501550936097,0.6688329895840261
42,41,0.24356802929407706,0.6616171150618244
42,42,0.2502982699260398,0.6539169623337993
42,43,0.2563878588790174,0.6457890339328876
42,44,0.26191794426614967,0.6372918486874173
42,45,0.26701607690864676,0.6285387588582074
42,46,0.27190837027281933,0.6197022541450852
42,47,0.2768847144494328,0.6109896365845415
42,48,0.2819755512526245,0.6024103731062077
42,49,0.28671262534389647,0.5937471998088972
42,50,0.2905083872446702,0.5847504022312124
42,51,0.2931898279389474,0.5753041081167443
42,52,0.2950775068992958,0.5655427202184136
42,53,0.2966898387524552,0.5556474065611514
42,54,0.29834633899415486,0.5456605462975164
42,55,0.3000398282457214,0.5355508450424487
42,56,0.3016483670857596,0.5253097166450067
42,57,0.30312946797455204,0.5149992526338778
42,58,0.3044962426190068,0.5046780493980874
42,59,0.305737245199569,0.4943424936612133
42,60,0.3067929349685227,0.4839724399290233
42,61,0.30757960293806524,0.4735611343596914
42,62,0.30804225289281933,0.4631146390452783
42,63,0.3081812347272935,0.45206399873886527
42,64,0.3080343178452689,0.43983180475827144
42,65,0.3076427418122527,0.4269668440391655
42,66,0.30702059816389726,0.4140653852853453
42,67,0.30615264826901634,0.4012102529813778
42,68,0.3049889537292826,0.38842784841204037
42,69,0.30344232061054394,0.3757002673386741
42,70,0.30145668852470575,0.36302957995125806
42,71,0.29906019372593273,0.35042849676040766
42,72,0.29626735865080855,0.337901405276524
42,73,0.29300994471196656,0.32546658301944364
42,74,0.28924020920657245,0.31320902414236473
42,75,0.2849831609177756,0.3011772256197819
42,76,0.28030341435167877,0.28930516659088046
42,77,0.27529281785695625,0.2775462347568496
42,78,0.2700389152539096,0.2659100008177322
42,79,0.26458637980388905,0.25438611658162424
42,80,0.25893432307974235,0.2429371490993376
42,81,0.253057949797323,0.23158519872399874
42,82,0.24692804297166193,0.22040444002620274
42,83,0.24050749161629958,0.20941191363546063
42,84,0.23375493073187942,0.19860280643994133
42,85,0.22665079163329824,0.1880130629347615
42,86,0.21919281866171267,0.17766565218137653
42,87,0.21140302388308285,0.16757504448244376
42,88,0.20333271793213936,0.15779405512380995
42,89,0.19499844619035114,0.14834266948817887
42,90,0.1862956952921511,0.13912810055071978
42,91,0.17713493871896116,0.13008704729455978
42,92,0.1676087553155447,0.12127756716260607
42,93,0.1578733503901154,0.11268957895365406
42,94,0.14813510854536655,0.10411094227170425
42,95,0.13882285995290344,0.09511514351815031
42,96,0.13075244762688087,0.08516837003988087
42,97,0.12527145201787426,0.07479043515653772
42,98,0.12308931569319383,0.06513174873197713
42,99,0.12340908156682322,0.05601935999871133
42,100,0.1251976926895053,0.04699762012800024
42,101,0.1277528528421092,0.03807507829359369
42,102,0.1304399858464738,0.02904608930254804
42,103,0.13247653084299207,0.020547670588464073
42,104,0.13312529218017843,0.013556588372799161
42,105,0.13209857845954814,0.00795988198471842
42,106,0.12904597252293568,0.0038268274636620303
42,107,0.12392984685909765,0.0014573488716826954
42,108,0.11743918522840573,0.00039952494873662925
42,109,0.11023391365805203,8.222431510562789e-05
42,110,0.10280847702631493,3.828011719064772e-05
42,111,0.09549530736475442,1.1312134833074694e-05
42,112,0.08835188542886205,0.0
42,113,0.08130903222920353,2.6229727237980782e-06
42,114,0.07429768693662786,1.830646375289291e-05
42,115,0.06730140640330241,3.901260229544068e-05
42,116,0.06026981342425279,6.160023121737357e-05
42,117,0.05315161134319086,8.723164891100144e-05
42,118,0.045972361741965735,0.00011363732222136047
42,119,0.03875103821936377,0.00014057844911152806
42,120,0.03148900821428561,0.0001677532194837017
42,121,0.024205935764793497,0.00019498760113845215
42,122,0.016907383027415762,0.00022220013412266315
42,123,0.009591892494522995,0.0002493920504620384
42,124,0.002315099825516116,0.00027634825052824663
42,125,-0.004867752242473167,0.00030288203353812104
42,126,-0.011998766901957315,0.00032916517537850964
42,127,-0.019120135222764817,0.00035531564335422594
42,128,-0.026238918710354806,0.0003814270869857417
42,129,-0.03322660863024314,0.0004071103229494888
42,130,-0.03995638234237361,0.00043184178517396976
42,131,-0.04654919150851186,0.00045606458824309914
42,132,-0.05312470312262344,0.00048048840057512976
42,133,-0.059691544413704826,0.000505866387213616
42,134,-0.06625554070406744,0.000533860942375064
42,135,-0.07282037287086221,0.0005666428427908432
42,136,-0.0793855999117687,0.0006084976948910192
42,137,-0.08594916050050101,0.0006615625495809407
42,138,-0.09252012688802529,0.0007257658546869772
42,139,-0.09910481643889883,0.0008034901939938388
42,140,-0.10569688297229766,0.0008997727190559468
42,141,-0.11225865876466329,0.0010833454280703148
42,142,-0.1186809969776602,0.0015166880049302112
42,143,-0.12459805521919746,0.0025372962623354534
42,144,-0.12959283456664672,0.004561580001816612
42,145,-0.13316449035361064,0.007944009608606084
42,146,-0.1348634350310592,0.012776325829928714
42,147,-0.13466956636186123,0.01923432773276157
42,148,-0.1328118367454379,0.027370497463644505
42,149,-0.1301186900301083,0.03621755873973409
42,150,-0.12749209100580935,0.04510225059563022
42,151,-0.12543802706202645,0.054100671048561644
42,152,-0.12474883175415925,0.06388503011924218
42,153,-0.1266124099248622,0.07494606908808399
42,154,-0.13166625547412056,0.08602556820550178
42,155,-0.13926273189232877,0.09593583542160877
42,156,-0.14821579871396354,0.10476659847346714
42,157,-0.1576719579967705,0.11305130609638492
42,158,-0.16717022891424865,0.12130061499853018
42,159,-0.17646865608716636,0.12976638358060566
42,160,-0.18547348743800338,0.13854161211295313
42,161,-0.19414622499945539,0.1476263152998739
42,162,-0.20246483656136516,0.15699185993397313
42,163,-0.21044114362793823,0.16661926499546487
42,164,-0.21807045656329568,0.17645440609087215
42,165,-0.22535278413474646,0.18648285312203583
42,166,-0.23231911939481603,0.19675560107536416
42,167,-0.23898061909406787,0.20727913940064668
42,168,-0.2453343807602234,0.21800481395315485
42,169,-0.2514080643799435,0.22892377594223123
42,170,-0.2572458621834945,0.24008587252028868
42,171,-0.26288077815640665,0.2514785722175016
42,172,-0.2683351813486635,0.26304220426335323
42,173,-0.2736005482214898,0.27474368907859437
42,174,-0.27862551927525814,0.2865294005840887
42,175,-0.28334342046132566,0.2983875490287117
42,176,-0.2876710800160098,0.31036613846154504
42,177,-0.29151945364197024,0.3225007442484643
42,178,-0.2948452330301122,0.3347888308978991
42,179,-0.29764163716794956,0.3469512155598081
42,180,-0.29996339649530807,0.3586863088731588
42,181,-0.3019037827486875,0.370209845385451
42,182,-0.3034666498992325,0.3817915227949714
42,183,-0.30465205554340735,0.39341428327500505
42,184,-0.3055462030058525,0.4050418908678888
42,185,-0.3062234851135973,0.4166899099919936
42,186,-0.30670943448946786,0.42835153282525495
42,187,-0.307005212134634,0.4397326323547399
42,188,-0.3071031878441371,0.4505763874243639
42,189,-0.30697923096240587,0.46116193586062415
42,190,-0.30657041339715607,0.4717326856140376
42,191,-0.3058236935286549,0.4822598617063494
42,192,-0.30476447601491696,0.49275354739157473
42,193,-0.30347686761598863,0.5032314098991082
42,194,-0.3020367843703744,0.51368616857483
42,195,-0.3004691227720055,0.5241066823415941
42,196,-0.29875448647513814,0.534489540736405
42,197,-0.2969180871937274,0.5448138022975033
42,198,-0.2950995021110948,0.5550749876578793
42,199,-0.29338284591863223,0.5653085533422625
42,200,-0.29150790662985654,0.5754638866690931
42,201,-0.28889279337983476,0.585345410030691
42,202,-0.28508829983839934,0.5947683480045867
42,203,-0.2802117122500485,0.6037485228584462
42,204,-0.2748666931955987,0.6125223486762315
42,205,-0.26960059405283904,0.6213468993548261
42,206,-0.2644731319973453,0.6302778033779375
42,207,-0.25919919593098434,0.6391801311595855
42,208,-0.2535216439618638,0.6478539377967967
42,209,-0.2472771702658354,0.6561527615209779
42,210,-0.24038486891046137,0.6639890296728457
42,211,-0.23289728164853782,0.6712910800778669
42,212,-0.22492717270100968,0.6780737199020481
42,213,-0.2166057976461983,0.6844342842155522
42,214,-0.2080642234729006,0.6905223855652616
42,215,-0.19942707652973274,0.6965416252117548
42,216,-0.19055347258266034,0.7032641764655104
42,217,-0.18178933081963625,0.7117486269539951
42,218,-0.17448559345976153,0.7219714898320087
42,219,-0.1690185379227325,0.7331643618228643
42,220,-0.164333909094155,0.7447399142013681
42,221,-0.1595900555854895,0.756418615144643
42,222,-0.15496211297421475,0.7682523822056185
42,223,-0.15126158522070463,0.78084018441666
42,224,-0.14882576408435044,0.7946496362650637
42,225,-0.1471949601228004,0.8091265017387281
42,226,-0.1458178408780731,0.8241804947695639
42,227,-0.1446199568172514,0.8401969261742521
42,228,-0.1437056972989596,0.8573168929565275
42,229,-0.1428899543139129,0.8758268591186134
42,230,-0.14236188754922383,0.8952132279528539
42,231,-0.14332405166670914,0.914752427267097
42,232,-0.14766900474837716,0.934513524443661
42,233,-0.15524959166776262,0.9528048550901732
42,234,-0.1630202053387628,0.9675061030338581
42,235,-0.1684823988907439,0.9800787765995417
42,236,-0.16934273910401296,0.9908207281872584
42,237,-0.16352723961857699,0.9972674663938011
42,238,-0.15281736341387714,0.9994521732969888
42,239,-0.1409313195920088,0.9997519610861755
42,240,-0.1288887594568688,0.9997557103447864
42,241,-0.11621670345954413,0.9997559532948157
42,242,-0.10321808171666277,0.9997558089493378
42,243,-0.09019974895127773,0.9997556387341872
42,244,-0.07719868372007888,0.9997554375456705
42,245,-0.06424012689097194,0.9997551697793295
42,246,-0.05131028595354219,0.9997548585688953
42,247,-0.03839526795867599,0.9997545371978487
42,248,-0.025484955359510685,0.9997542176402371
42,249,-0.012574759204461597,0.9997539003622965
43,0,-0.004978845695207994,0.9998897520544673
43,1,0.009621279122810834,0.9998896224823733
43,2,0.024231798731451693,0.9998894978058359
43,3,0.038859835365120124,0.9998893739128442
43,4,0.05351288895461587,0.9998892405126918
43,5,0.06817249223039709,0.999889091454235
43,6,0.08282940455110101,0.9998889387334989
43,7,0.09711319446452826,0.9998888212118414
43,8,0.11061943376292971,0.9998887906187514
43,9,0.12373014037724123,0.999888858928788
43,10,0.13684923887958542,0.9998897512238684
43,11,0.14995796434428174,0.9999012125281808
43,12,0.16250618941538347,1.0000000000000002
43,13,0.17226121018790522,0.9994883010355536
43,14,0.17587399914335333,0.9938754494876211
43,15,0.17218214363211398,0.9793950756312092
43,16,0.1637212433743163,0.9602373487191177
43,17,0.1549721535871556,0.9409464496197861
43,18,0.14911792892375728,0.9212840042002781
43,19,0.1467625504970572,0.90101956414101
43,20,0.1468551026301252,0.8807572441070188
43,21,0.14770916839122553,0.8608483080594187
43,22,0.14847381240116342,0.8420785577205974
43,23,0.14933303676506993,0.8248798427945587
43,24,0.15042021169032374,0.8088659220636752
43,25,0.15158818983148026,0.7941681607500661
43,26,0.15316955099981788,0.7804762507637583
43,27,0.15592395953128368,0.7673196640049991
43,28,0.15988653921297435,0.7551760399134041
43,29,0.16396850132949306,0.744594319175331
43,30,0.16744218811241882,0.735150740552912
43,31,0.17064731190200935,0.7260453208790137
43,32,0.17427487919201107,0.7172152980256163
43,33,0.17895982241729075,0.7089841204830465
43,34,0.18503540509812302,0.7015666306073578
43,35,0.1923517376621684,0.6949485875331138
43,36,0.20039462733542723,0.6888997221824139
43,37,0.20866051293815638,0.6830904910471349
43,38,0.21689542150281177,0.677212104269701
43,39,0.22493165285211636,0.6710787256530133
43,40,0.2326191212687898,0.6645559344728456
43,41,0.23984508628798867,0.6575206686250858
43,42,0.2464594604819644,0.6499776672131068
43,43,0.252406646077887,0.6419835351122842
43,44,0.2577754057870612,0.6336033015631143
43,45,0.262710525443484,0.6249666164551155
43,46,0.267472116102878,0.6162594827634175
43,47,0.27238519675054534,0.6076974581576474
43,48,0.2774739891793241,0.5992983798448958
43,49,0.2822202388330096,0.590836391418476
43,50,0.28597932152501365,0.582035571778115
43,51,0.28855061280430094,0.5727594986337592
43,52,0.2902763395435262,0.5631435129084698
43,53,0.2917265870441237,0.5533910479005069
43,54,0.29325965908665963,0.5435523840343672
43,55,0.2948732603753818,0.5335851089959041
43,56,0.29643228868595956,0.5234993391540925
43,57,0.29788793914140566,0.5133743770874472
43,58,0.29924885772706367,0.5032509638786886
43,59,0.3004910099093969,0.4931147637743625
43,60,0.30154695188662545,0.4829469536763724
43,61,0.3023331869272308,0.47274237065874103
43,62,0.302796098164099,0.46251332996544137
43,63,0.3029368065012627,0.45164608624788605
43,64,0.3027926877764888,0.4395108998863494
43,65,0.302405622727764,0.4267029129084683
43,66,0.30179309394172893,0.41386333544322484
43,67,0.3009398685199619,0.4010654201693339
43,68,0.2997867352538836,0.38832530041738245
43,69,0.2982379011905308,0.3756314123499458
43,70,0.296244191602994,0.36299967748816986
43,71,0.29385103319764627,0.3504350325366228
43,72,0.29107542060022346,0.3379313331569357
43,73,0.2878308247140206,0.3255140016548813
43,74,0.28405435149362884,0.3132816252552767
43,75,0.2797693012372654,0.30128548712204084
43,76,0.27504693597787677,0.2894490362456823
43,77,0.26998941217102496,0.27771711321823067
43,78,0.2646989493388428,0.2661113049866166
43,79,0.2592333184606239,0.25463255449177136
43,80,0.25359359589933345,0.24323460585721723
43,81,0.247749690693741,0.2319355681400701
43,82,0.24166285443233104,0.22081087879716255
43,83,0.23528906818095566,0.20987438672711745
43,84,0.22858692251484825,0.19911989206814562
43,85,0.22153679459087183,0.18858492292033868
43,86,0.21413500462911209,0.17829723864271918
43,87,0.2064040138389158,0.1682741013511061
43,88,0.19839520591860363,0.15856469124681405
43,89,0.19012226773220295,0.14918752944793445
43,90,0.18147395386980938,0.14004861733053509
43,91,0.17235756299882304,0.1310787980132787
43,92,0.16286169726003993,0.12232548902148699
43,93,0.15313399571696454,0.11376823031938976
43,94,0.1433935901176957,0.10520050116561142
43,95,0.13409308093462466,0.09619983837240076
43,96,0.1260437186997949,0.08619568411936551
43,97,0.1205887967782576,0.0756912227275297
43,98,0.11844197280444832,0.06587516070014965
43,99,0.11878161032163519,0.05657812986277144
43,100,0.1205732742911383,0.04733481997586508
43,101,0.12314594236968868,0.03817481082148455
43,102,0.12588897190919335,0.0289041310490471
43,103,0.12800675398791378,0.020221202946028027
43,104,0.12873553033028198,0.013165969218877582
43,105,0.12782096272209267,0.007576464387028303
43,106,0.12493285984485515,0.0034865986104144486
43,107,0.12000672617634432,0.0011937226123708289
43,108,0.1137146154960691,0.00022327339997374462
43,109,0.10669988988490672,0.0
43,110,0.09945644871428322,4.1916852669410254e-05
43,111,0.09233613407090296,8.372441103698947e-05
43,112,0.08540341838935772,0.00013106400683970953
43,113,0.07858215433154032,0.00018332066590998064
43,114,0.0717937255155089,0.00023689116130265475
43,115,0.06502254080583107,0.0002802951950308108
43,116,0.05821971065557553,0.00031474527466823776
43,117,0.05132445614160788,0.0003471861423365308
43,118,0.04436289833362595,0.0003781863248517592
43,119,0.03736138657814436,0.0004092378552208453
43,120,0.03032107271914745,0.0004403985486552964
43,121,0.02326025767876675,0.00047159625113757375
43,122,0.01618360149754148,0.0005027768494526574
43,123,0.009087738073563702,0.0005339511165971533
43,124,0.002019592495516914,0.000564862308096048
43,125,-0.004974382050248428,0.0005952749663259427
43,126,-0.011931410917199936,0.0006254051773260105
43,127,-0.01888539887340584,0.0006554141464665264
43,128,-0.025842403839278095,0.0006854032168324142
43,129,-0.032662530233986325,0.0007149011440091835
43,130,-0.039205481075973866,0.0007432835082962219
43,131,-0.04560225672962856,0.0007710658601782772
43,132,-0.051984044966422505,0.0007988310232228679
43,133,-0.05835932838654311,0.000826673365046604
43,134,-0.06473001665744953,0.0008543158960406805
43,135,-0.07109565373863697,0.0008817780282902588
43,136,-0.07745236913509752,0.0009097773745545545
43,137,-0.0837921307451617,0.0009365733615216421
43,138,-0.09012806859882205,0.000963329395254009
43,139,-0.09647791652232252,0.0009952118249508812
43,140,-0.10284334271817654,0.0010350836031258748
43,141,-0.10919057008176154,0.0011528170947339156
43,142,-0.1154059403542296,0.0015155596091672718
43,143,-0.12111891087201856,0.002469612281634004
43,144,-0.12592286523283983,0.0044353440298372515
43,145,-0.12932531933032593,0.007765310133590719
43,146,-0.13088281822067221,0.012551121604479909
43,147,-0.13057128858682532,0.019016287165817936
43,148,-0.12860853166470634,0.027274241116955755
43,149,-0.12584922806584878,0.036306542768659855
43,150,-0.12319532341125893,0.04537789166836559
43,151,-0.12110476474250328,0.054556290870773294
43,152,-0.12033795885030933,0.06454635240387319
43,153,-0.12210884682032111,0.07585725152547473
43,154,-0.12709454177147964,0.08713245556745974
43,155,-0.1346401535997064,0.09712307019224697
43,156,-0.14355445802915656,0.10596281537597108
43,157,-0.15297718863304202,0.11421764436493709
43,158,-0.16242874045213188,0.12240635954292356
43,159,-0.17167266430516323,0.13079573631976416
43,160,-0.18062777258353344,0.1394948656262346
43,161,-0.18925298164673843,0.1485149507835838
43,162,-0.1975210825541736,0.15782983654265947
43,163,-0.20544655294388317,0.16741378264776585
43,164,-0.2130279592391992,0.17721027056258376
43,165,-0.22026211285808583,0.18720574790675115
43,166,-0.2271787788352407,0.1974475977353668
43,167,-0.23379136376495763,0.2079372309912132
43,168,-0.24009594201168827,0.21862440298057273
43,169,-0.24612034178450848,0.22950206343690183
43,170,-0.251917877195028,0.2406252722623312
43,171,-0.25753248044363747,0.2519838697240181
43,172,-0.2629910124117631,0.2635222368453479
43,173,-0.2682854881689245,0.27522057107480735
43,174,-0.2733558335781611,0.28702372142769084
43,175,-0.2781183772190345,0.29890659079583837
43,176,-0.28247622794748967,0.3109155674721562
43,177,-0.2863316573802183,0.3230901400595908
43,178,-0.2896398754088092,0.33542723328623003
43,179,-0.29240278282010707,0.34760950015378045
43,180,-0.29469440796804164,0.35929569456014443
43,181,-0.2966210189776276,0.3707295907685281
43,182,-0.29817366307300514,0.3822158149551458
43,183,-0.2993387183404145,0.39374170490145055
43,184,-0.30020653643358497,0.40526668872092886
43,185,-0.3008576756817048,0.4168007018411649
43,186,-0.30131929163857446,0.4283406055320259
43,187,-0.3015949839179423,0.43957259947673566
43,188,-0.30168325266125784,0.4502233157282759
43,189,-0.3015632662423444,0.46060693130996766
43,190,-0.30116487326942726,0.470990290339496
43,191,-0.3004234216280356,0.48132627658625926
43,192,-0.2993590904278607,0.4916100034950621
43,193,-0.2980631638048742,0.501864779720142
43,194,-0.29662954226470045,0.5120896851358501
43,195,-0.29509644396727946,0.5222771018186093
43,196,-0.29344585291512393,0.5324307096503336
43,197,-0.2917030569223878,0.5425403061060305
43,198,-0.2900134719718305,0.5526109372345395
43,199,-0.28846173496741734,0.5626673602468861
43,200,-0.28676369890958553,0.5726364746325886
43,201,-0.28429504908562225,0.5823093388023821
43,202,-0.2805758417062299,0.5915061925896361
43,203,-0.2757319732577,0.6002612042547355
43,204,-0.27042157257168176,0.6088284521603082
43,205,-0.2652473758007601,0.6174821245932922
43,206,-0.26027484215732966,0.6262823937531187
43,207,-0.2551830282355918,0.6350853988210532
43,208,-0.2496817394536506,0.6436735329759804
43,209,-0.24359272576254903,0.6518745124069707
43,210,-0.23682243658635754,0.6595917394836461
43,211,-0.22942318642445697,0.6667583390821654
43,212,-0.22152190426993296,0.6733973717913049
43,213,-0.21326405362102083,0.6796158392705378
43,214,-0.20479142875003978,0.6855610191372996
43,215,-0.19622921202127527,0.6914295100300579
43,216,-0.187409139508555,0.6980393273206036
43,217,-0.1787039428834275,0.706536665832913
43,218,-0.17157641864644965,0.7169221715354863
43,219,-0.16642097900991634,0.7283730010118747
43,220,-0.1620726911081955,0.7402152699511227
43,221,-0.15759573070375035,0.7521038744909998
43,222,-0.15317718200103864,0.7640813097102075
43,223,-0.14970831317209177,0.776848580982862
43,224,-0.14756200885408627,0.7909677764016829
43,225,-0.14622852384915647,0.8057786664574327
43,226,-0.14509337066890154,0.8211199301730021
43,227,-0.14406770497484908,0.837412764052866
43,228,-0.14325117994696193,0.8548225055925184
43,229,-0.1424210410664313,0.8736821104632233
43,230,-0.14176845972304739,0.8934570148352109
43,231,-0.14259207527853804,0.9133945427382183
43,232,-0.14685805854029044,0.9336019821853307
43,233,-0.15431627306198925,0.9522228320456646
43,234,-0.16178328915265805,0.9669814574505343
43,235,-0.16696177947355387,0.9795720233588764
43,236,-0.16781337193231663,0.9904378325608294
43,237,-0.16210857837612438,0.9969626791104629
43,238,-0.15150537877399403,0.9991324655859591
43,239,-0.13982142512888207,0.9994068042522662
43,240,-0.12805104605905807,0.9994024090216398
43,241,-0.11565466166755065,0.9994019359635333
43,242,-0.10294168075543227,0.9994019369176084
43,243,-0.09021624466130199,0.9994019617313431
43,244,-0.07749913492259557,0.9994019550316909
43,245,-0.06480959036357106,0.9994018771143323
43,246,-0.05213857950041659,0.9994017522395601
43,247,-0.03948139770828933,0.9994016124270779
43,248,-0.0268343281977883,0.9994014664899697
43,249,-0.014189825965016419,0.9994013189969378
44,0,-0.002931494927477522,0.9999283647418007
44,1,0.007229309672289847,0.9999360973416122
44,2,0.017398265935292426,0.999943831621165
44,3,0.02750368954433933,0.9999514606744724
44,4,0.037471151410387406,0.9999588690952149
44,5,0.04736245656700683,0.9999661590324845
44,6,0.057249181533968324,0.999973460382146
44,7,0.06705941412689781,0.9999808646006644
44,8,0.07670748794809873,0.9999884530287394
44,9,0.08625968982902685,0.9999959549213181
44,10,0.09567717610099444,1.0
44,11,0.10474884840628412,0.9999588291522741
44,12,0.11300513882333094,0.9993528180596667
44,13,0.11911867896496438,0.9964728102113358
44,14,0.11913860801080642,0.9882273892306866
44,15,0.11136620411043871,0.9739826316076802
44,16,0.10117918479318996,0.9563627982322531
44,17,0.09383811998420417,0.9365593354288061
44,18,0.08977264073055392,0.9152339594335896
44,19,0.08763896651891509,0.8932824587276691
44,20,0.08674549458831157,0.8709430435733432
44,21,0.08672017123825755,0.848923396128144
44,22,0.08698693047159255,0.8281828024150948
44,23,0.08730238853200242,0.8092313978135648
44,24,0.08787146010690439,0.7916653771233126
44,25,0.08888213886409359,0.7748016488330972
44,26,0.09036552663552412,0.7586009102503071
44,27,0.09227734831039475,0.7436214850793529
44,28,0.09450522217579883,0.7302969213484976
44,29,0.09696597946178097,0.7184004504633175
44,30,0.09982167455347643,0.707320723826933
44,31,0.10339275663249387,0.6967023058990449
44,32,0.10790454895721624,0.6865494890816464
44,33,0.11323754108609016,0.6772541499313389
44,34,0.11889139085716459,0.6693666616841949
44,35,0.12458020327829328,0.6627242969934743
44,36,0.13035599815239587,0.6567863536061731
44,37,0.13623318307063637,0.6512902146306523
44,38,0.14218993613971614,0.6461038733176578
44,39,0.14813842677255082,0.6411096446638046
44,40,0.15396692292146308,0.6361189671814514
44,41,0.15963856638034438,0.6309532180617622
44,42,0.16508632331381873,0.6254998478613604
44,43,0.17018875566379327,0.6196673572424038
44,44,0.17482653819172875,0.6134538170735828
44,45,0.17890430339299185,0.6068779133840869
44,46,0.18236777161234616,0.599940712228511
44,47,0.18520513712902797,0.5927141080933277
44,48,0.18741781736490237,0.5852462987042195
44,49,0.18904764576716931,0.577432565515898
44,50,0.19013680810028485,0.5689588308209517
44,51,0.19069159785173131,0.5597451912371132
44,52,0.19083069552519685,0.5500922880675978
44,53,0.1907139229741963,0.5400862229894487
44,54,0.19039205840431922,0.529724390136258
44,55,0.18989798082946668,0.5191360180351657
44,56,0.1893049997407447,0.5083590441977659
44,57,0.1886890587174624,0.49743562753928805
44,58,0.18809893133585417,0.48640078562153544
44,59,0.18753831140379096,0.4750201067911347
44,60,0.18700183178526456,0.46314043725684384
44,61,0.18648827357646722,0.45098337637808683
44,62,0.18595430492897286,0.4386734449310836
44,63,0.1853491035105615,0.4262242760472844
44,64,0.18466688588154054,0.41371566769423784
44,65,0.18391452115715498,0.4011318453088665
44,66,0.18308187432722092,0.38845262972297157
44,67,0.18215712490685806,0.37574463192351504
44,68,0.1811472411481377,0.3630385816952254
44,69,0.18006052653101168,0.3503528482069601
44,70,0.17886658636076952,0.33774880989971456
44,71,0.17755841898845592,0.32532179353515
44,72,0.17617494876678955,0.31318599398309355
44,73,0.17471247617270177,0.30132029965750884
44,74,0.17318972421568876,0.28969492855792733
44,75,0.1716832717020676,0.27834265082117415
44,76,0.17021002721444908,0.2672837850905039
44,77,0.16870716788663334,0.25653422385902525
44,78,0.16707857271713952,0.24597235424470232
44,79,0.1652498616337443,0.2355854999188174
44,80,0.16318173591447058,0.22547756633217286
44,81,0.16086071075686362,0.21580235944929427
44,82,0.15826206338067964,0.20670824257012355
44,83,0.1553074992117596,0.19794045767294843
44,84,0.15191907473058586,0.18927523628111542
44,85,0.14806841654093494,0.18081848303790593
44,86,0.14380600804507312,0.1727134406945211
44,87,0.13914646095643798,0.16495427815214503
44,88,0.13406714040441575,0.1574175528515629
44,89,0.12870457542602215,0.15010525225606564
44,90,0.12322951566310468,0.14299816841451107
44,91,0.11772321018337273,0.13593404962178235
44,92,0.11227636293766277,0.12873819950410337
44,93,0.10701436105303547,0.12125090467158128
44,94,0.10205242699974877,0.11315900173679261
44,95,0.09764680575036705,0.10427982930858759
44,96,0.09419601226345319,0.09477639489637646
44,97,0.0920290095692689,0.08453298040074397
44,98,0.09168573760607575,0.07342585601850338
44,99,0.0939661127050664,0.06182555667725398
44,100,0.09918860847361718,0.05053384751909895
44,101,0.10651385294626733,0.04022554386257826
44,102,0.11442433775761997,0.030405263255873782
44,103,0.1210177856141727,0.02084524008192712
44,104,0.12454398149490022,0.012752865326067009
44,105,0.12462518691971822,0.0070327104394326545
44,106,0.12188254503381787,0.0034910036882653817
44,107,0.11700995004454706,0.0015277269239273306
44,108,0.11072690965251167,0.0006548857592338919
44,109,0.10393507442551556,0.0003988021582854717
44,110,0.09724146318450815,0.00033282998098826955
44,111,0.09068232743328301,0.00030644567368376396
44,112,0.08415901436819136,0.00029968897143795026
44,113,0.07766464794214886,0.00030246803745359596
44,114,0.07120400567064696,0.00030848094359336997
44,115,0.0647734771851818,0.0003061860313436915
44,116,0.05836246003736268,0.0002958658499696565
44,117,0.05194358616200952,0.0002834496981466428
44,118,0.04548253079111604,0.0002694737488714294
44,119,0.0389613576245147,0.0002555658875882383
44,120,0.032396830641950106,0.00024174690530820442
44,121,0.025817650700323692,0.00022790261844207738
44,122,0.019228542099900433,0.00021398224183166725
44,123,0.012639065314812814,0.00020008791158265815
44,124,0.006045606737507456,0.00018631925634260416
44,125,-0.0005836652137339726,0.0001725609906642056
44,126,-0.007153349916342747,0.00015874969594342758
44,127,-0.013507023907297275,0.00014505379025175902
44,128,-0.019669811709320036,0.0001316788270883107
44,129,-0.025748132915962132,0.00011859088579457833
44,130,-0.031782243521557625,0.00010564979740923519
44,131,-0.03778376137332863,9.279333090927988e-05
44,132,-0.043764250326599745,8.002085300962136e-05
44,133,-0.04973272396807048,6.74335484218691e-05
44,134,-0.05569379063003609,5.483832422614743e-05
44,135,-0.06165959466919714,4.236644783484067e-05
44,136,-0.06771016046142984,3.064357739601675e-05
44,137,-0.07389252750769618,1.8254515096627344e-05
44,138,-0.0801738667423417,6.978205357333067e-06
44,139,-0.08657256234357211,1.8479105251545391e-06
44,140,-0.09307188394344207,0.0
44,141,-0.09959836922204916,1.4032560695653729e-05
44,142,-0.10613040715180388,0.0001142574480644809
44,143,-0.11243682995303918,0.0005743898706767059
44,144,-0.11795318429228077,0.0018926633289143568
44,145,-0.121898204925225,0.004849491305596643
44,146,-0.12327318452631034,0.010129097067053117
44,147,-0.12129179787545682,0.017608937688474602
44,148,-0.11599173763503325,0.026587261567149856
44,149,-0.10853186975646374,0.03631349943523299
44,150,-0.10085717584117165,0.04667900284076665
44,151,-0.09500470751520196,0.05790091742735115
44,152,-0.09209618568774595,0.0693981241149445
44,153,-0.0918447827947639,0.08048151510627954
44,154,-0.0934535748532956,0.0908698940916669
44,155,-0.09625163683052426,0.10030297827986423
44,156,-0.09984759274292654,0.10881030905641553
44,157,-0.10411708160860898,0.1166952598763068
44,158,-0.1089182508329537,0.12416159371065894
44,159,-0.11405947132230423,0.1312734247963302
44,160,-0.11936462994714517,0.13811659082119532
44,161,-0.12468685361778986,0.1448536859617925
44,162,-0.12993039732566009,0.15164774867588104
44,163,-0.13503491914976035,0.1586262077757845
44,164,-0.13995291910667657,0.16597036709489
44,165,-0.1446133286749441,0.17382844536098307
44,166,-0.14889038333061994,0.18214334056957104
44,167,-0.1526841539125858,0.19077661469552798
44,168,-0.1559787537822655,0.19963598766342572
44,169,-0.15883269650728649,0.2088162831143362
44,170,-0.16134392906955117,0.2184686709676683
44,171,-0.16358329771498545,0.22855186072908162
44,172,-0.16558093051626763,0.2389723855698619
44,173,-0.1673720370228028,0.24966891743205644
44,174,-0.16900953492826282,0.26057423001642477
44,175,-0.17055604989490333,0.27158816156045096
44,176,-0.1721124877923372,0.2827283033274307
44,177,-0.17372488799186486,0.2940728920403374
44,178,-0.1753118262572532,0.3055673014682936
44,179,-0.17681966516990183,0.31722239859001133
44,180,-0.1782519322097733,0.3290837843275194
44,181,-0.17956793016130532,0.34106523001394673
44,182,-0.18074894006177714,0.35310978623589384
44,183,-0.181838917611876,0.36526078705698317
44,184,-0.18285868164073987,0.3775329250640508
44,185,-0.18379908434133727,0.38985301049708354
44,186,-0.18466864217353748,0.4021637712796231
44,187,-0.1854823009458499,0.41444706780725005
44,188,-0.18623299688870623,0.4267080899876253
44,189,-0.1869092090645076,0.43893660134748136
44,190,-0.18752789665760405,0.45107775490439617
44,191,-0.18813352569257513,0.46306838015148466
44,192,-0.18875560576656347,0.4746935563024215
44,193,-0.18940126195012624,0.48582080699431995
44,194,-0.1900803965338555,0.4966875846710723
44,195,-0.19077539118109416,0.507513145336876
44,196,-0.19143138147022068,0.5183332536363721
44,197,-0.19195861720867038,0.5291666426137502
44,198,-0.19224438148198797,0.5398787537676133
44,199,-0.19223504729519242,0.5502182290090127
44,200,-0.19192408967927796,0.5602261033897487
44,201,-0.19123201079851077,0.569934801287691
44,202,-0.1899934192597287,0.579063319648135
44,203,-0.18808992829828283,0.5874496877617947
44,204,-0.1854996816417751,0.5951820632752338
44,205,-0.18222463645068007,0.6025006645280024
44,206,-0.17829152374700843,0.6095229027946776
44,207,-0.1737796657096826,0.6161896835403657
44,208,-0.1687795975816244,0.6224889359017722
44,209,-0.16331203971158537,0.6284608652154503
44,210,-0.1574196434133106,0.6341781734232624
44,211,-0.15122274583646783,0.6397183583601779
44,212,-0.14484395081962528,0.6451724666755698
44,213,-0.1384450687448728,0.6506896835957603
44,214,-0.13217947683550718,0.6564421346051731
44,215,-0.12615540482712767,0.6625517926248994
44,216,-0.12047272565775341,0.6690924295312316
44,217,-0.11522803638952743,0.6760565152480604
44,218,-0.1103943000512841,0.6837782328290721
44,219,-0.10585417388131341,0.6932788084295471
44,220,-0.10180180543867809,0.7048423933799969
44,221,-0.0985010208366763,0.7175573454417921
44,222,-0.09584606908385272,0.7308505754257755
44,223,-0.09370294187079205,0.7448022341161329
44,224,-0.09205509788945392,0.7595679119519867
44,225,-0.09084110741800822,0.7752258753267405
44,226,-0.09003251379115819,0.7925040220121713
44,227,-0.08962199288144626,0.8119337415104708
44,228,-0.08946837693078301,0.8326784028705045
44,229,-0.08944995991086457,0.8546294253488098
44,230,-0.08996453561707768,0.8782109961525636
44,231,-0.09170066154962578,0.9021140084353025
44,232,-0.09513884165879491,0.9247519648191739
44,233,-0.10125976172028692,0.9455364685067277
44,234,-0.11056628690718702,0.9640144130074727
44,235,-0.11981815870983026,0.9792876248812351
44,236,-0.12349475428235725,0.9899985646404207
44,237,-0.12005961922014823,0.9959565415625093
44,238,-0.11211684665080407,0.9985105653625654
44,239,-0.10250797170136332,0.99925807162485
44,240,-0.09283817226462249,0.9993841862208361
44,241,-0.0832814102243019,0.9993928983778679
44,242,-0.0737028795072816,0.9994006622865762
44,243,-0.06414050199518405,0.9994085707607673
44,244,-0.054597116091510065,0.9994165367304901
44,245,-0.04505742480115098,0.9994245210672249
44,246,-0.035505219607072175,0.9994326212085463
44,247,-0.025950961123771276,0.9994407977970238
44,248,-0.016405159579956283,0.9994489764684397
44,249,-0.006861461188779437,0.9994571546874365
45,0,-0.0035486222688527044,1.0
45,1,0.009637712376634805,0.9999922669267379
45,2,0.02283333903191717,0.9999845260207728
45,3,0.03597076358792069,0.9999766083365159
45,4,0.048980703302953475,0.9999683405142372
45,5,0.06191952718925187,0.9999598962495699
45,6,0.07485298566820586,0.9999514826996869
45,7,0.08764021785936817,0.9999436245593462
45,8,0.10010977789271322,0.999936844009079
45,9,0.11231456981660004,0.9999303542795891
45,10,0.12431514846903327,0.9999170112050892
45,11,0.13611630320925427,0.9998381461704838
45,12,0.14730982638304724,0.9992541556086272
45,13,0.15578687902071,0.9957385005650424
45,14,0.15578162182404592,0.9850661048141238
45,15,0.14496270305909872,0.9666083398637875
45,16,0.1312024187764959,0.9437484611441491
45,17,0.1217406337924926,0.9185246282132051
45,18,0.11644178676986645,0.8919482152457986
45,19,0.1133420019222741,0.8650060941390755
45,20,0.11161378333504836,0.837986245095043
45,21,0.1107939952105994,0.8113823917835961
45,22,0.11017935533982061,0.7863754512732288
45,23,0.10947426956382762,0.7637987189530265
45,24,0.10896248110322172,0.7429402757650562
45,25,0.10891185611112404,0.7226905764147874
45,26,0.1093447006626961,0.7032221436312196
45,27,0.11017224347025517,0.6858591116282742
45,28,0.11125159261146846,0.6711905985852965
45,29,0.11250984614470035,0.6581729061441672
45,30,0.11412767228023989,0.6456326026344055
45,31,0.11643697018144698,0.6332782048076506
45,32,0.11966403909669278,0.6211833510780189
45,33,0.12354566069929117,0.6102156955920375
45,34,0.1274924384143837,0.601532523345889
45,35,0.1313982226908125,0.5947170159459381
45,36,0.13539829580360355,0.5888458058540293
45,37,0.13948618218497794,0.5835468912159848
45,38,0.1436767639235535,0.5785629779781227
45,39,0.1479290412702264,0.573754071058831
45,40,0.15216302276220303,0.5689850638403566
45,41,0.1563072734990595,0.5641262519153111
45,42,0.16030926716230917,0.559020844785167
45,43,0.16415158271143582,0.5535454507566707
45,44,0.1677955464992486,0.5477741489083456
45,45,0.17117037141383593,0.5418095136288297
45,46,0.17423399997933225,0.5356529936434605
45,47,0.17694291973167436,0.5293148795607225
45,48,0.17920006652580855,0.5228030313311471
45,49,0.1809713542094588,0.516152301967336
45,50,0.18229353780584207,0.5090503793499055
45,51,0.18318274560324538,0.5011198116676934
45,52,0.18376676636838227,0.4926306693160938
45,53,0.18424742593698248,0.48391266762686114
45,54,0.18466377846438362,0.4749978881146102
45,55,0.18493832188342849,0.46587431527152645
45,56,0.1850434069891113,0.45660787934757896
45,57,0.1850147138584964,0.4473154875656399
45,58,0.18489989807774354,0.43803474389953156
45,59,0.18472935868312054,0.42838967240535397
45,60,0.1845409032521014,0.41801508616051397
45,61,0.18435123367029857,0.40727846472608975
45,62,0.18409344607971678,0.39653454196254256
45,63,0.18368574432500234,0.3857837314193515
45,64,0.18310942231709976,0.37501612793326944
45,65,0.18238182748049575,0.3641888519699331
45,66,0.18152067045840214,0.3533184676145116
45,67,0.1805330344902703,0.3424760162542081
45,68,0.1794039640766782,0.3316508677170543
45,69,0.1780936067876585,0.3208084153642936
45,70,0.17654968877537905,0.3099877627094785
45,71,0.1747318549259665,0.29924262166670146
45,72,0.17262168363086366,0.2885815894078563
45,73,0.1702202406161321,0.27798121397554176
45,74,0.16756396526557427,0.2674711261778405
45,75,0.1647109728563206,0.2570669751305168
45,76,0.16179258964438603,0.24695946773481614
45,77,0.15894496025127036,0.23738238142178913
45,78,0.15614143015311346,0.22813293719314087
45,79,0.15331932524575392,0.2190004939043666
45,80,0.15046216244095936,0.20996142948125607
45,81,0.14755311979581606,0.20102678867395052
45,82,0.14457625983841346,0.19223187309580247
45,83,0.141498606940298,0.18352109385531012
45,84,0.13829637506046683,0.1748431973210789
45,85,0.1349711393368372,0.16620677948661555
45,86,0.13158831547075495,0.15775792450319537
45,87,0.12823633810661061,0.14964375510839656
45,88,0.12490096702262758,0.14175065914319063
45,89,0.12153370563544486,0.13393033941726507
45,90,0.11812257315789684,0.12612802554906088
45,91,0.1146719593499814,0.11831179761297905
45,92,0.11120880686221656,0.11047401780882271
45,93,0.10777881191889394,0.10261146681661437
45,94,0.10444089715858126,0.09472639463462473
45,95,0.10126538836395949,0.08675330405961934
45,96,0.09838761387230306,0.07844285046115274
45,97,0.09621872929961983,0.06931609154755647
45,98,0.09554625180429652,0.05934732217997685
45,99,0.09713171007748755,0.04924988567920352
45,100,0.10096039615727886,0.039913729331501724
45,101,0.10614453997641618,0.0316832355112584
45,102,0.11173099055246985,0.023947156680375836
45,103,0.11664200732931243,0.016364845889997537
45,104,0.11942872879510824,0.009710914332713205
45,105,0.1191616189108674,0.005010122153333074
45,106,0.11612088096099614,0.002319518141520427
45,107,0.1111932265770902,0.0009400782481534531
45,108,0.10520905595386301,0.0003203953199579779
45,109,0.09880763651290903,9.412720097112803e-05
45,110,0.09230773053889091,2.2202847345886845e-05
45,111,0.08583235642148182,0.0
45,112,0.07939203221089088,3.6882967873186345e-06
45,113,0.0729713228511407,2.023709415610586e-05
45,114,0.0665866681953954,4.0879840014218516e-05
45,115,0.060257988400171006,5.356571436210267e-05
45,116,0.05399004807567393,5.81871044015303e-05
45,117,0.04776710636292315,6.06837784820069e-05
45,118,0.04154363117421226,6.184654993368621e-05
45,119,0.03527527468212761,6.336720350430536e-05
45,120,0.028965583694348252,6.509789379205433e-05
45,121,0.022633302615302508,6.681592765589439e-05
45,122,0.01628503774046513,6.847705744550403e-05
45,123,0.009919951152558623,7.008104500860757e-05
45,124,0.0035163062662881706,7.162921719527926e-05
45,125,-0.002948776455488461,7.315311367916966e-05
45,126,-0.009355245885684482,7.44051505146004e-05
45,127,-0.015491838251717273,7.527642749149965e-05
45,128,-0.02135269736479165,7.628617245958313e-05
45,129,-0.027080388381771067,7.761572516384874e-05
45,130,-0.03275031157124149,7.906158400006191e-05
45,131,-0.038388905170887166,8.054203889373834e-05
45,132,-0.04401285080151151,8.204641499554022e-05
45,133,-0.04962961019435287,8.367696841993233e-05
45,134,-0.05524137972706762,8.525251019275704e-05
45,135,-0.06086759475169195,8.69379264248904e-05
45,136,-0.06665340294115138,8.92247676361757e-05
45,137,-0.07270914936734767,9.066495254606011e-05
45,138,-0.0789128211745735,9.338954938953314e-05
45,139,-0.08514257583999445,0.00010446360602323068
45,140,-0.09138075527821438,0.00012438132321701545
45,141,-0.09761778449305644,0.00016834736649107285
45,142,-0.10381708742011615,0.0002908138066085586
45,143,-0.10974069192479745,0.0006789156308980582
45,144,-0.11495331402478541,0.0016857884273759893
45,145,-0.11872822345240597,0.0039771928528619105
45,146,-0.12001750205001144,0.008217517052272916
45,147,-0.11840032966498092,0.014052572489676951
45,148,-0.11443118283584738,0.020773484439527312
45,149,-0.10899919838456422,0.028451830224634822
45,150,-0.10332923950870501,0.03723728331828424
45,151,-0.09887558705876957,0.046848726277381236
45,152,-0.09656754800735602,0.05691092262070285
45,153,-0.09659375948199618,0.06691535274610771
45,154,-0.09842451492733896,0.07606922843773656
45,155,-0.10110939919253407,0.08409358965847291
45,156,-0.10408009891739825,0.09154737644173694
45,157,-0.1072193354899619,0.09888971359838683
45,158,-0.11046963903848477,0.1062276797666164
45,159,-0.11375020938925463,0.11356488104856521
45,160,-0.11700970739950864,0.12087878886666703
45,161,-0.12022977737491093,0.12818489002957179
45,162,-0.123397803729378,0.13549570311357095
45,163,-0.12651897796899794,0.14282668149641242
45,164,-0.12967805945696018,0.15039573845664267
45,165,-0.1329407601806468,0.1584074253693427
45,166,-0.13621561741559107,0.16667303764242503
45,167,-0.13941305391660921,0.17501140870304632
45,168,-0.14251652306874354,0.18341917819791975
45,169,-0.14552216276939495,0.19189865836123798
45,170,-0.14844580436004487,0.20050229355894966
45,171,-0.15131852449395036,0.20928666411009778
45,172,-0.15416611540531094,0.21826612774715481
45,173,-0.1570295543773965,0.2275447939882539
45,174,-0.15994003741964008,0.2371859354310707
45,175,-0.16284444397928777,0.24698549256824287
45,176,-0.16567388179483253,0.25678859756102934
45,177,-0.1683793302203094,0.26661772947851115
45,178,-0.17089511768689877,0.2764963910242034
45,179,-0.1731704827393729,0.286467616625089
45,180,-0.1751839299438507,0.2965545606625286
45,181,-0.17691897781207566,0.30671820901964375
45,182,-0.17837794705984591,0.31694140184796527
45,183,-0.17961370359862858,0.32733765137294524
45,184,-0.18069263078092376,0.33797392474311105
45,185,-0.18164662289497838,0.3486893157629438
45,186,-0.18249333688739278,0.35937277075422924
45,187,-0.18323044594250523,0.37002965305005087
45,188,-0.1838259079906952,0.38067103104692346
45,189,-0.18426069340220905,0.39132162041006546
45,190,-0.1845599746563011,0.40197099057241836
45,191,-0.1847997102387532,0.4125979270821932
45,192,-0.18503469797766872,0.42294219699253044
45,193,-0.18524466863220354,0.4327364693988255
45,194,-0.18540317685977417,0.4422368477573645
45,195,-0.1854916031893576,0.4517142627282349
45,196,-0.18546602046969138,0.46117578583317553
45,197,-0.1852625376974727,0.47063263896478735
45,198,-0.18484148537028433,0.4799835303238049
45,199,-0.18425777405655364,0.48910049235581377
45,200,-0.1835954575629534,0.4980766654937131
45,201,-0.18276813132050915,0.5068518354784427
45,202,-0.1815031718678959,0.5149664953391049
45,203,-0.17963128178788335,0.5222667208850864
45,204,-0.1771961791034262,0.5291190300319261
45,205,-0.17430424312459616,0.5357783582767771
45,206,-0.17105702913916634,0.5422697766987539
45,207,-0.16751037849180522,0.5485998990699812
45,208,-0.16365858327555893,0.5547741731847506
45,209,-0.1594427277203448,0.5607653921522668
45,210,-0.1548872688836959,0.5665350083107761
45,211,-0.15012800498518225,0.5721193950211357
45,212,-0.14527296714110186,0.5776293753216878
45,213,-0.14045234309276863,0.5832091604599199
45,214,-0.13578178066364927,0.5890348613783754
45,215,-0.13134022497911185,0.5952932970710662
45,216,-0.12728243955331994,0.6020608846450072
45,217,-0.12371971377704323,0.6092212586888939
45,218,-0.12050215906193572,0.6170859522947169
45,219,-0.11733347936190959,0.6273602721771263
45,220,-0.11442006193326915,0.6408743307400269
45,221,-0.11227151899643448,0.6559256761525789
45,222,-0.11080884917933521,0.6713387828622498
45,223,-0.10975060524265104,0.6872065109981589
45,224,-0.10909018257486026,0.7034325911106056
45,225,-0.10881876379136708,0.7203306986801128
45,226,-0.10896775607929479,0.7400375585728168
45,227,-0.10956571831952461,0.7637018207938646
45,228,-0.1103414558407101,0.7890761208475148
45,229,-0.11107498888071855,0.8157314585431539
45,230,-0.11234257907044382,0.844992369867769
45,231,-0.1150392727169305,0.8753845444806035
45,232,-0.11975508106494952,0.9047722397258409
45,233,-0.1278363826051406,0.9319716999119427
45,234,-0.1405340888021872,0.9562885170706754
45,235,-0.15349592716619012,0.9758677586462359
45,236,-0.1587378047983628,0.9887087939302934
45,237,-0.15471489157970297,0.9957519691712781
45,238,-0.1451380943793681,0.9985981268472472
45,239,-0.1334154864574499,0.9990873676438382
45,240,-0.12103318210986322,0.9991004320143985
45,241,-0.10788260364023017,0.9990943689662626
45,242,-0.09439086836943844,0.9990868645568459
45,243,-0.08098526462888579,0.9990796802650251
45,244,-0.06765456197519663,0.9990725493742006
45,245,-0.05435537994239931,0.9990652784933667
45,246,-0.04107246342140494,0.9990579436861441
45,247,-0.027802989001091773,0.9990506177871982
45,248,-0.014543459875632082,0.9990433216587136
45,249,-0.001286406894559085,0.9990360439293293
46,0,-0.007767990569188769,0.9995174850964557
46,1,0.003257015446740913,0.9995688612418295
46,2,0.014290461318746069,0.9996202447431998
46,3,0.025208856941116985,0.9996710320747741
46,4,0.03588640830076388,0.9997206376664237
46,5,0.046436289233617,0.9997696532351571
46,6,0.056979913411108286,0.9998186719908465
46,7,0.06754178069845705,0.9998677419935676
46,8,0.07812259315115835,0.9999168808308948
46,9,0.0885336335609775,0.9999651358818752
46,10,0.09858079659999479,0.9999999999999999
46,11,0.10829209226664534,0.9999170015497488
46,12,0.11728022780717356,0.9992527352515019
46,13,0.12387147715570618,0.9949500902526703
46,14,0.12239629476307676,0.9823620749738258
46,15,0.1102289160015883,0.9624117272639581
46,16,0.09514349120971874,0.9394075981658884
46,17,0.08445135479699323,0.9140958153910064
46,18,0.07858691263551919,0.886682412874306
46,19,0.07539759147242082,0.8585550801439262
46,20,0.07337179028246081,0.8304243284477116
46,21,0.07214451771438964,0.8029826561792373
46,22,0.07134943864529912,0.7768227298971602
46,23,0.0707681552654488,0.7524383397557307
46,24,0.07061152037291155,0.730251062591037
46,25,0.07096413884554971,0.7093685098318591
46,26,0.07171886635239945,0.6897433460881106
46,27,0.07282124513768314,0.6722775886031825
46,28,0.07413482582614174,0.6568075836619749
46,29,0.07547144900054327,0.6431595579631608
46,30,0.07696443558650355,0.6304912663196398
46,31,0.07904051602401461,0.6180095509077799
46,32,0.08208993589874221,0.6058206231638767
46,33,0.08629414341812086,0.5941788182393717
46,34,0.0913901137296567,0.5839275008948706
46,35,0.09679904301429239,0.5758898672541999
46,36,0.10221119868951846,0.5697631856590462
46,37,0.10770807603558,0.5646698563807355
46,38,0.11336928665586843,0.5600846543456719
46,39,0.11910031250487249,0.5557577146373742
46,40,0.12473040782416601,0.5514694138036978
46,41,0.13010545751662467,0.5470209236060602
46,42,0.13509739363306486,0.5422633921237908
46,43,0.13966697522730362,0.537122587416113
46,44,0.14386304612560386,0.5316234139890639
46,45,0.14769251533627237,0.5258258461953025
46,46,0.15109984580310226,0.5197631216664862
46,47,0.15398703912851236,0.5134599621223193
46,48,0.1562478147422277,0.506909234009889
46,49,0.15790251540173628,0.5001308460352057
46,50,0.15912076271062894,0.493181166503614
46,51,0.16006612952481675,0.4860379228316779
46,52,0.16081093592570603,0.47856626025717575
46,53,0.161373760779258,0.4707313391559783
46,54,0.1617455471582527,0.4625824274264232
46,55,0.16194952481275296,0.4541044272615239
46,56,0.16206001587515173,0.44542622955649036
46,57,0.16213300811018516,0.4367196299818862
46,58,0.16218971635772683,0.4280171618712756
46,59,0.16227762231013054,0.4191503029071275
46,60,0.16248893224338232,0.4099622906830954
46,61,0.16283236779061225,0.400612657796917
46,62,0.16315649006962568,0.391244079241703
46,63,0.16329564486614334,0.381856034619408
46,64,0.16320673388529006,0.3724361514880943
46,65,0.16292704743903424,0.3629401817827924
46,66,0.16247669476919308,0.3533966457306804
46,67,0.16182825760732208,0.3438856690983756
46,68,0.16092983778042824,0.3344166630079377
46,69,0.15972574210744883,0.32497625300606425
46,70,0.1581796189261208,0.315592029947397
46,71,0.156305109451539,0.30631429760842144
46,72,0.154151291155138,0.2971592790141059
46,73,0.1517782546800792,0.2880815997969475
46,74,0.149264690728672,0.2790779593798456
46,75,0.14667973000992654,0.2701465911707116
46,76,0.1440519020516307,0.2612122090274608
46,77,0.14139123859328023,0.2522429107370785
46,78,0.13871089206840384,0.24333844624831236
46,79,0.1360138067900578,0.23461151642401878
46,80,0.13328104583180178,0.226050517396857
46,81,0.13049989497500242,0.21766955985078873
46,82,0.1276589289394524,0.20949040269455343
46,83,0.12472284462441476,0.20141449056906757
46,84,0.12167298454243919,0.19336745360863128
46,85,0.1185236210697771,0.18535181359242892
46,86,0.11529331702164206,0.1773622553307309
46,87,0.11202040937025161,0.1693998978748643
46,88,0.1087431796042195,0.1615003251885101
46,89,0.10546789405884203,0.1536558587539496
46,90,0.10220066739039751,0.1457990719987864
46,91,0.09896383433317807,0.1378903678613288
46,92,0.09579179046406217,0.1299215777832945
46,93,0.09273750018106534,0.12189405512373774
46,94,0.08986508651834307,0.11381520826154612
46,95,0.0872374811305396,0.10566155088126838
46,96,0.08491728565932179,0.09711618174867442
46,97,0.08321720480988873,0.08724200356315837
46,98,0.08300813155060106,0.07579640532779341
46,99,0.08526086138281622,0.06400145639524368
46,100,0.09010624647872142,0.052925433506670005
46,101,0.0966872143287044,0.04267816759431864
46,102,0.10377998475690285,0.032731789341179374
46,103,0.1100447209360575,0.022685532580773327
46,104,0.11372054001466196,0.013724834038330802
46,105,0.11390246552463942,0.007649562070187743
46,106,0.11148213088156411,0.004249321987327193
46,107,0.10735266629231117,0.002357027859372307
46,108,0.10200893060352899,0.0013870067858559043
46,109,0.09600922345180073,0.0009568421130752292
46,110,0.08975660139149051,0.0007849017849181905
46,111,0.08350866483403338,0.000705028151984477
46,112,0.07728941689204921,0.0006680684101045831
46,113,0.07107303958572093,0.0006502835932447049
46,114,0.06489654160203577,0.0006386891465512967
46,115,0.05881090298298761,0.0006205590098768976
46,116,0.05280727209354721,0.0005950073267503297
46,117,0.04684814120360512,0.0005675854608068187
46,118,0.040944019289398885,0.0005390456474894112
46,119,0.035106587858754215,0.0005110324919246345
46,120,0.029282772987144403,0.0004832561109587852
46,121,0.023434195088680863,0.00045539663311899847
46,122,0.017569129386244848,0.0004274379127366945
46,123,0.011688695314495874,0.00039938960569829707
46,124,0.005772229532463539,0.0003712041368482133
46,125,-0.00020204795671850838,0.0003428591805668679
46,126,-0.006204322034241744,0.00031443075652037855
46,127,-0.012038983657280858,0.00028670230273342145
46,128,-0.017525644155598843,0.0002605486049934713
46,129,-0.02277428455037418,0.00023549485549612115
46,130,-0.02793538459504712,0.00021083322103632174
46,131,-0.03305459224754819,0.00018634202874301398
46,132,-0.03815919636133711,0.00016191410887111957
46,133,-0.04325598729266124,0.00013763068623162678
46,134,-0.04834743259379938,0.00011332792315332796
46,135,-0.053433243017934035,8.913296611468002e-05
46,136,-0.058746259049342234,6.459733658392697e-05
46,137,-0.06453664087022677,3.791058032842631e-05
46,138,-0.07060685466307429,1.2686093442293433e-05
46,139,-0.07671354358198954,0.0
46,140,-0.08282136493922285,6.26735342257323e-06
46,141,-0.08890122246677354,6.881864469787669e-05
46,142,-0.09489125063382393,0.0002530064375664276
46,143,-0.10049333650043299,0.0007955484590593809
46,144,-0.10538259099811632,0.0020365226678926707
46,145,-0.10904286010764276,0.004836296805935558
46,146,-0.11022488978318781,0.01034909229915204
46,147,-0.10827809448460765,0.01800939337430918
46,148,-0.10358759131950185,0.026822039560787547
46,149,-0.09701776360644547,0.03668269893682519
46,150,-0.09013618864053739,0.04720352970716135
46,151,-0.08449542991781586,0.058267123197005444
46,152,-0.08109088707235697,0.06992194024694587
46,153,-0.08027534964468454,0.08144042381842931
46,154,-0.08147073455694999,0.09164474844599724
46,155,-0.08365503933673799,0.10035152574743245
46,156,-0.08625792966651612,0.10839511079791486
46,157,-0.08914529443345508,0.11629937335415408
46,158,-0.09223744135047074,0.12417152364260986
46,159,-0.09543027755599628,0.13198334174335336
46,160,-0.09864203679896417,0.13968433881659015
46,161,-0.1018573841147345,0.14731986372768313
46,162,-0.10507212461670916,0.1549323103646223
46,163,-0.10828168334891003,0.16256257311393385
46,164,-0.11147970288360677,0.1702215641057182
46,165,-0.11464696850835615,0.17787016039436787
46,166,-0.1177796054565175,0.18553068333405376
46,167,-0.12087191303941448,0.1932616464467405
46,168,-0.1239002078363449,0.20107844410036357
46,169,-0.12684714863806298,0.20897256118494945
46,170,-0.1297150469360387,0.21698207045638196
46,171,-0.1325385417125492,0.22520616957812112
46,172,-0.1353501998849674,0.23370432392206153
46,173,-0.13814070387641572,0.24243168926783099
46,174,-0.1409024238776321,0.2513090079253988
46,175,-0.14364135916282897,0.26024388392949005
46,176,-0.14635259779430917,0.2691732240718281
46,177,-0.14901334733345792,0.278107725720136
46,178,-0.15157032711069574,0.2870772052431856
46,179,-0.15396039454462196,0.29613630977212047
46,180,-0.1561275497559206,0.3053212861359842
46,181,-0.15801104272221567,0.3146040809871933
46,182,-0.15957176682268798,0.32396873492880307
46,183,-0.16081214885488263,0.3333853299900301
46,184,-0.1617565803758497,0.3427562284048733
46,185,-0.16244977213584208,0.3520307178769164
46,186,-0.16295413237899692,0.3612550316266846
46,187,-0.16329927951313492,0.37045608246321515
46,188,-0.16345957465406577,0.3796386831314241
46,189,-0.1634056004113963,0.38882032738763883
46,190,-0.1631796128057135,0.3979901021249024
46,191,-0.16293647187501897,0.4071343327674237
46,192,-0.16281427313029811,0.416247834097488
46,193,-0.16279526611463002,0.4253140352610256
46,194,-0.16280102774510682,0.43433412971492413
46,195,-0.16278501753359484,0.4433259804787999
46,196,-0.16271061523570113,0.4522995941488024
46,197,-0.16252406416783133,0.4612657873180859
46,198,-0.1621576198753084,0.47002896417199636
46,199,-0.16158295633391995,0.4783685680571922
46,200,-0.1607950573428172,0.48647819485506827
46,201,-0.15975126924899877,0.4942756947337724
46,202,-0.15835304058168498,0.5013762544276035
46,203,-0.1564863166795028,0.5079417336127543
46,204,-0.15407079101629903,0.5142316770690991
46,205,-0.15113596876972216,0.520283935073317
46,206,-0.147810819892886,0.5261424658359324
46,207,-0.14415550607462382,0.5318090496533459
46,208,-0.1401033735147766,0.5372736101829348
46,209,-0.13548364003776678,0.5425054208779482
46,210,-0.1302680823859165,0.547440071622563
46,211,-0.12462450002513077,0.5520937617538263
46,212,-0.11869225439760824,0.5566057325762893
46,213,-0.1126736043632009,0.5611879559993156
46,214,-0.10678204677626511,0.5661216561593446
46,215,-0.10118034238835744,0.5717139711018204
46,216,-0.09610998465276219,0.5780976844848769
46,217,-0.0917294179836988,0.5850991815798533
46,218,-0.0877318952964694,0.5934723826163781
46,219,-0.08388092768743356,0.6047801135021289
46,220,-0.08070732966607307,0.6186906223934808
46,221,-0.07855358710097309,0.6335784647306322
46,222,-0.07700310039711253,0.6489811736204656
46,223,-0.0757294855371257,0.6652059541491483
46,224,-0.07480547768551042,0.6821361736156073
46,225,-0.07428622629364855,0.7003913089548397
46,226,-0.07414782194890596,0.7217664882495609
46,227,-0.07447819458617023,0.7461722205896182
46,228,-0.07527402037217831,0.7716306193677116
46,229,-0.07643215494986806,0.7990851760132848
46,230,-0.07828820258102621,0.8305657317701106
46,231,-0.08147275110654781,0.8643123225175182
46,232,-0.08695172018237643,0.8973192112804292
46,233,-0.09687073626728543,0.9269323840326141
46,234,-0.11208061940141573,0.9522672213230433
46,235,-0.12665178779070532,0.9726648634909287
46,236,-0.13229865269149252,0.9863584237057227
46,237,-0.12870071074892583,0.9941665901861629
46,238,-0.12004204213801999,0.9975107219505192
46,239,-0.10943292209458504,0.998160219316878
46,240,-0.0985841512320717,0.9982441131745916
46,241,-0.0876594628956433,0.9982982410181737
46,242,-0.07661948547655635,0.9983513046712472
46,243,-0.06544350864541801,0.998404387688651
46,244,-0.054241605662120676,0.998457236457992
46,245,-0.04307124301008653,0.9985098693730583
46,246,-0.03191346477207053,0.9985624044795366
46,247,-0.020767585782904854,0.9986148776110644
46,248,-0.009630713757371703,0.9986673433577283
46,249,0.001503908161330239,0.9987198316413493
47,0,-0.005378490754690458,0.999471929835543
47,1,0.00621256342945962,0.9995275316216484
47,2,0.017812325525557896,0.9995831466882058
47,3,0.02942683303055222,0.9996387887123857
47,4,0.041061807864139474,0.999694472742427
47,5,0.0526998456010446,0.9997501563524394
47,6,0.06432856095284267,0.9998058006767939
47,7,0.07596995327860889,0.9998614417145335
47,8,0.08762374615716763,0.9999170971306196
47,9,0.09892772672618694,0.9999708904381217
47,10,0.10949974999187004,1.0
47,11,0.11947145264528376,0.9998619974436849
47,12,0.12848057180752806,0.9991295733082239
47,13,0.13500696035468376,0.9959288442288169
47,14,0.13129038001723153,0.9855990470764118
47,15,0.11131804388391743,0.9670460246395165
47,16,0.08651746344805486,0.9442055758586515
47,17,0.06995084583176597,0.9186780702248506
47,18,0.062309065839210816,0.8913936086292689
47,19,0.059445984915896935,0.8634132641926467
47,20,0.05825861615182709,0.8350051229720881
47,21,0.057768252307356,0.807600552007997
47,22,0.05763627689182504,0.7822620343216263
47,23,0.05779911247566911,0.7581152978976037
47,24,0.05821759158932233,0.7342876428568346
47,25,0.05891448877874036,0.7109875713164902
47,26,0.059830956184310696,0.6899492116417918
47,27,0.060879523410876574,0.6727986350705998
47,28,0.06204969152709244,0.6579682476777835
47,29,0.06330180285122469,0.6439013769456918
47,30,0.06476226515476519,0.6302996228369301
47,31,0.0668445251205492,0.6169297000856034
47,32,0.06994968301884526,0.6038906152279901
47,33,0.07412730216838447,0.5915672316439746
47,34,0.0793218432800865,0.5805164871746051
47,35,0.08526387566877922,0.5713899771674182
47,36,0.09125776106896229,0.5647706169835581
47,37,0.09717728132316067,0.5599681056349142
47,38,0.10333244924686771,0.5559588054589737
47,39,0.1096859401210682,0.5523894353769256
47,40,0.11598320621433496,0.5489546982788134
47,41,0.12197335237561503,0.5453801228020143
47,42,0.12747536238562862,0.5414104477959374
47,43,0.13239381239982484,0.5368765590941442
47,44,0.13675026603087445,0.5317884256308195
47,45,0.14051390806842573,0.5261877462109865
47,46,0.14358867517919444,0.5201187569535823
47,47,0.1459861763494481,0.5137403546055421
47,48,0.14780372082734405,0.5071826229027444
47,49,0.1491010014032248,0.50043873386859
47,50,0.14996657287559048,0.4934870019981952
47,51,0.1505236228346143,0.486247023697165
47,52,0.15083817152343004,0.47841647661953757
47,53,0.15096447075174713,0.46991250937680284
47,54,0.15094919912410806,0.4611179794065716
47,55,0.1508288949368736,0.45226778623736363
47,56,0.15064761700292023,0.44334852327726104
47,57,0.15044062856423523,0.43439583895916867
47,58,0.15022167280593118,0.4254394562176177
47,59,0.14998262769328358,0.4163983173101391
47,60,0.14971253512605517,0.40719724970056215
47,61,0.14941217653366384,0.39789530372052406
47,62,0.14908373369122485,0.38856112135858756
47,63,0.14872426791593182,0.37922741751031563
47,64,0.14832606043481536,0.369872587871822
47,65,0.14787762246550606,0.36042196492688905
47,66,0.1473661168444533,0.35090756708052284
47,67,0.14676970641807918,0.341415687278395
47,68,0.14605092346166904,0.33194072323286805
47,69,0.14517400700492375,0.3224478968708928
47,70,0.14412916233418918,0.3129465555734181
47,71,0.14293834384106188,0.3034983205516498
47,72,0.1416291390015962,0.29414258924000924
47,73,0.1402087912502727,0.2848301379045417
47,74,0.13868269261949526,0.27556685288716987
47,75,0.13705455183585988,0.2663819691171062
47,76,0.13531136170714025,0.2572195734979018
47,77,0.13344666480942866,0.24805398267527157
47,78,0.13148209655354948,0.2390352011771787
47,79,0.12943407048927405,0.23029125639421577
47,80,0.1273014949397034,0.22175326045891397
47,81,0.1251134683995917,0.213486134221048
47,82,0.1228792475226065,0.20554289490627764
47,83,0.12054425094737062,0.1977439217071454
47,84,0.11807449919722172,0.18997749354736138
47,85,0.11547581883767283,0.18224937937929575
47,86,0.11275418668694487,0.1745578111193693
47,87,0.10996402707590688,0.16697055526511384
47,88,0.10715378518873798,0.1595872285023704
47,89,0.10430345291151792,0.15233603938042228
47,90,0.10142697210137419,0.1450781004384808
47,91,0.09857895881277424,0.1377623469281456
47,92,0.09582198785807788,0.1303737982458718
47,93,0.0932438886570092,0.12290920877970546
47,94,0.09092598874844841,0.11537590177804591
47,95,0.08892052529803143,0.10775653552287867
47,96,0.08725834866256571,0.09950918411211751
47,97,0.08626795873827865,0.08945560902267857
47,98,0.08678594796247067,0.07761138502402365
47,99,0.08957477298540789,0.06545278147233857
47,100,0.09466392555208929,0.05404519008581021
47,101,0.10132994505528542,0.04353594650058179
47,102,0.10850589174813793,0.03344436703250797
47,103,0.11481695473005428,0.023482698211510167
47,104,0.11843553347767935,0.014447571566383988
47,105,0.11830047591013408,0.00797683066913979
47,106,0.1153183520647839,0.0044563427832406965
47,107,0.1107332595632852,0.0026487177188619926
47,108,0.10504524420226748,0.0016707677684153488
47,109,0.09870948749113075,0.0011643238671387168
47,110,0.0921170464636171,0.0009007094268115301
47,111,0.08550891778153273,0.0007742250364850545
47,112,0.07892474623436538,0.0007144089085767691
47,113,0.07235213954808975,0.0006876077832629335
47,114,0.06591074734368228,0.0006716366868754209
47,115,0.05967401305240507,0.0006511836152556238
47,116,0.053566221404311276,0.0006236557087470063
47,117,0.047505661904095206,0.0005943675555687422
47,118,0.041549468269885155,0.0005642862419009687
47,119,0.03575583531500006,0.0005353245891344116
47,120,0.03002036888444157,0.000506872450583784
47,121,0.024253850020620048,0.00047830146481331326
47,122,0.018468349576237532,0.0004496161931016873
47,123,0.0126686423447837,0.00042084381755291833
47,124,0.006833962828001557,0.0003919287048608222
47,125,0.000942374011128149,0.0003628409649898412
47,126,-0.004976145520240179,0.00033366013081292945
47,127,-0.01088634273958398,0.00030443776125654853
47,128,-0.016755433508632324,0.0002753354096723948
47,129,-0.02248886722415411,0.0002468134359130403
47,130,-0.028064272654311558,0.0002190274026027117
47,131,-0.03357116937510561,0.0001915652591349959
47,132,-0.03906125637203967,0.00016418344835289478
47,133,-0.044541140420626964,0.00013697261285061657
47,134,-0.05001418925612182,0.0001097857527273538
47,135,-0.05548025847609558,8.279761665974661e-05
47,136,-0.06111984867529478,5.570317199199426e-05
47,137,-0.06715305020959922,2.7535944441492433e-05
47,138,-0.07346069908754493,3.0853173548228696e-06
47,139,-0.07982725753174857,0.0
47,140,-0.08618106663160373,3.615499530607025e-05
47,141,-0.09245898868730142,0.00016501414572522854
47,142,-0.09854783318902476,0.00047472380433422057
47,143,-0.10419371930378797,0.0011456812418438878
47,144,-0.10912008441779032,0.0024621739467366455
47,145,-0.11296568473479764,0.005445399494976244
47,146,-0.11426470006686877,0.01176837184857571
47,147,-0.11149677306189575,0.021067265199763874
47,148,-0.10548810214418623,0.031284731672625576
47,149,-0.09834040507331135,0.04161510615529962
47,150,-0.09166319839321203,0.05243699199484686
47,151,-0.08662720229973024,0.06408058757674084
47,152,-0.0839131914633068,0.07628941139935297
47,153,-0.0834280759411021,0.0877292570918613
47,154,-0.08442206932823977,0.09713002273363036
47,155,-0.08611015937216354,0.1050793703592704
47,156,-0.08816409246547041,0.112612520885506
47,157,-0.09054164224277794,0.12000702982599698
47,158,-0.09318673290794656,0.12735284879147335
47,159,-0.09596316657204691,0.13457004622787472
47,160,-0.09873896235099901,0.14156341840672892
47,161,-0.10149515719088983,0.1484374101136804
47,162,-0.10423092153729152,0.1552924437899249
47,163,-0.10692995313233818,0.16221080710329838
47,164,-0.1095817529500117,0.16924442480011703
47,165,-0.11215892376747297,0.1763182031185342
47,166,-0.11465720695499818,0.18341511294994983
47,167,-0.11708742233773564,0.1906140158214038
47,168,-0.11944343645931564,0.1979493181525026
47,169,-0.12171342622363251,0.205379597569874
47,170,-0.12389693771494427,0.21291193857664126
47,171,-0.12604235622870372,0.22072644451821344
47,172,-0.12819080082899767,0.22897281096828437
47,173,-0.13030121768757832,0.2375965768953806
47,174,-0.13232932370842967,0.24652552617370993
47,175,-0.1342565176160789,0.2556412334444017
47,176,-0.13606988806225725,0.26480924652522475
47,177,-0.13777237180578825,0.2740082281558417
47,178,-0.13936245516994666,0.2832417631770964
47,179,-0.1408424144697005,0.29253146115337203
47,180,-0.14222450724353022,0.3018837538781787
47,181,-0.14349424212031503,0.31125958040123525
47,182,-0.14461707335862903,0.3206525318148469
47,183,-0.1455758978622465,0.3300473361837918
47,184,-0.14638515797751778,0.33941278892968274
47,185,-0.147079474246405,0.3487653445113743
47,186,-0.14768755325088712,0.3581100555064699
47,187,-0.14822805852177945,0.3674300367188925
47,188,-0.14871599753709264,0.3767414133461974
47,189,-0.14916690330102833,0.3860736276728999
47,190,-0.14959211607001824,0.39541526993166076
47,191,-0.1499883702368268,0.4047275463573373
47,192,-0.15034481312927467,0.4139603027044658
47,193,-0.15066280210073968,0.4230741778463031
47,194,-0.15095734749460246,0.4321000923420083
47,195,-0.1512321674407706,0.441090360221122
47,196,-0.15147315583941426,0.45006388492619764
47,197,-0.1516600426374868,0.4590380701993405
47,198,-0.15175920047510447,0.4680289922140842
47,199,-0.15170832334383144,0.4770276060925922
47,200,-0.15140376655301807,0.4860232259777637
47,201,-0.15075387354340014,0.4944412136174352
47,202,-0.14975553087590035,0.5016069583053724
47,203,-0.1484114587545828,0.5079684829862753
47,204,-0.1466188312163056,0.5140919645390876
47,205,-0.14430854702289805,0.5199890420615187
47,206,-0.1414831170265832,0.5256048837064974
47,207,-0.1381055384987265,0.5308716260048242
47,208,-0.134101142892089,0.5358322406672842
47,209,-0.12925110429039002,0.5405217485364728
47,210,-0.12349428507219384,0.5448289380995364
47,211,-0.117104479328068,0.5487767914547055
47,212,-0.11031942601950209,0.5525940537125364
47,213,-0.10343762675774389,0.5565753037322543
47,214,-0.09677649982134019,0.5611439077709108
47,215,-0.0904907767442069,0.5667611757587256
47,216,-0.08483522200370963,0.5736015570787316
47,217,-0.08002830644328651,0.581359917839083
47,218,-0.07590000122352077,0.5898841536974004
47,219,-0.07213322087948959,0.6005558102938673
47,220,-0.0688966522373054,0.6143394595615914
47,221,-0.0665863178546031,0.6297443020565092
47,222,-0.06495992594605547,0.6460020245558011
47,223,-0.06364609935413727,0.6638713398440432
47,224,-0.0627017425912773,0.6831855929017666
47,225,-0.06211403330398237,0.7030195426987421
47,226,-0.06173933999610248,0.7248349572311037
47,227,-0.06155945256918415,0.750630030967393
47,228,-0.06166655160907436,0.778633668870307
47,229,-0.06219597003043853,0.8078172021054285
47,230,-0.0633282650714637,0.8393520566891965
47,231,-0.06566727807237122,0.8724597169178647
47,232,-0.07160426829251572,0.9055283162292685
47,233,-0.08581754604327646,0.9355650613430887
47,234,-0.1103125174494947,0.9600402719469672
47,235,-0.1338559957373913,0.9783705882497464
47,236,-0.14248031533403327,0.9895149778582352
47,237,-0.13821883085433678,0.9952603452898691
47,238,-0.1286535645151375,0.9979342675746584
47,239,-0.11751143602373679,0.998590658888327
47,240,-0.10633907413591774,0.9987022954389729
47,241,-0.09501777862796087,0.9987632823608323
47,242,-0.083469572028313,0.9988219528825173
47,243,-0.07166203730367902,0.9988806500542778
47,244,-0.05979525021598942,0.9989389321696268
47,245,-0.04796685738267112,0.9989969196911059
47,246,-0.03614715269517376,0.999054850863144
47,247,-0.024339265554623297,0.9991127384674455
47,248,-0.012540744738397934,0.9991705946111995
47,249,-0.0007445486117487167,0.9992284398289418
48,0,-0.00422010043822217,0.998918413009787
48,1,0.008205731047995643,0.9990012977465226
48,2,0.02064064700340402,0.999084210764395
48,3,0.03309094967064968,0.9991671709006369
48,4,0.04556273601497828,0.9992501974780512
48,5,0.05803785305198648,0.9993332289559511
48,6,0.07050236595120254,0.9994162039483899
48,7,0.08297741774600491,0.9994991614644414
48,8,0.09546255737231484,0.9995821114559855
48,9,0.1076439716950794,0.9996624111408696
48,10,0.1191987704037217,0.9997162531850704
48,11,0.1302020313738871,0.9995726056836857
48,12,0.14024533779148216,0.9986931121469786
48,13,0.1476295984825314,0.9944333782287299
48,14,0.14478493369009113,0.9818943168916254
48,15,0.1250570204397429,0.9618295663510509
48,16,0.0977195084162426,0.9387706631724894
48,17,0.0775783562625113,0.9131130268339209
48,18,0.06815856292321146,0.8858126973321501
48,19,0.06463099258265739,0.8581567772517524
48,20,0.06311545466529789,0.8300905472438705
48,21,0.062450317826413186,0.8031636098190651
48,22,0.062217762323997436,0.7786874938967994
48,23,0.06230036825178347,0.7556384581548721
48,24,0.06262610904172097,0.7327730228686704
48,25,0.06322379563100658,0.7100347637309157
48,26,0.06400084810421691,0.6897470891216642
48,27,0.06477019216471572,0.6741151656516642
48,28,0.06554801613243061,0.6607037835854201
48,29,0.06647720551959363,0.6471129379784641
48,30,0.06769661438924249,0.6334950608806342
48,31,0.0694717255272119,0.620088198922186
48,32,0.07221405919929207,0.6070006638036014
48,33,0.07610056896749062,0.5947739339041229
48,34,0.08105718939223013,0.5840859318956282
48,35,0.08667835387211338,0.5754476260297909
48,36,0.0923019237301718,0.5691699204299272
48,37,0.0979641927003822,0.5644167218461436
48,38,0.10395106580224742,0.5603016445135888
48,39,0.11012391184517956,0.5565807495544011
48,40,0.11619665615728693,0.5529227013841597
48,41,0.12189720533174227,0.5490844014861263
48,42,0.12704973511309595,0.5448138392304789
48,43,0.1315785882884819,0.5399728357522005
48,44,0.1355400351792074,0.5346516138501609
48,45,0.1389185174079514,0.5288961049482293
48,46,0.1416785578026766,0.5227077352013084
48,47,0.1439069668766243,0.5162162982565659
48,48,0.14565760840190395,0.5095549158448115
48,49,0.14696091778545017,0.5027111224761174
48,50,0.14790763612846342,0.4956313404345968
48,51,0.1486117350413022,0.4883968331093227
48,52,0.1491512895095447,0.48080264478053847
48,53,0.14955758329100394,0.47254901918808523
48,54,0.14983350286733962,0.4639430691505846
48,55,0.1499868429827929,0.45528758433547944
48,56,0.1500451895629855,0.44657104914793244
48,57,0.15003334936031693,0.4378278957578047
48,58,0.1499624806096698,0.42908539002764257
48,59,0.14982757240131697,0.420253345059336
48,60,0.14961991762893564,0.4112490288698104
48,61,0.14933731892783542,0.40213552814651876
48,62,0.14897917654408094,0.39298515379458987
48,63,0.14854774028235948,0.3838344150620736
48,64,0.14804350124870344,0.37465622893971373
48,65,0.14746166400023827,0.36536637532124316
48,66,0.1467982344427236,0.35600432245579494
48,67,0.14603877448911567,0.34666356443730295
48,68,0.14514288938486467,0.337342861515595
48,69,0.1440604021459477,0.3280113715661316
48,70,0.14276805766960632,0.3186713297839844
48,71,0.14129233611828082,0.30939150665728576
48,72,0.1396774380545128,0.3002260519747576
48,73,0.13793784913247006,0.2911161277854538
48,74,0.13607403851871552,0.28205535177631835
48,75,0.13407962798593756,0.27307066461441
48,76,0.13193134551778415,0.26410393660398956
48,77,0.12961839575363712,0.2551278173473831
48,78,0.1271519573407174,0.2461809922940854
48,79,0.12453710591175945,0.2372752764880296
48,80,0.12179402007730525,0.22847560410886691
48,81,0.1189873110165494,0.22001370898606087
48,82,0.11613253833489301,0.21194627640199748
48,83,0.11315518207102136,0.20404655291428309
48,84,0.11000955525045072,0.19617976077928356
48,85,0.10670449797011951,0.1883519005048917
48,86,0.10324681881584542,0.18056060340833402
48,87,0.09970565834401565,0.1728943553330391
48,88,0.09611676565726375,0.16537102437194773
48,89,0.09242220161136772,0.15778877183440798
48,90,0.0886631121859035,0.1500862925885459
48,91,0.08493802300520145,0.1423165136844381
48,92,0.08133023369849778,0.13446388937603915
48,93,0.07795576457831326,0.12652650575851998
48,94,0.0749192340565493,0.11851411888327756
48,95,0.07228271782842262,0.11040824085360035
48,96,0.07007214105652354,0.10150893175004294
48,97,0.0686877191011215,0.09066697901887322
48,98,0.06912231690966467,0.07825173898398474
48,99,0.07226415254674082,0.0657545510392138
48,100,0.07823000715435581,0.05405262130788013
48,101,0.08630067240924887,0.043257342547049604
48,102,0.09519373561686431,0.0329074533795265
48,103,0.10304631324006641,0.022751203781883222
48,104,0.10750973002611271,0.01374943408381013
48,105,0.10761526575007196,0.007673504787739538
48,106,0.10491529918039612,0.004624199596500733
48,107,0.10096590980057751,0.003012706162923373
48,108,0.0961089370973996,0.0019998055499516054
48,109,0.09061591878247648,0.001416155641747574
48,110,0.0847618204594604,0.0011021430281885625
48,111,0.07873809177310041,0.0009487479616412386
48,112,0.072660547693825,0.0008734275375285039
48,113,0.0665875870357208,0.0008366303170004308
48,114,0.06066646497098823,0.000812438195054388
48,115,0.05498996284581007,0.000785068369619224
48,116,0.049461174094167205,0.0007511556376684769
48,117,0.0439788602418158,0.0007155879570347468
48,118,0.03862166291062936,0.000679501605239996
48,119,0.033468892221533285,0.0006449390383299614
48,120,0.028394609257910073,0.000611062161551712
48,121,0.02328783070377953,0.0005770270817294643
48,122,0.01816187474384496,0.0005428608635552612
48,123,0.013023110383422049,0.0005086049814615468
48,124,0.007851610438778875,0.000474188715579027
48,125,0.002626305904133988,0.0004395647442820838
48,126,-0.0026244185722236768,0.00040483278667913236
48,127,-0.00786680741711454,0.000370072617621342
48,128,-0.01310473275133532,0.0003353482400983987
48,129,-0.01827214408723581,0.00030112716699892683
48,130,-0.023299964624128967,0.0002677695244378553
48,131,-0.028249701878001028,0.00023485515733534523
48,132,-0.03318272451863776,0.00020203313368383213
48,133,-0.0381050292933445,0.00016937793768867504
48,134,-0.04302022208885567,0.00013673584214024537
48,135,-0.04792827500707295,0.00010426639388194658
48,136,-0.053048131274409334,7.11802014149443e-05
48,137,-0.058650304073015795,3.640635669777126e-05
48,138,-0.06457958081547882,5.652718246595967e-06
48,139,-0.07055924519117909,0.0
48,140,-0.07650985901238921,4.283828769069409e-05
48,141,-0.0823608903710823,0.00020156508497481962
48,142,-0.0879844678967865,0.0005761645372435176
48,143,-0.09313614035603372,0.0013303293130789706
48,144,-0.0975856378008522,0.0026861246174623155
48,145,-0.10111779226521835,0.005556682171071192
48,146,-0.10218961213330048,0.011711555434065768
48,147,-0.09870787949576736,0.021055444411423818
48,148,-0.0912394772803058,0.03152193052196273
48,149,-0.08234638693818726,0.04216698909837713
48,150,-0.07418932670193033,0.05338464933889131
48,151,-0.06823173655574287,0.06556198986566786
48,152,-0.0652090876214616,0.07844074161602599
48,153,-0.06489193213339711,0.09037101501107614
48,154,-0.06630438069733921,0.09998063145545755
48,155,-0.06854531352600392,0.10828385856950762
48,156,-0.07127158062022906,0.11635474879118202
48,157,-0.07442229148861139,0.12427367073078932
48,158,-0.07792418864781495,0.13213072462631936
48,159,-0.08159233018852484,0.13981298994932712
48,160,-0.0852413317756037,0.1471930045665567
48,161,-0.08885222331324007,0.15441144323349587
48,162,-0.09243136248460697,0.16160330311678384
48,163,-0.09593712040959262,0.16876892213746042
48,164,-0.09933971139156055,0.17588380518001379
48,165,-0.10262591981329997,0.18295740715400333
48,166,-0.10580890805481104,0.19005369137000871
48,167,-0.10890771727845164,0.19726709604674675
48,168,-0.11191940294820925,0.20464507996597125
48,169,-0.11482578217856945,0.21213011695075823
48,170,-0.11762238195916819,0.2197127918522198
48,171,-0.1203760591643916,0.22761857021695664
48,172,-0.12314491458929273,0.236046343624563
48,173,-0.12585115000381433,0.244782064558697
48,174,-0.12841534291461018,0.2536057102545115
48,175,-0.13082976475927494,0.262522228699957
48,176,-0.13309048077979416,0.2714974846182623
48,177,-0.13520225368347566,0.28050182932379275
48,178,-0.13717097235857773,0.2895403794233782
48,179,-0.1390083238792832,0.2986356763438063
48,180,-0.1407333939496174,0.30779412979534027
48,181,-0.14232577513951394,0.31697607616058454
48,182,-0.14373512293935958,0.3261730413240236
48,183,-0.14493765301673403,0.3353673552416322
48,184,-0.1459596546412255,0.344527377749282
48,185,-0.14685277482517664,0.35367056750611625
48,186,-0.1476501113649656,0.36280310487932155
48,187,-0.1483626264472595,0.3719090043556528
48,188,-0.14899608233775394,0.3810050063092324
48,189,-0.14955865862132214,0.3901208913876716
48,190,-0.15005488824549587,0.3992454081223914
48,191,-0.15047697507885963,0.4083400563300925
48,192,-0.1508146657874801,0.4173441152648696
48,193,-0.151071556051023,0.4262222400773319
48,194,-0.15126048836052433,0.4350332762326802
48,195,-0.1513810724993057,0.4438298978907609
48,196,-0.1514208537163474,0.45261814213194684
48,197,-0.15136987097489876,0.4614139161701729
48,198,-0.15121191588366617,0.4702304733188547
48,199,-0.1509089318406964,0.4790565634911709
48,200,-0.15039396095567953,0.4878796926697222
48,201,-0.1496275617810449,0.4961937564653436
48,202,-0.14861770235007107,0.5033773022554346
48,203,-0.14734314078738653,0.5098053299758394
48,204,-0.14569509524315974,0.5160190587059371
48,205,-0.14358497057920871,0.5220604573606425
48,206,-0.14099974621226305,0.5278899881425942
48,207,-0.13787559632490473,0.5334304338347922
48,208,-0.13422452483595695,0.5386446580554932
48,209,-0.1299200537282393,0.5435383307867646
48,210,-0.12475622516420225,0.5480582504381233
48,211,-0.11889000280210844,0.5522330888780242
48,212,-0.11255503196553603,0.5562256923148903
48,213,-0.10605588382731959,0.5602704073100235
48,214,-0.09976586830997003,0.564692758551674
48,215,-0.0939095971166255,0.5697655773659109
48,216,-0.0887029847699596,0.5756539268136394
48,217,-0.0842758774845387,0.582298476938899
48,218,-0.08046143684948438,0.5897775442952939
48,219,-0.07689250059913404,0.599866511964227
48,220,-0.07369575573454216,0.6137932326380353
48,221,-0.07143875120972959,0.629710058153146
48,222,-0.07008574530767069,0.6459898690068557
48,223,-0.0691993751900962,0.6629763467967937
48,224,-0.06859176513283342,0.681106290418916
48,225,-0.06820784169212751,0.6998424620281705
48,226,-0.0680084902616049,0.7207446356731709
48,227,-0.06801375624464023,0.7460511915878545
48,228,-0.06831453642125059,0.773859712539393
48,229,-0.0690760834468191,0.8026703528235032
48,230,-0.07053863626746291,0.8334418879409217
48,231,-0.07339079380075682,0.8656442492517749
48,232,-0.08050257255134982,0.8983819984866602
48,233,-0.09752990898585828,0.9288054179085333
48,234,-0.12477267377770163,0.953691916788217
48,235,-0.14924202029907627,0.9731376603285774
48,236,-0.15843695280529077,0.9867921746441941
48,237,-0.15398674657764722,0.9947416775221776
48,238,-0.14294496392725375,0.9982448496907609
48,239,-0.13020164708097468,0.9990727059308483
48,240,-0.11753644622948961,0.9992138687979017
48,241,-0.1047071946577309,0.9993047710144625
48,242,-0.091717241927568,0.9993925879238091
48,243,-0.0786630992867818,0.9994802796509448
48,244,-0.06566362094698974,0.9995672912091679
48,245,-0.05270729324150149,0.9996539169753131
48,246,-0.03975728594210175,0.9997404951767723
48,247,-0.02681932804222136,0.9998270226956419
48,248,-0.0138912100107206,0.999913514639556
48,249,-0.0009655291474035714,1.0
49,0,-0.005434413216697797,0.9998200394870463
49,1,0.002036704884398024,0.9998385660264724
49,2,0.009514746905353054,0.9998571024626751
49,3,0.016928586719608167,0.999875563323307
49,4,0.02420388878767989,0.9998938492091805
49,5,0.03140329726736878,0.9999120322691651
49,6,0.03859892371963434,0.9999302116176287
49,7,0.04577207179948833,0.9999482155029797
49,8,0.0529035204109666,0.9999658676575756
49,9,0.06006713676976035,0.9999833179140928
49,10,0.06715323291530016,1.0
49,11,0.07380454736709456,0.9999880003287304
49,12,0.07955122442147981,0.999406221741412
49,13,0.08368025260034974,0.9971373861348759
49,14,0.08372027580259471,0.991049433744412
49,15,0.07851785056158096,0.9805433527774778
49,16,0.07140348251125002,0.9675751732208216
49,17,0.06595790382109702,0.9526626578277008
49,18,0.0629894156507092,0.9361675072018684
49,19,0.06167814491470137,0.9188659517700126
49,20,0.061467635692463767,0.9009448563068136
49,21,0.06206513662026176,0.8832502883148096
49,22,0.0630162483731259,0.8665316051824349
49,23,0.06413627369727601,0.8510223353064229
49,24,0.0655552146369067,0.8365766034693752
49,25,0.06737904041786737,0.822875109688116
49,26,0.06965867526251167,0.8097101532974971
49,27,0.07243697518493342,0.7969992618307077
49,28,0.07565346800082881,0.7850180256595846
49,29,0.07916984773042894,0.7742196410498645
49,30,0.08309271826520813,0.7644798132199608
49,31,0.08774871466805635,0.7553898670289112
49,32,0.09339013837573318,0.7468908963632436
49,33,0.10011300628989288,0.7389941472656012
49,34,0.10756703562090843,0.7317715238210607
49,35,0.11521379244936925,0.7252851152067902
49,36,0.12294987378806681,0.719309583989099
49,37,0.1308026498040393,0.7136687109554101
49,38,0.13870120635501693,0.7083422441058853
49,39,0.14649787776437334,0.703229818925643
49,40,0.1540388391721441,0.6980869506014651
49,41,0.1613331307324013,0.692684568726706
49,42,0.16830249374302575,0.6869532147923098
49,43,0.17469994088166282,0.6808395486056258
49,44,0.18031863972634005,0.6742758172061204
49,45,0.18505594088751193,0.6671972930624659
49,46,0.18886290784795676,0.659593892670526
49,47,0.19177045523397562,0.6515885882452254
49,48,0.19388426303320203,0.6432684746892592
49,49,0.1953162110769225,0.6343772831467569
49,50,0.1961138061232196,0.6246113106278828
49,51,0.19628803492381972,0.614225799044538
49,52,0.19594507433516228,0.6035407906303227
49,53,0.19518027512852365,0.592362694430617
49,54,0.19405205759603256,0.5806506287615564
49,55,0.192722589549062,0.568699048515271
49,56,0.1913744553710485,0.5565267003766023
49,57,0.1901222143324017,0.5440935285769386
49,58,0.18901634430949613,0.5314258283257425
49,59,0.1880369753008056,0.518449341941114
49,60,0.18713674689234983,0.50524286650876
49,61,0.18628833448124044,0.49185962021780105
49,62,0.18546908518540325,0.4781726892359148
49,63,0.18466461929336553,0.46420907138726664
49,64,0.18388538012477995,0.4501422457586801
49,65,0.18312701941582746,0.43598478059795487
49,66,0.18234953097215154,0.421675782541305
49,67,0.18152113730505068,0.4072746219588329
49,68,0.1806722008662233,0.3928552397419125
49,69,0.1798618657961293,0.3784902987456463
49,70,0.17908249477522772,0.36425956582811037
49,71,0.17835848998181125,0.35029355435743936
49,72,0.17777703603623277,0.3368061572182247
49,73,0.17732137118009897,0.32377266259936677
49,74,0.1769888220851917,0.31109441624385503
49,75,0.176866501711668,0.2988114837283422
49,76,0.17687794474610016,0.28678062201080334
49,77,0.1767905536434641,0.27482418575742673
49,78,0.1764241231351553,0.2629315270492014
49,79,0.17566631608433936,0.251313634962115
49,80,0.17444668495778456,0.240212172317107
49,81,0.1727547528891251,0.22991784542099514
49,82,0.17056676806960938,0.22067110595064743
49,83,0.16778028076264787,0.21200024554243624
49,84,0.16427064635394617,0.20349472663134016
49,85,0.1599689154120901,0.19532816291302968
49,86,0.15488443728757453,0.18761732015463783
49,87,0.1489012946816373,0.1802004376911146
49,88,0.14194089122846743,0.17294279874802998
49,89,0.1343468997415234,0.16599773150772146
49,90,0.12652821378527435,0.15939969509893237
49,91,0.11868618621233347,0.15289294956804722
49,92,0.11101651988679029,0.14617844104353583
49,93,0.10375602344098592,0.13897682060586813
49,94,0.0970737473007018,0.13069124088833284
49,95,0.09140943711520631,0.12100603092784679
49,96,0.0874192774317524,0.11045168239716929
49,97,0.08530262214851898,0.09925860466968317
49,98,0.08531433937433755,0.08719419685586949
49,99,0.08829386561519774,0.07425586041365762
49,100,0.09494436469218494,0.06111194847709989
49,101,0.1045252679686324,0.0487712559736867
49,102,0.11489007446363367,0.03689308502857336
49,103,0.1232064966059234,0.025399421334183492
49,104,0.12745470167948766,0.01594650231538386
49,105,0.127912440705757,0.009210009104239858
49,106,0.1254931022798527,0.004766817997120643
49,107,0.12070721115922357,0.00222309460991188
49,108,0.11422966021410351,0.001112250497943168
49,109,0.10717474133639755,0.00083064189501314
49,110,0.10041144558961247,0.0007718170566012317
49,111,0.09388793413785661,0.00074186922798547
49,112,0.08740034168065353,0.0007251689766869518
49,113,0.08095015709045991,0.0007146485484315068
49,114,0.07453084927659606,0.0007064702452682647
49,115,0.0681161511068935,0.0006897356140646016
49,116,0.061680622729029466,0.0006650642691189423
49,117,0.05518572109684779,0.0006382455286169098
49,118,0.04860848476244005,0.0006095830876056141
49,119,0.04195718758139675,0.0005806720858507752
49,120,0.03526133666284008,0.000551727744442787
49,121,0.028558944209082084,0.0005227653547129618
49,122,0.021852786337448252,0.0004937238948511391
49,123,0.015162462789652009,0.0004648269469547106
49,124,0.008502171671754096,0.0004363089391586916
49,125,0.0018317712854992623,0.0004078938876054261
49,126,-0.004779161991343757,0.00037963919181283057
49,127,-0.011230968397328825,0.0003518514430927988
49,128,-0.01757949837787347,0.00032435312064504895
49,129,-0.023893928029639546,0.00029698367523300906
49,130,-0.030178678443234817,0.00026975182047062063
49,131,-0.0364301936380889,0.00024265189047745217
49,132,-0.0426546404897339,0.00021570690016081695
49,133,-0.04886242919572798,0.00018901260484249782
49,134,-0.05506051456434196,0.00016236266038616165
49,135,-0.06125346726249761,0.0001358702912639398
49,136,-0.06745508208137455,0.00011043598263515975
49,137,-0.07365043943806987,8.483621415067422e-05
49,138,-0.07989527582185069,6.027237938610597e-05
49,139,-0.08634420928443154,3.938542853676452e-05
49,140,-0.09298238067910687,1.6001919127428543e-05
49,141,-0.09967534447032253,0.0
49,142,-0.10641704638778772,7.611153303155316e-05
49,143,-0.11298859817999331,0.0006006028174826428
49,144,-0.1187168492920204,0.002214955461406265
49,145,-0.12276936611014247,0.005831972072127933
49,146,-0.12421011213047183,0.01212710187950461
49,147,-0.12188298541981198,0.021237383752853112
49,148,-0.11522651009631289,0.032512847502228825
49,149,-0.10566474922085763,0.044266721137679044
49,150,-0.09593259643606704,0.05610132966102799
49,151,-0.08867742518246229,0.06879225099398234
49,152,-0.08518914484160023,0.08154874615589958
49,153,-0.08465358149561583,0.09352299751073923
49,154,-0.08598868658719759,0.10499939788182788
49,155,-0.08883533949358971,0.11572575244739958
49,156,-0.09301767876117728,0.1251664278768373
49,157,-0.09843054250694837,0.13350292403085096
49,158,-0.10487987765241334,0.14108483238540526
49,159,-0.11208573078679145,0.1480470605511126
49,160,-0.11973172777190959,0.15456437617764507
49,161,-0.12748648341003865,0.1609069325585124
49,162,-0.1351189306131679,0.16734944898717652
49,163,-0.14246681690782095,0.17410074440560186
49,164,-0.14930118372273493,0.1812873179634239
49,165,-0.15539783047534958,0.18898779269224386
49,166,-0.16064440309154454,0.19726856902773038
49,167,-0.16497636964010584,0.20605492883895915
49,168,-0.16840150267926687,0.21520222176546544
49,169,-0.17104688698642886,0.22493049760780892
49,170,-0.1730816085591157,0.23551425041364527
49,171,-0.17460872944134742,0.24682380356435507
49,172,-0.17566233759424418,0.2586585941337176
49,173,-0.17628628653052797,0.27077812064711715
49,174,-0.17657160276666567,0.2829687818619109
49,175,-0.17668577862154977,0.2952273524949729
49,176,-0.1768810561038058,0.30772351047457147
49,177,-0.17729732756582697,0.3205740031836465
49,178,-0.177849219484992,0.33364412681807853
49,179,-0.17848811209743684,0.3469122783655342
49,180,-0.1792463282093631,0.36044877971762634
49,181,-0.18006394682669877,0.37412580828458475
49,182,-0.18090405825607594,0.38785138961016197
49,183,-0.18180255901651657,0.4015953016981051
49,184,-0.1827304155967442,0.41532078043663123
49,185,-0.18363116284612008,0.4290568980416408
49,186,-0.18450218095384502,0.44280761360924437
49,187,-0.18537720456564724,0.4565300323828637
49,188,-0.18627669907188307,0.4702236945500975
49,189,-0.187197127528975,0.48384233805484533
49,190,-0.1881448621061319,0.4972859549195954
49,191,-0.18912732891702166,0.5104480411169446
49,192,-0.19014759179591312,0.5231665619486972
49,193,-0.19124737314788626,0.535458894771288
49,194,-0.19247475555051513,0.5475400239856989
49,195,-0.19381129713493872,0.5595697302933009
49,196,-0.19519280772213016,0.5716148244398019
49,197,-0.1965034089178171,0.5837009113733238
49,198,-0.1975511806795972,0.5956538238569971
49,199,-0.19816018544438443,0.6070830028678784
49,200,-0.1982279588686665,0.6179661893874856
49,201,-0.1976927407781354,0.6284408995540818
49,202,-0.1965116543556955,0.6384336490223022
49,203,-0.19462198445819345,0.6477815968840297
49,204,-0.19192907355412767,0.6562693123929257
49,205,-0.18832439366025647,0.6641172392161824
49,206,-0.18374874871867486,0.6715532971976157
49,207,-0.1782905109753715,0.6784635470091973
49,208,-0.17213364815493776,0.6848193600938715
49,209,-0.16538704873075777,0.6907156172065332
49,210,-0.15811698134374685,0.6963216907812483
49,211,-0.15042287459175682,0.701753905097865
49,212,-0.14244040156522067,0.7070875228674172
49,213,-0.13436675746657045,0.712480695799901
49,214,-0.12640073521576561,0.7181075262547663
49,215,-0.11868573040017703,0.7240378766085259
49,216,-0.11125291708675183,0.7303562299703743
49,217,-0.10418748086233608,0.7371552042331966
49,218,-0.09764303960830377,0.7447593406258721
49,219,-0.09177432975370653,0.7535529053239689
49,220,-0.08677110596295819,0.7633616941628883
49,221,-0.08255459430059485,0.7739677287800646
49,222,-0.07893316789518372,0.7852916218538877
49,223,-0.07590203482301733,0.7973914343742782
49,224,-0.07341767013696024,0.8106466077617516
49,225,-0.07138631329501402,0.8249491993242893
49,226,-0.06979164564842576,0.8398299144292473
49,227,-0.06860855175759675,0.8553251454982133
49,228,-0.06774314781202824,0.8717682668962001
49,229,-0.06713887612845464,0.8893019217593137
49,230,-0.06706038616459646,0.9076496006567198
49,231,-0.06800831477552222,0.9256925671345559
49,232,-0.07035256546044769,0.942334606285775
49,233,-0.07475447283140657,0.9574547859914876
49,234,-0.08116658454287977,0.9708053757185037
49,235,-0.08730085199266088,0.9822514061945655
49,236,-0.08966249595672507,0.9909529496503654
49,237,-0.08680234408881457,0.9958607608740293
49,238,-0.08039857947089,0.9981000766250225
49,239,-0.07275977171814146,0.9990245259152855
49,240,-0.06551472374370065,0.999232923480149
49,241,-0.059006964426671374,0.9992510419651921
49,242,-0.05269504911532797,0.9992682676439658
49,243,-0.046352016321748804,0.9992855804275095
49,244,-0.03998966807618741,0.9993030016347533
49,245,-0.033612273474742604,0.9993205739337052
49,246,-0.027204063945726914,0.999338410942598
49,247,-0.02078360999436394,0.9993563823031361
49,248,-0.014370041315645291,0.999374335100098
49,249,-0.007958183012375471,0.9993922743899712
50,0,0.0002723438987100471,0.9998774726000458
50,1,0.005663576957668471,0.9998775880490474
50,2,0.011060555838124122,0.9998777059726879
50,3,0.016369808119921742,0.9998778227856843
50,4,0.02149463497256369,0.9998779316958895
50,5,0.026521444357796044,0.9998780303554609
50,6,0.03154495394046293,0.9998781264717177
50,7,0.0365837968295207,0.9998782394630328
50,8,0.041667606708574084,0.9998783900616605
50,9,0.04690135145543114,0.9998785479232356
50,10,0.052145605080470905,0.9998788882748002
50,11,0.056938757587215456,0.9998834534871879
50,12,0.0608986935065585,0.9993727936682771
50,13,0.06383785890557624,0.9971443711663563
50,14,0.06514457318847393,0.9907738536566358
50,15,0.06468090067344112,0.9791500017852521
50,16,0.06381196624425027,0.9645615505209455
50,17,0.06361157711257329,0.9493952213380772
50,18,0.06361180212011916,0.9345206766372127
50,19,0.06341841722639592,0.9192211865326996
50,20,0.06363236039509278,0.9029340217134152
50,21,0.06454696616942551,0.8867147877334458
50,22,0.06580383921233134,0.871412386615788
50,23,0.06719485126275727,0.8572458695040217
50,24,0.06889995531496027,0.8439942401551832
50,25,0.07105228807173884,0.8311421605246612
50,26,0.07356526941214818,0.8186224752704198
50,27,0.07626772030590401,0.8064970355515402
50,28,0.07908300704467026,0.7950494334058111
50,29,0.08212765786482704,0.7846443207938317
50,30,0.08576444229046212,0.7750182551750827
50,31,0.09036330510666273,0.7659562171177251
50,32,0.09613344358987479,0.757576906526725
50,33,0.10311150007574589,0.7498186069870763
50,34,0.11069850744881614,0.7427327133997355
50,35,0.11812118911113487,0.7363653088915386
50,36,0.12540823338021606,0.730364080542909
50,37,0.13281755344948915,0.7245399746240344
50,38,0.1403363638947295,0.7190510136891102
50,39,0.14781711368347047,0.7139275704095842
50,40,0.15510662737730938,0.7089110429492773
50,41,0.1621816951180004,0.7037298977683359
50,42,0.16894668724679102,0.6983006112936582
50,43,0.17522257071702976,0.6924923823499181
50,44,0.18086139513735464,0.6861348696351373
50,45,0.18566356269043094,0.6791429821449078
50,46,0.18947399380108979,0.6715386198502935
50,47,0.19231189962826592,0.663488361600965
50,48,0.19422321580196936,0.6551635224077664
50,49,0.19528232671430928,0.6462009716956214
50,50,0.19568435254108327,0.6362219917488529
50,51,0.19564247132079327,0.6257277962619672
50,52,0.1952919141497541,0.6150123081842465
50,53,0.1947149294869832,0.6038810874919396
50,54,0.19401756335015516,0.5924798964079152
50,55,0.193329071802141,0.5809654134625214
50,56,0.1927344335577404,0.5691837361397375
50,57,0.19226792101339213,0.5570490201765967
50,58,0.19191824407621813,0.5446233695337255
50,59,0.19161120212500665,0.531913351730819
50,60,0.19127237285465812,0.5190483675233422
50,61,0.1908667892954903,0.5060432119632962
50,62,0.19035927969537209,0.49267172143011206
50,63,0.18974020010553969,0.47895186503130915
50,64,0.1890504494045562,0.465113881088248
50,65,0.18830307229646903,0.45123226191108445
50,66,0.1874544545474546,0.437259464314973
50,67,0.1864679777371203,0.4231914436339643
50,68,0.18537196364288738,0.4090811398213702
50,69,0.18421224928144322,0.39504790275735924
50,70,0.1829628644294736,0.3811938664930645
50,71,0.18167730102903937,0.3676979011402475
50,72,0.180466624358618,0.35469684746201957
50,73,0.17925829433878826,0.34195155060257076
50,74,0.17803466702519916,0.3294672001091077
50,75,0.17694598416787494,0.3174928149286662
50,76,0.17596608586033294,0.30586780889309384
50,77,0.17494776097246245,0.2943864968087756
50,78,0.17381863229025316,0.2830402102164301
50,79,0.17245991805407968,0.27180876622657324
50,80,0.1707246592549969,0.2606075549195407
50,81,0.16858702439679735,0.2499368932105659
50,82,0.1660514837952311,0.24040383093114426
50,83,0.16302660545625244,0.2314895357870903
50,84,0.15939244664865285,0.22266796255656018
50,85,0.15509080330648436,0.21404886334202888
50,86,0.15007757815784667,0.20569715449776826
50,87,0.14429725230191784,0.19763024189406764
50,88,0.1378661951681796,0.18991692246995007
50,89,0.13108957119268413,0.18262112613317083
50,90,0.1241926340190872,0.1756489410057822
50,91,0.11729683892287553,0.1687290243766113
50,92,0.1105874828811107,0.1615831425936458
50,93,0.10428659520926034,0.1539578709230609
50,94,0.09847409679494869,0.1450976307865266
50,95,0.09342764201025955,0.13444189689651687
50,96,0.08976431984690977,0.12260315622343188
50,97,0.0878565832638914,0.10994525955376677
50,98,0.08794725896450047,0.09651489337109198
50,99,0.09098170962987615,0.08248018219904063
50,100,0.09832979648848424,0.06817920807626687
50,101,0.10946529314531595,0.05477052188967835
50,102,0.12166681759373543,0.041987534219137035
50,103,0.13145189151751846,0.029299580837934824
50,104,0.1364214968324941,0.018597157394598107
50,105,0.13708962692377044,0.010869854898641895
50,106,0.13466027084203444,0.005512844046216658
50,107,0.12942772626098942,0.002335027566377379
50,108,0.12208988007490044,0.0010214363774412316
50,109,0.11419633359121119,0.0007391734765713753
50,110,0.10686732521403262,0.0007120274927673309
50,111,0.0999284679162045,0.0006896602845217759
50,112,0.09303103222090846,0.0006748502514414279
50,113,0.0861713380390853,0.0006664110742290452
50,114,0.07934284594693715,0.0006604556481701884
50,115,0.07251287551620869,0.000645963574531061
50,116,0.06568343563781863,0.0006235042653048861
50,117,0.05883922350216775,0.0005987992069665937
50,118,0.051914887823957416,0.0005720611076706072
50,119,0.04489631549197528,0.0005449905087250295
50,120,0.03782876482375874,0.000517900584848241
50,121,0.03076178825356149,0.0004908079992880232
50,122,0.023697192907238752,0.00046364054350644945
50,123,0.01661462171147604,0.0004363530787622194
50,124,0.009492551605439563,0.0004089143428350761
50,125,0.002308308743240891,0.0003813161982838542
50,126,-0.004816033433915863,0.0003540135288440105
50,127,-0.011744491986729843,0.0003274399639711101
50,128,-0.0185629136078478,0.0003012969894964357
50,129,-0.025360168365328662,0.00027528759907291533
50,130,-0.03213451324318863,0.0002493653757242864
50,131,-0.03888986241123702,0.00022348100038416252
50,132,-0.045630245620549494,0.00019766793510089808
50,133,-0.052364009572504824,0.00017203669547460887
50,134,-0.05909307175974785,0.000146428484385841
50,135,-0.06581685652404479,0.00012101697750821483
50,136,-0.07253248575084052,9.675085033489239e-05
50,137,-0.07923410753561319,7.22594067067428e-05
50,138,-0.086045611746915,4.858117576411747e-05
50,139,-0.09309183428895287,2.8878157015022055e-05
50,140,-0.10026383507025285,7.432722999967112e-06
50,141,-0.10743930297740312,0.0
50,142,-0.11474147852350555,6.476627451201811e-05
50,143,-0.12198621771042595,0.0006168516734126328
50,144,-0.1282649718633889,0.002531815379860025
50,145,-0.1325534874553261,0.006878336803694651
50,146,-0.13397317506026013,0.014094181656148397
50,147,-0.13118056236259346,0.02436166751347235
50,148,-0.12325214561592969,0.03716478151752922
50,149,-0.11176608083977715,0.05024613948036927
50,150,-0.09990096541058019,0.06325241472370025
50,151,-0.09094519254216454,0.07730403375599126
50,152,-0.08667399884034181,0.09115001655899146
50,153,-0.08594066568121504,0.10385904293846249
50,154,-0.08723688636220954,0.11605573692428361
50,155,-0.09000770156313383,0.12744902660314805
50,156,-0.09385324330182837,0.13745035747656786
50,157,-0.09865261369952319,0.1464532124899468
50,158,-0.104386908413655,0.1548875048630025
50,159,-0.11092475978532139,0.1627328611437049
50,160,-0.11797675531968967,0.17006498316253582
50,161,-0.12517398536469537,0.17716637244574918
50,162,-0.13225894645603323,0.18432286005050946
50,163,-0.1390681825092578,0.19170935173902148
50,164,-0.14539184808099687,0.19940400603500896
50,165,-0.1510583962538526,0.207434428815641
50,166,-0.15603426599292516,0.2158666020272516
50,167,-0.1602891956641265,0.22466068124361827
50,168,-0.1638514011234473,0.2337557411920791
50,169,-0.166857775452536,0.2436265926739738
50,170,-0.1693987863901588,0.2546325844991708
50,171,-0.1714854526251745,0.2661629621038787
50,172,-0.17314674491454637,0.27772818342248473
50,173,-0.17450408235836223,0.2893984962399393
50,174,-0.17567781874723823,0.3012016741878102
50,175,-0.1767385887983085,0.3131404672282544
50,176,-0.17785646912145986,0.325420557088963
50,177,-0.17914656660900605,0.33818948965475104
50,178,-0.18046454714754726,0.3512287943724117
50,179,-0.1817319417661059,0.3643642312287667
50,180,-0.18301882865857833,0.3775921756217846
50,181,-0.1842738427138011,0.39088769890770436
50,182,-0.18544779216166335,0.40424683865714894
50,183,-0.18659175681820142,0.41763594506938484
50,184,-0.18768718690511402,0.43101820804997604
50,185,-0.18867233090228913,0.44441867154125336
50,186,-0.1895443241644113,0.4578362701856843
50,187,-0.19034474516073496,0.4712331388051204
50,188,-0.19108961985040682,0.4846172289069912
50,189,-0.19174350901481427,0.49792019927352016
50,190,-0.19228966726857347,0.5110249009950318
50,191,-0.19274601928839166,0.5238136810353907
50,192,-0.19313008453695982,0.53607103055728
50,193,-0.1934981705541629,0.5478573401056319
50,194,-0.19393405820540377,0.5594831492426167
50,195,-0.19446145181541075,0.5710760417081683
50,196,-0.19507589137431447,0.5826585437142576
50,197,-0.1957805344850731,0.5942538240191213
50,198,-0.19649875937168723,0.6058458003396261
50,199,-0.1970779736508635,0.6171904822533365
50,200,-0.19738275573786485,0.628054574439773
50,201,-0.19729212970924284,0.6386560561796314
50,202,-0.1965934685979207,0.6491972067122671
50,203,-0.19503003744242828,0.6591245835317678
50,204,-0.19248067417146653,0.6678120683793571
50,205,-0.18894565638512117,0.67561260756677
50,206,-0.1844440333171972,0.6828925458548001
50,207,-0.1790685296591485,0.6895645096206606
50,208,-0.17301183569189588,0.6956677880541859
50,209,-0.16635576664642557,0.701352124380882
50,210,-0.15915729510623453,0.7067904390045567
50,211,-0.15161584446780144,0.7120873503951061
50,212,-0.14392068689157875,0.7173668088775613
50,213,-0.1362163995246984,0.7228466952953942
50,214,-0.12868222420520758,0.7286442196041992
50,215,-0.12144388797126489,0.7346421656809023
50,216,-0.11438477917792221,0.7407929321634842
50,217,-0.10744450820359505,0.747187582611147
50,218,-0.10074156764509501,0.7543967477683665
50,219,-0.09459391101248064,0.763027450702667
50,220,-0.08952604606696492,0.7727483370323327
50,221,-0.08560092723933672,0.7831248504138456
50,222,-0.08244797506453488,0.7940154560732021
50,223,-0.07971791076585612,0.8054781016648229
50,224,-0.07712884926762584,0.8180226884324149
50,225,-0.07467891877407266,0.8317250828524645
50,226,-0.07263307270842632,0.845989579290684
50,227,-0.07108421785321534,0.8608577514088528
50,228,-0.0698869969142649,0.8766279500671337
50,229,-0.06894388805316633,0.8929130906823737
50,230,-0.06847195541772909,0.909405824794598
50,231,-0.06874816769870525,0.9252594844013555
50,232,-0.0694505692456078,0.9396630214511135
50,233,-0.07016159638346986,0.9535140237814242
50,234,-0.07087974068561015,0.9673988261364438
50,235,-0.07128168158960271,0.9806795215854534
50,236,-0.07023593237092497,0.9910745250805575
50,237,-0.06693355061789102,0.996578869472347
50,238,-0.06170374366622025,0.9988360322643642
50,239,-0.05574928262597352,0.9997929047705622
50,240,-0.05056485254848754,0.9999988683960893
50,241,-0.04636499654702802,0.999999013450914
50,242,-0.042427708127153366,0.9999991800418139
50,243,-0.03848333193111814,0.9999993560243685
50,244,-0.0345437867955032,0.9999995145877338
50,245,-0.03061977565333748,0.9999996352268586
50,246,-0.02670610900217744,0.999999732982953
50,247,-0.022799785438634333,0.9999998243203899
50,248,-0.018898710323995614,0.9999999125344038
50,249,-0.014998933233665,1.0
51,0,-0.0070083698310328645,0.9986920660600281
51,1,-0.0007851530274307902,0.9986921597030642
51,2,0.00544424685538706,0.9986922560462621
51,3,0.011511054450455764,0.9986923510651288
51,4,0.017243008396520647,0.9986924373738916
51,5,0.022801528246067168,0.998692512765819
51,6,0.02835686845583441,0.9986925855761543
51,7,0.03392883494177777,0.9986926763805847
51,8,0.03951821977905017,0.9986928078847708
51,9,0.04526659784049798,0.9986929548386018
51,10,0.05108496775020509,0.9986933424000467
51,11,0.056430426121209035,0.998698427637791
51,12,0.06071767706328418,0.997770296510236
51,13,0.0635159236662336,0.9942730636377747
51,14,0.06435757252980293,0.9861287491314744
51,15,0.0636872770972795,0.9729548656283354
51,16,0.06299576697066125,0.9572462152253269
51,17,0.0630289478183991,0.9410996008894998
51,18,0.06301763860530377,0.9252056122486388
51,19,0.06247710381013522,0.9081979077154243
51,20,0.06242104418819556,0.8891592668143954
51,21,0.06345324364121192,0.869984209088024
51,22,0.06502137648302658,0.8516530400717736
51,23,0.06668294297395042,0.8341907389696922
51,24,0.06851551785700445,0.8179312573610815
51,25,0.07061845399923145,0.8023594173726148
51,26,0.07296318883944844,0.7871407576241678
51,27,0.07545557042453338,0.7723593298624583
51,28,0.07800127929875726,0.7586797357745604
51,29,0.08061162894102185,0.7468033465305085
51,30,0.08358704557195482,0.7359706241381123
51,31,0.0873529223024978,0.7254820755177056
51,32,0.092348929021952,0.7154747052790906
51,33,0.09885578705424294,0.7060292222513346
51,34,0.10609814574979605,0.6975391488312525
51,35,0.11295864037175321,0.6902763202381705
51,36,0.11955654002587597,0.6836500589171272
51,37,0.12635814254319203,0.677305359688535
51,38,0.13336937566654739,0.6715541792649815
51,39,0.1403986417115283,0.6665304827145289
51,40,0.14729351463540205,0.6618931785465961
51,41,0.1541049968442352,0.657266980882062
51,42,0.16075285894862512,0.6525199058933118
51,43,0.16699096051849852,0.6474470439939318
51,44,0.17259987493793172,0.6417995386642734
51,45,0.1773186752442454,0.6354366761003734
51,46,0.1810219015964401,0.6283941100974102
51,47,0.18390217521132393,0.6209137462319867
51,48,0.18610026713673536,0.6131816106824174
51,49,0.18762455832167696,0.6052964366807974
51,50,0.18862230452672252,0.5973379992583238
51,51,0.18932075636449727,0.5893059288520637
51,52,0.18985849323310416,0.5809257908542339
51,53,0.19025245522958123,0.5719247297347365
51,54,0.19045438147496735,0.5625827887964387
51,55,0.1904496240046697,0.5531829228134547
51,56,0.19030981521662366,0.543722136271928
51,57,0.19015126872697577,0.534239434408489
51,58,0.19003914561096788,0.5245569241240071
51,59,0.18993426012553827,0.5144615063303237
51,60,0.18976544271317128,0.5041512438250199
51,61,0.18947652159395115,0.49364710620820706
51,62,0.1889959944061041,0.48259960058718177
51,63,0.18829984044767253,0.47102135813440427
51,64,0.18745328812934064,0.4592614597905901
51,65,0.1864920221112612,0.447460491918132
51,66,0.185386014551181,0.4356372722474696
51,67,0.18411556303736315,0.42383696589725806
51,68,0.18267559900612237,0.4120381532300602
51,69,0.18102308157754374,0.40024352004460617
51,70,0.17906034605995955,0.38849725219970976
51,71,0.1768547067386198,0.37714699069528534
51,72,0.17460893589437185,0.3665031968588024
51,73,0.17228229248593216,0.3562155827363044
51,74,0.16970882917237134,0.34596674859880505
51,75,0.16682938338520545,0.3357556104012446
51,76,0.16363038765808102,0.3255837289017962
51,77,0.16013839274499558,0.31547382204409913
51,78,0.15640509679923348,0.30546253214750463
51,79,0.15246506786780586,0.29562173242587986
51,80,0.14834249164344246,0.285967348398364
51,81,0.1440849129675382,0.2764812446386493
51,82,0.1397408595418867,0.26718124098700224
51,83,0.13526847706489797,0.2580299117627384
51,84,0.13059374651166303,0.24898451405708955
51,85,0.12569926055983707,0.24005684642593716
51,86,0.12047612419395454,0.23117830194448685
51,87,0.11477584933854382,0.22233244300478539
51,88,0.10865693677656954,0.21369761980049862
51,89,0.10232029143723417,0.20544733640626656
51,90,0.09590926586954254,0.19757376729585063
51,91,0.08950241710731723,0.18982782804228837
51,92,0.08325994224242264,0.1819286289693942
51,93,0.07738186135189569,0.17360709484173154
51,94,0.07181889590832398,0.16363564394645347
51,95,0.06686060490887116,0.15104648965485556
51,96,0.06338709854876579,0.13690602346786052
51,97,0.0617122369738557,0.12232537879501504
51,98,0.061738582799693555,0.10760459888136453
51,99,0.06486579910919679,0.0921577881145188
51,100,0.07409792835677086,0.07584187615592641
51,101,0.08966523799202852,0.060690434645435776
51,102,0.10735723076868342,0.04660147211599697
51,103,0.1213663398879887,0.032317020199905566
51,104,0.12820341734248006,0.020331889555944005
51,105,0.12943163585058215,0.012203352479706608
51,106,0.12750938829672226,0.006656756800562991
51,107,0.12286664030515827,0.003184429123423871
51,108,0.11606723504447447,0.0016556249682870838
51,109,0.1086622940413769,0.0012980132806794664
51,110,0.10180532028237793,0.0012534198438145516
51,111,0.09532933793201155,0.0012143236607902175
51,112,0.08889339724081885,0.0011823544041511536
51,113,0.08249389336315398,0.0011564097172909182
51,114,0.07612444980112501,0.0011327525714529552
51,115,0.06974263846673126,0.00110069494140963
51,116,0.06333976414035543,0.0010607935969099147
51,117,0.056885149577908405,0.00101836994828719
51,118,0.05029941533798114,0.0009733554737566541
51,119,0.04360943643734405,0.0009276696151430119
51,120,0.036910921231833434,0.0008820115000093276
51,121,0.03024928444228838,0.0008364762289041483
51,122,0.023601225515283916,0.0007909196614983571
51,123,0.016935756044882917,0.0007452276716735096
51,124,0.010231815280450016,0.0006993334847625876
51,125,0.003467237786951199,0.0006531931650004541
51,126,-0.003259525364930343,0.0006075124178541724
51,127,-0.009830232138715277,0.0005630175537491011
51,128,-0.016301992919617852,0.0005192282657638936
51,129,-0.02274729513852651,0.0004756164795876039
51,130,-0.029170544276187607,0.0004321162319123051
51,131,-0.03557542609508451,0.00038867939438225196
51,132,-0.04196582466551927,0.0003453354510281059
51,133,-0.04834983890605943,0.00030216907420643757
51,134,-0.054729324242066946,0.0002589992310148004
51,135,-0.06110374017352339,0.00021596661722289578
51,136,-0.0674701608606948,0.00017396303766015198
51,137,-0.07382262999237224,0.00013162766820973282
51,138,-0.08017379253621526,9.00845453635224e-05
51,139,-0.08653957123804285,5.244817777605437e-05
51,140,-0.09292165451781251,1.3071417849230826e-05
51,141,-0.09929151600593697,0.0
51,142,-0.10584749448190518,9.488691319770037e-05
51,143,-0.11246889529267615,0.0007145078580547137
51,144,-0.11820513845812985,0.0026322084689827108
51,145,-0.1220402476369617,0.007093824075376509
51,146,-0.12299671628378374,0.014859768262925899
51,147,-0.11906268984237954,0.02628362599764611
51,148,-0.10812754599481286,0.040799685093017346
51,149,-0.09163470629925159,0.05549413961277727
51,150,-0.07451310664253177,0.07011646118345072
51,151,-0.06238827973067258,0.08628097745399954
51,152,-0.057580620803365984,0.10180006024611765
51,153,-0.05721415409497459,0.11520981328815172
51,154,-0.058398246882548084,0.12778373367623252
51,155,-0.06067227354605609,0.14001508000214746
51,156,-0.06415325687899781,0.1517564117553033
51,157,-0.06889906654136273,0.16289803380522005
51,158,-0.07484939245149769,0.17334980028427793
51,159,-0.08161560881277372,0.18288168564103446
51,160,-0.08857721857557005,0.1914174144398736
51,161,-0.09546819144321594,0.1995331672539271
51,162,-0.10221548072297931,0.20773026984966203
51,163,-0.10867930958012503,0.21610960772047083
51,164,-0.11468128580230005,0.2246440006252971
51,165,-0.12015740872276773,0.23324475005987944
51,166,-0.1252899733842133,0.2419576738083834
51,167,-0.1302097280729658,0.250830702540332
51,168,-0.13499456685830724,0.26000690886897204
51,169,-0.13976237514484044,0.26965254179571174
51,170,-0.14448952828231876,0.2796457294166862
51,171,-0.14908739862008266,0.28983386578563664
51,172,-0.15350188585604455,0.3001993086558876
51,173,-0.15767295382710447,0.3107377281245124
51,174,-0.16153776234926895,0.3213906032776348
51,175,-0.16505022326306545,0.332113776341354
51,176,-0.168207923352433,0.34287875363844666
51,177,-0.17105327278392246,0.35364881319506103
51,178,-0.173636255569226,0.36445263122770355
51,179,-0.17603578190164362,0.37532816876304775
51,180,-0.17828758263043362,0.38626197782591865
51,181,-0.180285618487482,0.39723704452637043
51,182,-0.1819988852197697,0.4082676264022378
51,183,-0.1835415790831794,0.41932768860125846
51,184,-0.18496959430607543,0.43038642178885733
51,185,-0.1862580582687509,0.4414696647458344
51,186,-0.18739396373252595,0.45257420264836645
51,187,-0.18841028531001824,0.4636601522452195
51,188,-0.18931171004334263,0.4747324365685789
51,189,-0.19003002158446325,0.4856685054185784
51,190,-0.19053980436034101,0.4963008423005124
51,191,-0.19089834528345226,0.5067532052417285
51,192,-0.19116153753086798,0.516979132648542
51,193,-0.19139552139093327,0.5267806329319855
51,194,-0.1916686047714464,0.536352681246135
51,195,-0.19195192267094743,0.545900998067258
51,196,-0.1921391966091546,0.5554394374451024
51,197,-0.19214940909633074,0.5649853695812768
51,198,-0.19195664858859487,0.5745447489631436
51,199,-0.19157302605251267,0.5837588982016648
51,200,-0.19100268702707776,0.5922565713690444
51,201,-0.19018026287235737,0.6003487417691451
51,202,-0.18895844301281903,0.6083334348858668
51,203,-0.18715128707389833,0.6161337429277105
51,204,-0.18464405272255655,0.6236683252249005
51,205,-0.18135421565418833,0.6308506957880983
51,206,-0.17713161394191212,0.6375016906186302
51,207,-0.17197724196885336,0.6434884144222179
51,208,-0.1661321394730669,0.6488843209717696
51,209,-0.15969743146061058,0.6539258157188118
51,210,-0.15272733246755016,0.6588688221438606
51,211,-0.1454652057516186,0.663868962511363
51,212,-0.13813074305576467,0.6690916126508104
51,213,-0.13100330853436304,0.6747228400585854
51,214,-0.12428360127458966,0.6808469255327987
51,215,-0.11787344031337497,0.6873632267712487
51,216,-0.11157555438459316,0.6941666026336752
51,217,-0.10536085672459103,0.7012620654234741
51,218,-0.09925275680773794,0.70953101618687
51,219,-0.09356319270267333,0.71987911032788
51,220,-0.08901698052953205,0.7315178657171124
51,221,-0.08567965947966596,0.7436092426644226
51,222,-0.08301517497808873,0.7560613693772043
51,223,-0.08065662862461564,0.7692533587321
51,224,-0.07842993851546812,0.7837947564294885
51,225,-0.07632023520542533,0.7993283599288218
51,226,-0.07439684088600834,0.8151986422569981
51,227,-0.07271981224252601,0.8319915652768953
51,228,-0.07128972151850013,0.8503608739585753
51,229,-0.07010922503920539,0.869593452679917
51,230,-0.0695647344486787,0.8890332449975099
51,231,-0.07008748163544028,0.9078849541117044
51,232,-0.07114127664102274,0.9254721503890295
51,233,-0.07201515605162155,0.9426868411840489
51,234,-0.07277318334913867,0.9600299715479853
51,235,-0.073286654767318,0.976809819180367
51,236,-0.07244938166380406,0.9898934825295992
51,237,-0.06933004205636807,0.9964287815237672
51,238,-0.06414520630969948,0.9988034613558655
51,239,-0.057870911296807284,0.9997892865592117
51,240,-0.0520224080478734,0.9999990899907454
51,241,-0.04729750471373004,0.9999991772629429
51,242,-0.04303657867719703,0.9999993246541033
51,243,-0.03876837765897865,0.9999994822693555
51,244,-0.034505117369644234,0.9999996219424234
51,245,-0.030257811316453862,0.9999997223469058
51,246,-0.026021146544871695,0.9999997987376205
51,247,-0.02179209013256321,0.9999998682545033
51,248,-0.01756848087496198,0.9999999345202963
51,249,-0.013346217439217992,1.0
52,0,-0.007151056628939111,0.999280071416022
52,1,-0.0002055792194312205,0.9992801648828453
52,2,0.006746368090297293,0.9992802611753447
52,3,0.013426754821377044,0.9992803555160216
52,4,0.01955622453105603,0.9992804397466553
52,5,0.02540528548361894,0.9992805122684979
52,6,0.03125116618341926,0.9992805821840037
52,7,0.03711399140984583,0.9992806703909837
52,8,0.042994588499812296,0.9992808001287458
52,9,0.04887852457530926,0.9992809448031149
52,10,0.05447893267071094,0.9992813201771484
52,11,0.059428295597270975,0.999286191824471
52,12,0.06351173999861773,0.9978930555403633
52,13,0.06611877881253186,0.99204235317495
52,14,0.06668440621702207,0.9804775739052995
52,15,0.06599451950313741,0.965339580130889
52,16,0.06540893692269428,0.9490321385982494
52,17,0.06558391170571429,0.9325368455147189
52,18,0.0661465529838103,0.9164321239701798
52,19,0.066707963776235,0.898783526829103
52,20,0.06757648869493546,0.8773898299029808
52,21,0.06874391142803182,0.8543450743252751
52,22,0.06990435042349737,0.831770515398107
52,23,0.07093367406546144,0.8105051926499779
52,24,0.07188754023583284,0.7912698119374864
52,25,0.07285749317621874,0.7730744321087915
52,26,0.07387413705473464,0.7551542811648727
52,27,0.0748830823603761,0.7375927381634896
52,28,0.07582096438279369,0.7216456706279731
52,29,0.07675416834676353,0.7085952396725017
52,30,0.0780108376199354,0.6970412887938044
52,31,0.08008582583134664,0.6856953014535425
52,32,0.08364382861928057,0.6748636639259651
52,33,0.08919360883043702,0.6648505283142503
52,34,0.09567483314861674,0.6563221277113269
52,35,0.10148244685497736,0.6496358444515195
52,36,0.10680707041127231,0.6438255031787166
52,37,0.11231429369587777,0.6382502919539794
52,38,0.11806816965197872,0.6331714301831668
52,39,0.1240282153833974,0.6286804263708294
52,40,0.13009808579967577,0.6245035386207833
52,41,0.13619387347305073,0.6203501251061408
52,42,0.1421148161569757,0.6160512622081376
52,43,0.14763311889096392,0.6114109579594462
52,44,0.15261590143250983,0.6062973217769878
52,45,0.15676365889971278,0.6005740032222227
52,46,0.15981321662079126,0.5941718294509604
52,47,0.16195795872182467,0.5873092533797541
52,48,0.16344964747820914,0.5802210162934525
52,49,0.16442165683160076,0.5730399405990636
52,50,0.16508013008595002,0.5658424817566795
52,51,0.1655790884025931,0.5586032462187187
52,52,0.16597562808283414,0.5508844697511139
52,53,0.166286595865243,0.5422538890383704
52,54,0.16650993653842577,0.5331329049855664
52,55,0.16666069851615717,0.5239507815360149
52,56,0.16677010000951617,0.5147032758661221
52,57,0.16685185966941174,0.505434591371656
52,58,0.16689789000680838,0.49617921747677574
52,59,0.16689554338024273,0.4869228765412309
52,60,0.1668577394485768,0.47765065534286266
52,61,0.16682657258122752,0.4680788555322559
52,62,0.16678795016778078,0.45765369246262955
52,63,0.1666368046337397,0.44638978122377615
52,64,0.16630346652300443,0.43484897612052065
52,65,0.1658096326929606,0.42327263564091233
52,66,0.16520097343506585,0.41166326973202216
52,67,0.16451285511215727,0.40008130736827263
52,68,0.16373612898491666,0.3885343812636486
52,69,0.16276853750371575,0.37700623601208194
52,70,0.16146727036381298,0.36551423485188195
52,71,0.15990043921676908,0.35459509101471054
52,72,0.15827926018304073,0.3447528756243804
52,73,0.1565958432379704,0.3354442990016483
52,74,0.1547260112484621,0.3262015272388711
52,75,0.152594034648934,0.3170764710013061
52,76,0.15013789273091172,0.30803849805399586
52,77,0.147343453662778,0.29907717938810385
52,78,0.1442558465694543,0.29022971989052027
52,79,0.14094982988676152,0.2814947802996479
52,80,0.13750546736810515,0.2728090928026957
52,81,0.1340175546371636,0.26420676267752574
52,82,0.13053847202474234,0.2557760945815467
52,83,0.12701638022758902,0.24745528967669628
52,84,0.12337153497763322,0.23917842152639746
52,85,0.11954258660909521,0.23098543415558392
52,86,0.11546270083296643,0.22292062237950283
52,87,0.11108435345711537,0.21502598317546784
52,88,0.10639748794478307,0.20737022255160642
52,89,0.10150159423282543,0.20014179113072184
52,90,0.09655277745861583,0.19341237768514463
52,91,0.09163220928120874,0.18686598803184684
52,92,0.08686278675402362,0.18019288040469994
52,93,0.08244260675856192,0.1732807994827561
52,94,0.07820487696345849,0.16460236108469428
52,95,0.0742853410894161,0.15260135143249332
52,96,0.07169239275112302,0.13867477736606282
52,97,0.07079777007999269,0.12441397541813937
52,98,0.07124924223445957,0.11008347855494116
52,99,0.07487115248935314,0.0944517279930549
52,100,0.08473976550244673,0.07704962606553867
52,101,0.09984345660091769,0.06020548589767616
52,102,0.1159967787954357,0.0438947335257196
52,103,0.12825806965146755,0.029208482940393687
52,104,0.13379540479996663,0.019190405936257093
52,105,0.13463992849458561,0.012307659487346578
52,106,0.13254600724515658,0.006990787717123581
52,107,0.1274415283117068,0.0038070438188984035
52,108,0.12004675139652583,0.0024999199001936034
52,109,0.11210075781633029,0.0021888241048194645
52,110,0.10500561957637558,0.002117519036767823
52,111,0.09848641387276427,0.0020543004803111886
52,112,0.09200698490422977,0.0019981978488361474
52,113,0.08556374984554779,0.0019481187855063808
52,114,0.07915035159650156,0.0019003498492967674
52,115,0.07275196055707825,0.0018443444710710688
52,116,0.06638684368433262,0.0017807781470673412
52,117,0.059959614818501664,0.0017143511534701839
52,118,0.05332669450132089,0.0016443110546299211
52,119,0.04655234930186589,0.0015730116300689545
52,120,0.039741764198586514,0.0015015853543085544
52,121,0.032912070201755135,0.0014300557279770532
52,122,0.026067780475185424,0.0013583744272968046
52,123,0.019206017512025806,0.0012865181485718358
52,124,0.012305618143999632,0.001214386605712492
52,125,0.005344316686706836,0.001141898276985187
52,126,-0.0015406463374903747,0.0010703479823154227
52,127,-0.008208201416391784,0.0010010033982900124
52,128,-0.014769802758764312,0.000932788931368056
52,129,-0.02132069365048078,0.0008647140776643081
52,130,-0.0278496426322098,0.0007967826318601157
52,131,-0.034360300567360995,0.0007289475326462957
52,132,-0.04085652454232857,0.0006612383229354091
52,133,-0.04734638670170739,0.0005937199290565465
52,134,-0.05383173943702962,0.0005261975866118762
52,135,-0.0603120447461633,0.0004588068055541017
52,136,-0.06678435297859962,0.0003924470929139723
52,137,-0.07324268623923545,0.0003257721230452981
52,138,-0.07969965740559364,0.00025987154944207
52,139,-0.08617117012257454,0.00019781262463536287
52,140,-0.09265894487167807,0.00013394964801627385
52,141,-0.09917452700203278,5.927678973316475e-05
52,142,-0.10614949109296956,0.0
52,143,-0.1137155158372931,0.00036474646006778855
52,144,-0.12056479244632602,0.002165202291988355
52,145,-0.12514290486673704,0.006258206396731025
52,146,-0.12662272718614992,0.012599114100661724
52,147,-0.1226971187071314,0.023052723895184646
52,148,-0.11144207700038257,0.03871149298188559
52,149,-0.09575102181246392,0.0557849459469939
52,150,-0.08036206492849637,0.07284791299612492
52,151,-0.06979865958571606,0.08936558713224774
52,152,-0.06584999954964464,0.10278672547372081
52,153,-0.0653167019671944,0.11428450977410098
52,154,-0.06561924455633775,0.12569938074213227
52,155,-0.06665301803627603,0.13695132725453885
52,156,-0.06864628383588119,0.14793634302114067
52,157,-0.07186142317437359,0.15858396751439963
52,158,-0.07644853142004714,0.16878258987488914
52,159,-0.0819836338826536,0.17792662213827914
52,160,-0.08768005532707727,0.18565606574076254
52,161,-0.09327935200245553,0.19275536982232655
52,162,-0.0987382294939823,0.1999346973622328
52,163,-0.10389955167067058,0.20730432579639224
52,164,-0.10868682912112161,0.21487115483321417
52,165,-0.11310673589578252,0.22261339463078844
52,166,-0.1172425852630538,0.23053046788864695
52,167,-0.12117529262968532,0.23858782013912838
52,168,-0.12506530944481695,0.24698105616029742
52,169,-0.12907799567713393,0.2559554280345917
52,170,-0.1331627859525896,0.2653069234394896
52,171,-0.13722249653110064,0.27479001698045413
52,172,-0.1411888676104608,0.2843987820017143
52,173,-0.14492500686263743,0.29416604736605845
52,174,-0.14828234036594612,0.30407246004546284
52,175,-0.15119682772734006,0.3140816000536244
52,176,-0.15371447883071668,0.3241820732345514
52,177,-0.15593235114198478,0.3343562305025778
52,178,-0.15794615359013944,0.344579087865593
52,179,-0.15979602397852588,0.35486239665850194
52,180,-0.16142204599682006,0.36522494634025926
52,181,-0.16274172249625307,0.37563575284310946
52,182,-0.16379202267945875,0.3860795145969438
52,183,-0.16470041892119747,0.396532666879145
52,184,-0.1655527884512086,0.4069649460451509
52,185,-0.16635583390565978,0.41739609834299396
52,186,-0.16707597550038053,0.4278300889285571
52,187,-0.16766439230289443,0.43824608924714104
52,188,-0.16808208711871456,0.448657385031067
52,189,-0.1683636001131527,0.4588370514563346
52,190,-0.1686053907611826,0.46851822132485466
52,191,-0.16885498444088512,0.47791911640202867
52,192,-0.16908142432352002,0.4872922527467539
52,193,-0.16925209636086927,0.4966565328585195
52,194,-0.1693701128875137,0.5060089707240474
52,195,-0.16944918819664817,0.5153419667086614
52,196,-0.16949473048793018,0.5246613511430062
52,197,-0.1694969730083864,0.5339833697021974
52,198,-0.16941916619617836,0.5433184732627844
52,199,-0.16922065010924578,0.5521385370921277
52,200,-0.1688885329019422,0.5599133897344943
52,201,-0.1684168931151302,0.5671485157298495
52,202,-0.1677487150151154,0.5743591549337211
52,203,-0.16668802187122803,0.5814932380632803
52,204,-0.1649901483134207,0.5884118704033048
52,205,-0.16246005922847556,0.5949735301952569
52,206,-0.15891809418134153,0.6010100894074281
52,207,-0.15443588316269996,0.6064544648930802
52,208,-0.1493377988133978,0.611425706695697
52,209,-0.14363516933390966,0.6161172383996516
52,210,-0.1372654843168324,0.6207368385640155
52,211,-0.13064784850592645,0.6254155563736609
52,212,-0.12418652405804684,0.6302978068646936
52,213,-0.11805514142491336,0.6355761611169094
52,214,-0.11234275057805307,0.6413306691581797
52,215,-0.1069352585278289,0.6474441153261455
52,216,-0.10169801322616902,0.653729861350331
52,217,-0.09667945042168939,0.6601196584676681
52,218,-0.0917799266069732,0.6681581492013591
52,219,-0.0873678960038457,0.6795533953781608
52,220,-0.08447013576033269,0.693006071273211
52,221,-0.08308081576406175,0.7068775367478541
52,222,-0.08237817491914413,0.7209265276479089
52,223,-0.0818902502337661,0.7358927059873015
52,224,-0.08145409934376412,0.7525984697934138
52,225,-0.08104390220668692,0.770197257867582
52,226,-0.08063594987166882,0.7878522808484563
52,227,-0.08018890650158046,0.8067888030150852
52,228,-0.07969350372618172,0.8281774904662976
52,229,-0.0791250130962948,0.8508798590954971
52,230,-0.07854090666374176,0.8738397320062756
52,231,-0.07824157724518581,0.8959861151588495
52,232,-0.07832420775888398,0.9161761761989953
52,233,-0.07870503158666171,0.9355054827882712
52,234,-0.0794077313337097,0.9548623011038223
52,235,-0.08002883982653512,0.973725264742853
52,236,-0.07937350801157057,0.988634985099642
52,237,-0.07640749243206653,0.9960864056730675
52,238,-0.07122622348144246,0.9987032069597461
52,239,-0.06447476547471521,0.9997710301327631
52,240,-0.05763715847473641,0.999999089936137
52,241,-0.0521282135557383,0.9999991718448561
52,242,-0.047398843970282135,0.9999993217211622
52,243,-0.042661902475342905,0.9999994823119612
52,244,-0.03793009354977702,0.9999996242326277
52,245,-0.03321487831023226,0.9999997252629833
52,246,-0.02851073123143627,0.9999998012385884
52,247,-0.02381450128902973,0.9999998700237585
52,248,-0.01912393718977539,0.9999999354218855
52,249,-0.014434770945643586,1.0
53,0,-0.0038666126528670033,0.9993327003468819
53,1,0.008314167395868413,0.9994010420443284
53,2,0.02050407967438065,0.9994694072827871
53,3,0.032709494661942014,0.9995378327153029
53,4,0.044936552008190356,0.9996063298363559
53,5,0.05716784377877295,0.9996748382233694
53,6,0.06939467831315535,0.999743345653315
53,7,0.08149129154974205,0.9998108848756909
53,8,0.09329943490356217,0.9998763882162892
53,9,0.10479696626596031,0.9999401204544256
53,10,0.11597894378732303,1.0
53,11,0.126847310892538,0.9999402521395989
53,12,0.13680343691686378,0.9992669042101078
53,13,0.14373926334483325,0.9969917977560969
53,14,0.14015833211654002,0.9903711407487436
53,15,0.12008940693241292,0.9791199934931488
53,16,0.09279972092549096,0.9654322012115226
53,17,0.0721819230855228,0.9478842376859691
53,18,0.061790065876272865,0.9269759893931349
53,19,0.057929503766453415,0.905700689395973
53,20,0.0568026082642151,0.8848394700412291
53,21,0.05670255535952348,0.8645466839554288
53,22,0.05696865413237976,0.8453205100347387
53,23,0.05747110887232456,0.8274212342899314
53,24,0.058238778035709246,0.8108604922111577
53,25,0.05934029958939178,0.7957392460194683
53,26,0.06109390984662003,0.781576396479952
53,27,0.06395678445934877,0.7679957710210287
53,28,0.06791400739816793,0.7552231444700321
53,29,0.07230640790123728,0.7438755463836286
53,30,0.07670742899345576,0.7341207650404666
53,31,0.08136915295223886,0.7251781525869571
53,32,0.08664596569889661,0.7166347394571313
53,33,0.09275199899718674,0.708639421155183
53,34,0.09979901501672189,0.7013113267660617
53,35,0.10771827225687898,0.6947411319139003
53,36,0.11618545740450628,0.6889439024204009
53,37,0.12476889207953734,0.6837686654760924
53,38,0.1332599587323945,0.6788644111114772
53,39,0.14150650784070842,0.6738869171445965
53,40,0.14936690237694064,0.6686155306774213
53,41,0.15692219980876007,0.662902342224723
53,42,0.16413211259280916,0.6567042999914541
53,43,0.17062251833509764,0.6501254125254843
53,44,0.17607979499446533,0.6433044833164501
53,45,0.18058948586829193,0.6362161834656799
53,46,0.1843045577461791,0.628784539167224
53,47,0.18727897693485968,0.6210413797720111
53,48,0.18973694280861925,0.612902190975356
53,49,0.19184762688141288,0.60429968975734
53,50,0.19336445073978464,0.595102494070782
53,51,0.19393528451637876,0.5851346122162681
53,52,0.19361535988318912,0.5747449028064308
53,53,0.19250460938564987,0.5637160185587438
53,54,0.19054044885859325,0.5516234172851134
53,55,0.1879381123973333,0.5390053894805296
53,56,0.185091693426204,0.5262319211278821
53,57,0.18229084768779424,0.5133740549176213
53,58,0.1797072697102936,0.5004065851491533
53,59,0.17741824135565684,0.4871161375675189
53,60,0.17542352613010637,0.47348386854190405
53,61,0.17371455346070658,0.4596319424786288
53,62,0.1723002004159278,0.4456258226387867
53,63,0.1711529843401163,0.431501748651581
53,64,0.17021792174645223,0.4173109258902633
53,65,0.1694558910859051,0.40294119907899806
53,66,0.16883577994067187,0.3883040376321937
53,67,0.16833531889684658,0.373578225860977
53,68,0.16798729136460097,0.35887403499164017
53,69,0.16787810709946105,0.3441653538627574
53,70,0.1680392250493213,0.3294776514154295
53,71,0.1684468653180179,0.31484095651506494
53,72,0.16913321838806555,0.3006190011568127
53,73,0.17015909211600785,0.28719291578481565
53,74,0.17156873311773244,0.2742480347235614
53,75,0.17336781705767662,0.26142600153514206
53,76,0.17537812084955134,0.24864056032421855
53,77,0.1771808274864048,0.23581138155240278
53,78,0.17837306697443064,0.2229624483664847
53,79,0.1788254932936563,0.21075440162408476
53,80,0.17859102738949664,0.20001848867397543
53,81,0.17773016848851492,0.1906133009310178
53,82,0.17621352875602242,0.1820831801241577
53,83,0.17392177261067024,0.17405061038879643
53,84,0.17072008818199397,0.16631607163683249
53,85,0.16651712138200558,0.15914207042541717
53,86,0.16141080617426193,0.15271495474897956
53,87,0.15514762991504902,0.14657840044843273
53,88,0.14722666616632854,0.140263886773078
53,89,0.13803400844461455,0.1340778310491575
53,90,0.1283612083891655,0.1282804368713899
53,91,0.11859483303351413,0.12264147446455365
53,92,0.10896102222430713,0.11681679813183632
53,93,0.09974215281911285,0.11047327490348469
53,94,0.09133826627213386,0.10328575916843863
53,95,0.08456627151008095,0.09537870866269771
53,96,0.08010366488634336,0.08718793554760917
53,97,0.07772678644465526,0.07872411663722712
53,98,0.07762229589713211,0.06928972273551448
53,99,0.08041901571214857,0.058586688533476705
53,100,0.08571457045078085,0.047782401613250425
53,101,0.09247513432628718,0.03758467948591615
53,102,0.0995632878510506,0.02754602805147588
53,103,0.1052496208085749,0.018371129768947614
53,104,0.1081931618961998,0.011275605194676963
53,105,0.10830543914882614,0.006358829594740878
53,106,0.10594698982963857,0.0034693235434781755
53,107,0.10200116637269098,0.001978462641272327
53,108,0.09714553270741864,0.001231129535459341
53,109,0.09170247431940966,0.0009608136857430782
53,110,0.08609507865689396,0.0008516537308614902
53,111,0.08046849386099034,0.0008094786745783678
53,112,0.07486739476346713,0.0007899796836801087
53,113,0.06930209247333417,0.0007761621580393285
53,114,0.0637662499204175,0.0007643794897760348
53,115,0.0582453659847405,0.0007442534528846467
53,116,0.052667212417039415,0.0007164302896995878
53,117,0.04695377911426211,0.0006866195547583498
53,118,0.041156340283829786,0.0006553348570258466
53,119,0.03532209433077055,0.0006239768614294539
53,120,0.0294521973606896,0.000592564551972985
53,121,0.023563501314945594,0.0005610979258705573
53,122,0.017660397304740994,0.0005295386071955122
53,123,0.01183141116977036,0.0004986230638002187
53,124,0.00615141684042333,0.00046907546687635637
53,125,0.0005503175240146909,0.00044013520505348236
53,126,-0.004993821402159911,0.00041112627594142026
53,127,-0.010445845476752915,0.0003820960040997745
53,128,-0.01580912730324998,0.0003531090113195745
53,129,-0.021117362248056333,0.00032425971789762364
53,130,-0.02638538637548643,0.000295641288376447
53,131,-0.03159720017587343,0.00026733204237960884
53,132,-0.03676246257136633,0.00023933250783525484
53,133,-0.04189479018238305,0.00021170618618704395
53,134,-0.04700936307090106,0.00018416616940597486
53,135,-0.052119208387217564,0.00015671379730675117
53,136,-0.05726562840661177,0.00013011727946443674
53,137,-0.06241894375433216,0.0001034511697943774
53,138,-0.06751981145126204,7.822500926557563e-05
53,139,-0.07276716715925698,5.607721369182972e-05
53,140,-0.07830368779840143,3.0143081464650834e-05
53,141,-0.08397986118081317,0.0
53,142,-0.0895733502615629,9.17599480309006e-05
53,143,-0.09481532752717216,0.000553079496783293
53,144,-0.09946059574310323,0.0016268242659162047
53,145,-0.10300934563361747,0.003980665363557567
53,146,-0.10443898455732929,0.008601607783509713
53,147,-0.10293752776314057,0.015514736088698577
53,148,-0.09853101782181585,0.023926829216641465
53,149,-0.09232444419478185,0.03314687913094194
53,150,-0.086247466617962,0.04272179878866378
53,151,-0.08190233129464702,0.052813270438288984
53,152,-0.0797936994685034,0.06338562130466274
53,153,-0.07961385683903968,0.07376692299444298
53,154,-0.08098007008017227,0.08368673716634256
53,155,-0.0838920931920924,0.09298044513712278
53,156,-0.08862934629757384,0.10125198672441171
53,157,-0.09518879108054099,0.10833302775589104
53,158,-0.10305664392572574,0.11438172652012457
53,159,-0.11160610480378476,0.1197365335661259
53,160,-0.1204246867766972,0.12473040137814462
53,161,-0.12926005067129448,0.1296319908213357
53,162,-0.13793866813518896,0.13470763611600067
53,163,-0.14629256124839496,0.14022261336805142
53,164,-0.15405015925983015,0.14638245272317196
53,165,-0.16088579467303693,0.15334647053880845
53,166,-0.16654827554581023,0.16117874903520402
53,167,-0.17093169032984235,0.1697575084894234
53,168,-0.17402409095519603,0.17880755769658874
53,169,-0.17595681162261825,0.18808139320452166
53,170,-0.17705167124781862,0.19769322984939663
53,171,-0.17752446391117388,0.2084103280799967
53,172,-0.17737191804239666,0.22059705194994694
53,173,-0.17651646104664256,0.23345713213692088
53,174,-0.1750223237498809,0.2463171651466659
53,175,-0.17325333416260763,0.2591288818880818
53,176,-0.17163799802734703,0.27195381130274354
53,177,-0.17036924615550592,0.2848380079904742
53,178,-0.16945365204004909,0.2977989822211078
53,179,-0.16887437982909292,0.3111089356298249
53,180,-0.16858436272202662,0.3249990637365511
53,181,-0.1685233537346183,0.3391511267766696
53,182,-0.16868881582757697,0.35330291022615234
53,183,-0.1690852553388793,0.3674379581482454
53,184,-0.16966327452864816,0.38152484887560534
53,185,-0.17037777113958602,0.39560212637471837
53,186,-0.17122663526988477,0.4096863801929087
53,187,-0.17222759646440708,0.42372858099628863
53,188,-0.17340930215678949,0.4377147175607057
53,189,-0.17483279805800797,0.45164887824024436
53,190,-0.17655306958735104,0.465475409680015
53,191,-0.17856219024805248,0.47911827371756965
53,192,-0.18084759838050937,0.49253062367706746
53,193,-0.18342013734640042,0.5056457168368076
53,194,-0.1862391096981861,0.5184734143510634
53,195,-0.18920127252990404,0.531218801709
53,196,-0.19212298793306593,0.5440150132634558
53,197,-0.19464020851408242,0.556862661674199
53,198,-0.19632639711291644,0.5692736949397565
53,199,-0.19698345688639277,0.580613460712565
53,200,-0.1965964575020498,0.5913074647394688
53,201,-0.19524076528194445,0.6013710008692038
53,202,-0.1932232564189382,0.6102246778004583
53,203,-0.19080287904521934,0.6183670815483052
53,204,-0.18790673469528502,0.6263111094809426
53,205,-0.18424983232325173,0.6340740356197168
53,206,-0.17963516295881382,0.6416443824644791
53,207,-0.17414068848819275,0.6488635851093787
53,208,-0.16792909758087987,0.6555702892121871
53,209,-0.16115935468133213,0.661746922186129
53,210,-0.15391467963020994,0.6675520342092491
53,211,-0.1460985234484083,0.6731232340111544
53,212,-0.13773230249623586,0.6784407574983526
53,213,-0.12910033501534507,0.683550194969653
53,214,-0.1204332298827127,0.6887335424507586
53,215,-0.1119246172297339,0.6944082035146335
53,216,-0.10391627291488778,0.7009129548111641
53,217,-0.0967596238627118,0.7083693379345861
53,218,-0.0906449372676903,0.7166055025783314
53,219,-0.08541859236482384,0.7255355873741554
53,220,-0.0806416922961342,0.7352978266492969
53,221,-0.07593990910618229,0.7461199110624173
53,222,-0.07145281687532776,0.7580565944645519
53,223,-0.06788239212318427,0.7711507709835912
53,224,-0.0656701613437519,0.7855277909181225
53,225,-0.06451941101825515,0.8007327388001729
53,226,-0.06386186163609611,0.8165344677013382
53,227,-0.0634398402896427,0.8329385807623029
53,228,-0.06326077552455196,0.8503502441344699
53,229,-0.06338611152698481,0.8700212102738649
53,230,-0.06417554782928218,0.8917721848777078
53,231,-0.06662053570527418,0.9140133594515039
53,232,-0.07285937040226267,0.935393585770443
53,233,-0.08725494184064923,0.9547198805905466
53,234,-0.11159252010557615,0.970367150315604
53,235,-0.13633777550443935,0.9821232750203155
53,236,-0.1478872799753573,0.9899599035591432
53,237,-0.14553113854262828,0.9941657579192061
53,238,-0.1366524814844898,0.9962501726251554
53,239,-0.12537826867137383,0.9970086763190156
53,240,-0.11339940845353892,0.9972002520476211
53,241,-0.10126377903835682,0.9972715719199079
53,242,-0.08904920478936278,0.9973405745553373
53,243,-0.07673278408172221,0.9974100140209768
53,244,-0.06432174148015884,0.9974801115065712
53,245,-0.051796568993757744,0.9975511907230434
53,246,-0.03911027872235646,0.9976237118393504
53,247,-0.026348654241030136,0.9976969493664478
53,248,-0.01359704976317824,0.9977701321967543
53,249,-0.000847954135163307,0.9978432648749002
54,0,-0.0035448583301794677,0.9996534704571705
54,1,0.006435835220019176,0.9996887642366588
54,2,0.01642467584079727,0.9997240584404934
54,3,0.02642736778563192,0.9997593666970475
54,4,0.03644945184403309,0.9997947043665557
54,5,0.046475495729990164,0.9998300528290405
54,6,0.056497805803361785,0.9998654149199233
54,7,0.06654451629938639,0.999900852390176
54,8,0.07661715683619236,0.9999363759812093
54,9,0.08644918530147204,0.9999710475278054
54,10,0.09578715268323926,0.9999999999999999
54,11,0.10465493286058083,0.9998459738618352
54,12,0.11256214870318502,0.9990148950206409
54,13,0.11811797533059785,0.996905076840073
54,14,0.11603764609982278,0.9905714281335579
54,15,0.1011134667067374,0.9791291600714722
54,16,0.07931791508506258,0.9666749433300085
54,17,0.06079082237526842,0.9523010737884228
54,18,0.049173004895974905,0.9334299153611265
54,19,0.04383249238636465,0.9129848323122035
54,20,0.042169379581669116,0.8931705089112876
54,21,0.041905341109077454,0.8740390468548368
54,22,0.04231006534219944,0.8557672117744822
54,23,0.04317477384429996,0.8383810525029012
54,24,0.0443409173990686,0.822278203781358
54,25,0.04565602799603113,0.807628034992044
54,26,0.04725276091606551,0.793810627734199
54,27,0.04959672794847957,0.7805342345691326
54,28,0.053124456151497336,0.7676608532041643
54,29,0.057483595132230086,0.7558002536788986
54,30,0.06188195934753729,0.7458916834731149
54,31,0.06633607648009866,0.7371314522432071
54,32,0.07129013521078137,0.7286918270911389
54,33,0.07703416496545971,0.7207683094536662
54,34,0.08379140457393666,0.7135936759902363
54,35,0.09160451230261023,0.7074254326911441
54,36,0.10026361952570877,0.7024173947628026
54,37,0.10939257519804622,0.6984265710641825
54,38,0.11868550962278208,0.6949561695135711
54,39,0.12770820764606888,0.6914459318292094
54,40,0.13606868008984827,0.6875121786094438
54,41,0.14385749400059675,0.6829232862385801
54,42,0.15107249326664407,0.6775861250757467
54,43,0.15738251914449644,0.671446606496589
54,44,0.16252291442068517,0.6645103549769451
54,45,0.16645183420168183,0.6569222342809831
54,46,0.1692384943339803,0.6488013623790341
54,47,0.1710195887870148,0.6402665248310928
54,48,0.17218659656947904,0.6312103703389511
54,49,0.17305071086202725,0.6215215050020503
54,50,0.17330741040586092,0.6109773878278602
54,51,0.17246698486557305,0.5992783928680343
54,52,0.1707046568059713,0.5870325029210917
54,53,0.16865441057867872,0.5747899071102993
54,54,0.1667534042621133,0.5624922625039506
54,55,0.16519835074281802,0.5498502473798876
54,56,0.16404239029757248,0.5365885942914723
54,57,0.16320439367865616,0.52300910345135
54,58,0.16260566350884695,0.5092840289550613
54,59,0.16220432421259676,0.4951927240651324
54,60,0.1619040046839158,0.4807703419826743
54,61,0.16161307647587314,0.4662359619299584
54,62,0.16131330642096742,0.4516915238571021
54,63,0.16101561707950696,0.4371550181654801
54,64,0.16074349538858118,0.4226212790472289
54,65,0.1605403577160975,0.4078602951499256
54,66,0.1604123438752395,0.39269828187052536
54,67,0.16029018251406396,0.37738782463735954
54,68,0.16013103723900746,0.3621122410139894
54,69,0.1600020118840978,0.3468364994154053
54,70,0.159983349122941,0.33155888443833015
54,71,0.1600965140431796,0.31628413982341685
54,72,0.16035114186232957,0.30165445192792695
54,73,0.16079293237416478,0.2883264439244929
54,74,0.16157682026941939,0.2757282987274622
54,75,0.16290673054178936,0.26327869780492175
54,76,0.16473192708621284,0.2509196259653149
54,77,0.16666709933495255,0.2385530960144563
54,78,0.16835183035657691,0.22616179899139188
54,79,0.1696266766081633,0.2137630671666999
54,80,0.17032446117941072,0.20165357398478534
54,81,0.17028481090796527,0.1906793380409053
54,82,0.16946386592034618,0.18113283817908743
54,83,0.16773891919467104,0.17228793044239166
54,84,0.16487266948071513,0.1637889365961548
54,85,0.16073208746325143,0.15602231175617998
54,86,0.1554317481650193,0.14928066281050312
54,87,0.14929536099109186,0.14338439001004544
54,88,0.14232120472633925,0.13792384889529952
54,89,0.13442015582626568,0.1326307939734256
54,90,0.12607126081630227,0.1274568266460061
54,91,0.11774472610264712,0.12224160434283637
54,92,0.10966059187083896,0.11665593042553035
54,93,0.10211321352104417,0.11042130413389906
54,94,0.0954736377129747,0.1033537922746427
54,95,0.09009070293640677,0.09539221108140872
54,96,0.08619719185776273,0.08659865574618708
54,97,0.08404440632639969,0.07725871586012012
54,98,0.08388779428382562,0.06751103875037257
54,99,0.08574760314519667,0.05733695657251259
54,100,0.0894415296258131,0.04729629762887089
54,101,0.0946272890148443,0.03785502121444584
54,102,0.10049303543623234,0.02887452611844432
54,103,0.10584578089998724,0.02030945562113129
54,104,0.10956817794599553,0.012306850397382108
54,105,0.11033838321069882,0.006166678613016674
54,106,0.10796957620767846,0.002931206909634998
54,107,0.10386728121978032,0.0014823095802531938
54,108,0.09883536558274231,0.0008355108146896884
54,109,0.09328882346438354,0.0006311990027679792
54,110,0.08763506650679795,0.0005440270575499673
54,111,0.08195191132835777,0.000520729091568306
54,112,0.07629919177326734,0.0005103384090467955
54,113,0.0706818895318873,0.0005054467753468073
54,114,0.06509371091958195,0.0005024620607613217
54,115,0.059520388247085304,0.0004911380545031818
54,116,0.05382465732155945,0.00047222717837469563
54,117,0.0478647214396484,0.0004514698921311844
54,118,0.04175690543816143,0.00042931856474004437
54,119,0.035611991113226917,0.00040712368787898523
54,120,0.029431134271267125,0.0003849054465676627
54,121,0.023231323927907836,0.00036264865289836745
54,122,0.017016978668650488,0.0003403110567083978
54,123,0.010943765468866303,0.00031904150944239706
54,124,0.0051549444281140866,0.00029998675872033864
54,125,-0.0004565626363613142,0.0002819412753882755
54,126,-0.005951170315255358,0.0002637422303256587
54,127,-0.011293843677219948,0.0002454054564258179
54,128,-0.016487470357948907,0.00022699978608964333
54,129,-0.021596238361428002,0.00020866217269610576
54,130,-0.026685007041607676,0.00019039855648994575
54,131,-0.031757010554858724,0.00017216232317840419
54,132,-0.03679323438976446,0.00015414546028502674
54,133,-0.041778465251358664,0.00013659871475701912
54,134,-0.04673695537132207,0.00011917782374626373
54,135,-0.05169088875935153,0.00010181444544821172
54,136,-0.0567115864721559,8.528904366389423e-05
54,137,-0.06186602772834684,6.828339602737987e-05
54,138,-0.0671637138287275,5.188230670560845e-05
54,139,-0.07282942379083705,3.76828164383447e-05
54,140,-0.07899738726218448,1.8468364122226077e-05
54,141,-0.08539522831957613,0.0
54,142,-0.09174845761381989,8.12126026452642e-05
54,143,-0.09776335020990218,0.0005187343915115106
54,144,-0.10290339858058958,0.0017802185853414976
54,145,-0.10647271868452064,0.004329706439744396
54,146,-0.10756343608199277,0.008952789563461572
54,147,-0.1053386922807581,0.016234917503465507
54,148,-0.10028478012148828,0.025110710427371008
54,149,-0.0942101527180379,0.0342422061617651
54,150,-0.08863007613828974,0.04358766542100201
54,151,-0.08443165283442712,0.05371632255553449
54,152,-0.08216996081998611,0.06431181466306601
54,153,-0.08198382596352384,0.07436748573949326
54,154,-0.08369020790693041,0.08376738851334009
54,155,-0.08700796782355727,0.09262194899399245
54,156,-0.09175636470804674,0.10069553166573586
54,157,-0.09779786948932585,0.10792748614612535
54,158,-0.10489152432952117,0.11435696561889896
54,159,-0.11269820123556347,0.12007944858222075
54,160,-0.12091786960913475,0.1253078969783451
54,161,-0.1292970205913038,0.13033165929846147
54,162,-0.13758319979035044,0.1354687980902417
54,163,-0.14551988441941568,0.14104374589253477
54,164,-0.15275559651629156,0.14732857423206436
54,165,-0.15887136603803864,0.1545289296117055
54,166,-0.1635533014053357,0.16270546795963792
54,167,-0.16671957707910626,0.17165737288804406
54,168,-0.16856312036334162,0.18136214987324895
54,169,-0.1693731546218988,0.19190485196595553
54,170,-0.1693165992284495,0.20320826190295915
54,171,-0.16854169816853784,0.21520501019287697
54,172,-0.16727362897221654,0.22755192365861976
54,173,-0.16566340097013293,0.239935781685907
54,174,-0.16383861991784507,0.25228254872983813
54,175,-0.16213814157245685,0.26460656556391116
54,176,-0.16094594421021535,0.27700573077462987
54,177,-0.16031377775678168,0.2895147723363932
54,178,-0.16003151558993886,0.3021078838740633
54,179,-0.15992841168648614,0.31519230335545356
54,180,-0.15994520005963922,0.3291676592063778
54,181,-0.16006867854420903,0.34355976861271764
54,182,-0.16027873553432948,0.3579461975957159
54,183,-0.16051705530104665,0.372320550818505
54,184,-0.16072896101778159,0.38666168122177935
54,185,-0.16093629201871276,0.40102035437323735
54,186,-0.16120420294895663,0.4154208794280564
54,187,-0.1615486230775131,0.429809621717286
54,188,-0.16193354616679762,0.44418218407328425
54,189,-0.16233100069864065,0.45857850161953695
54,190,-0.16272668033581272,0.4729857061658832
54,191,-0.16311037722572666,0.48735573756924566
54,192,-0.1635274928393162,0.5016249632415013
54,193,-0.16408422574521495,0.5156279926060601
54,194,-0.1648569532128914,0.5292788244154744
54,195,-0.16592287654292187,0.5427351070412422
54,196,-0.16741953910733132,0.5559508613876387
54,197,-0.1693864365622889,0.5687889229755163
54,198,-0.17163311764981137,0.581464769026989
54,199,-0.17370754984701273,0.5941604910941591
54,200,-0.1749190692311117,0.6068802073992408
54,201,-0.1749532071227474,0.6186538070889214
54,202,-0.17424249027303046,0.6284905190373757
54,203,-0.17317869617650533,0.6373211068306935
54,204,-0.17158251839371932,0.6459979496209192
54,205,-0.16904672485832062,0.6543360850830968
54,206,-0.16534794752839252,0.6621567180382251
54,207,-0.16047246210654753,0.6693112250731676
54,208,-0.15451234426841867,0.6756605256924257
54,209,-0.14767437690073898,0.6811816290509891
54,210,-0.14021181308927508,0.6859989042784125
54,211,-0.1320663690390108,0.6902351658565143
54,212,-0.12314506208984351,0.6940191055877432
54,213,-0.1139004768776871,0.697585071459518
54,214,-0.10480697646045802,0.7013812439183876
54,215,-0.09610432571220025,0.7059535374440777
54,216,-0.08809184911098444,0.7116560428281573
54,217,-0.08104171209819731,0.7185285600807514
54,218,-0.0750705896700816,0.7262903383673228
54,219,-0.069895716159278,0.7349146093089722
54,220,-0.06500427345269798,0.7445150659800945
54,221,-0.06009192801152505,0.755334154939293
54,222,-0.05545763536978829,0.7677272522901679
54,223,-0.05200099049959955,0.7811369121902987
54,224,-0.0499899876222965,0.7949123200151286
54,225,-0.048741597658931594,0.8091231582577546
54,226,-0.04767094513036185,0.8242435847166094
54,227,-0.04674444858856118,0.8403496739685401
54,228,-0.046164754156226895,0.8573647213461264
54,229,-0.04614138897868588,0.8764978557155377
54,230,-0.047158351400074836,0.8981483689594352
54,231,-0.05041705151853605,0.9204812771586102
54,232,-0.05883620285788434,0.9416087089230756
54,233,-0.07526807684677486,0.959285797132351
54,234,-0.09783735598307997,0.9729702445746262
54,235,-0.11645833075675,0.9839449125613511
54,236,-0.12244355856956674,0.9909987610677853
54,237,-0.11964853154484899,0.994674555024926
54,238,-0.11336057644977124,0.9969364079821692
54,239,-0.1046684408591477,0.9979053118536538
54,240,-0.09504443487605255,0.998128558716828
54,241,-0.08518104172773913,0.9981683260590551
54,242,-0.07519829836096784,0.9982043357467807
54,243,-0.0651470795004681,0.9982403635310116
54,244,-0.055103528049460046,0.9982763545871601
54,245,-0.044945689767713876,0.9983132864284895
54,246,-0.034528014051718535,0.9983522349485346
54,247,-0.023985319037657982,0.9983921971464124
54,248,-0.013451570368459374,0.9984321060082393
54,249,-0.0029200513207042053,0.9984719450770302
55,0,-0.01196689711713027,0.9987481815565327
55,1,0.0039205871741230585,0.9987460873539064
55,2,0.01968496229356221,0.9987439031160822
55,3,0.03540004866989623,0.9987416704202813
55,4,0.0510768329738698,0.9987394478177594
55,5,0.06663497159409522,0.9987372483746105
55,6,0.08211478476332582,0.9987350565794693
55,7,0.09749778073999352,0.9987328702149125
55,8,0.11268696663669839,0.9987305329797551
55,9,0.12766527374802383,0.9987264625223904
55,10,0.142513191368753,0.9987115704755637
55,11,0.15727169375110123,0.9986149308655224
55,12,0.17102292739857583,0.9980892048962953
55,13,0.18087014863840636,0.9958681957352636
55,14,0.18307617690115824,0.9894184143349709
55,15,0.1763753854698701,0.9774837320385747
55,16,0.1648527315218326,0.962874977844233
55,17,0.15496995536242544,0.9484156803954852
55,18,0.14924585026942172,0.9341477155168092
55,19,0.1463233315030002,0.9197981373203525
55,20,0.14493616210195487,0.9054483296372413
55,21,0.1447360090115669,0.8913907210498736
55,22,0.14546228996329413,0.8780387839766545
55,23,0.1469436710115393,0.8654113611027641
55,24,0.14919175711070862,0.8530740605791589
55,25,0.15227754592334872,0.8410136529791857
55,26,0.15616312502116492,0.8296705160200838
55,27,0.16076843625732742,0.8190837607362951
55,28,0.1661205320674895,0.8088831678069751
55,29,0.17224341240463772,0.7989617719327498
55,30,0.17912052550869326,0.7894301863550754
55,31,0.18674526247652892,0.7802265886043156
55,32,0.19514030440116137,0.7712002054614802
55,33,0.20425040699586436,0.7622812972960896
55,34,0.21380075694259795,0.7536102482733503
55,35,0.2235618567547948,0.7453328062316182
55,36,0.2333584595840417,0.7374313587146185
55,37,0.2429401710161126,0.729763300158609
55,38,0.2521786417012437,0.7220215066639364
55,39,0.26107256008755075,0.7139024662443276
55,40,0.269621677578308,0.7053102887458552
55,41,0.2777872412583798,0.6963639690039123
55,42,0.28556436835354687,0.6872065086422946
55,43,0.2930004248760019,0.6778758489808654
55,44,0.30010120708641036,0.6683475331585172
55,45,0.3068020815350329,0.6585683070833801
55,46,0.3129516682641976,0.6485850396151688
55,47,0.31847354415084445,0.6385050366361114
55,48,0.32348354629354653,0.6282149046039394
55,49,0.32802837965280607,0.6176081732304879
55,50,0.3321186461948802,0.6067609659618096
55,51,0.33590157973756074,0.5957376746364804
55,52,0.3394670075346513,0.5846097063478283
55,53,0.34276123464872144,0.5733703920720434
55,54,0.3456797510880677,0.5620307946640678
55,55,0.3481662484852026,0.5506649017432879
55,56,0.350250864284191,0.539048906342842
55,57,0.3519606793792659,0.5270537607699618
55,58,0.3533527973625646,0.5149174614278326
55,59,0.35454840942244764,0.5027497181167211
55,60,0.355572774845545,0.4905187433502194
55,61,0.3563422945656394,0.4782011229467059
55,62,0.356788905627795,0.46573560482468157
55,63,0.3569058301389101,0.4530358939883281
55,64,0.35673364016306774,0.4400636870859759
55,65,0.3563048570755863,0.4268720477691048
55,66,0.3555994536446095,0.41359623128811196
55,67,0.35460264033412386,0.40041140632802463
55,68,0.35335641137222806,0.3874441236620456
55,69,0.3518585534779303,0.37461444637274643
55,70,0.34998672266202496,0.361789061952021
55,71,0.3476004376813285,0.3490567731963573
55,72,0.34468999406329454,0.3365236540910077
55,73,0.34136594570171497,0.3241384200068801
55,74,0.3377275488426225,0.3118519735923053
55,75,0.33381468600938197,0.29968124851047095
55,76,0.32962494450487284,0.2876638528082085
55,77,0.3251492067946897,0.2758409955373321
55,78,0.32033634377843034,0.26410809071227215
55,79,0.3151057851722161,0.25234585715754754
55,80,0.3094339656469574,0.24060234132302138
55,81,0.303344811687463,0.22893611005962733
55,82,0.2969020991617924,0.2174067357812478
55,83,0.29013745280107145,0.20606243765170995
55,84,0.28301068734720786,0.19491211328975322
55,85,0.2755031170751221,0.18397554623496293
55,86,0.2676267342307059,0.17322818871972978
55,87,0.25939869684162736,0.16265638857869935
55,88,0.2508686245030716,0.1523476190992067
55,89,0.2420812082616921,0.14233573331204752
55,90,0.23300039908315387,0.1325415696140525
55,91,0.2235691497656964,0.12296154258658798
55,92,0.21391624731061534,0.1137583770919195
55,93,0.20427680804628212,0.105022974125067
55,94,0.1947300304623018,0.09648987079918225
55,95,0.18546758767345445,0.08769776883789038
55,96,0.17733530784382842,0.07845629852076441
55,97,0.1717104818987711,0.06941146575736257
55,98,0.16925695554248815,0.061344418013157154
55,99,0.16939248274177515,0.05405650710944909
55,100,0.17110118472996028,0.047167929573218914
55,101,0.1734297158740714,0.040505324497795536
55,102,0.17556425987461172,0.033782201803927325
55,103,0.1768493851564201,0.02708274664828325
55,104,0.1767479484165771,0.020767847395816608
55,105,0.17457297992015874,0.015108733846070255
55,106,0.1697943456546732,0.010548951639303028
55,107,0.16274364663053326,0.0074137836377248245
55,108,0.15427967509416843,0.0054162066207605886
55,109,0.14518860746025805,0.004070217204063198
55,110,0.1359805057067703,0.0030887609509461234
55,111,0.12678017833421465,0.002305769989462414
55,112,0.1175541854333898,0.0016401607736499235
55,113,0.10830979796268309,0.0010835860845933576
55,114,0.09908791809281287,0.0006713291167922408
55,115,0.08986292548387587,0.00043509932880325675
55,116,0.08056622702458163,0.00032254528843755903
55,117,0.07125294484349552,0.000270434905614958
55,118,0.06194060556553535,0.00024435519164389685
55,119,0.05256428775326328,0.00022417021807252802
55,120,0.043127681266132575,0.00020557767824325168
55,121,0.033664866165509545,0.00018729876913403665
55,122,0.024191261862167402,0.00016897539220206426
55,123,0.01472677500961845,0.00015057110621674585
55,124,0.005421436851593287,0.00013258972985008555
55,125,-0.0035755523667011986,0.00011563474830367237
55,126,-0.012359663425167753,9.9248053709311e-05
55,127,-0.021062799677820983,8.282329337649941e-05
55,128,-0.029702972837895702,6.634022628515535e-05
55,129,-0.038279286834000024,4.982245507478833e-05
55,130,-0.046817718757913275,3.329103371618736e-05
55,131,-0.055326043132824666,1.6828428741955115e-05
55,132,-0.0637920203787166,3.0498352817653895e-06
55,133,-0.07222553074460387,0.0
55,134,-0.0806757639112369,3.082586475300353e-05
55,135,-0.0891926803328193,0.00012179773999887455
55,136,-0.09781596841157143,0.00031814371727256763
55,137,-0.10661471086476862,0.0006685087792305255
55,138,-0.11555361196698968,0.0011599173865767254
55,139,-0.12450844126350051,0.0017606406900985139
55,140,-0.13338468670891707,0.0024973541260187027
55,141,-0.1421006784042559,0.003420976432186529
55,142,-0.15059497687966414,0.0046367819596383475
55,143,-0.1585611309161557,0.0063673608215809585
55,144,-0.16549587866418575,0.008963773422087318
55,145,-0.1708550125597298,0.012845842260158613
55,146,-0.17406092073597113,0.018147458546167283
55,147,-0.1750238563832128,0.024529912684886024
55,148,-0.17413719860942883,0.03145047484988317
55,149,-0.17208157312934352,0.0384716946954613
55,150,-0.16976057075467532,0.04551512414734449
55,151,-0.16807541366998952,0.05272613816598859
55,152,-0.16806735792253022,0.06050739340016753
55,153,-0.17069545282041243,0.06919412467194719
55,154,-0.176282787985053,0.07835881409131606
55,155,-0.1842424488859223,0.08736656537913168
55,156,-0.19341652155643577,0.0959602318070405
55,157,-0.20303031593721668,0.10438972033145011
55,158,-0.21281615702736015,0.1130870918288811
55,159,-0.22248256863825167,0.12215460100036413
55,160,-0.23181350817262444,0.1315227128051345
55,161,-0.24079641013345826,0.14107954687029678
55,162,-0.24946101563178114,0.15077341727082327
55,163,-0.2577929141344512,0.1606535978653031
55,164,-0.2657552233502852,0.17069087929643334
55,165,-0.2733796501285392,0.18086299024422847
55,166,-0.28070872607665875,0.19125533541765805
55,167,-0.2877310458414243,0.20192332853133632
55,168,-0.2944540005003506,0.21283472548935278
55,169,-0.3009030539469533,0.223963391766122
55,170,-0.3070311285457828,0.23530671909762257
55,171,-0.3127640773284341,0.2468291309247177
55,172,-0.31808332484322505,0.2584342917332433
55,173,-0.3229801507885399,0.2699637031700026
55,174,-0.3274891851503584,0.2813802230942861
55,175,-0.33170386568515203,0.29279824368255414
55,176,-0.33567047539731143,0.3042787834073847
55,177,-0.33938398981331686,0.3158214995508891
55,178,-0.3428167075686893,0.3274329581885753
55,179,-0.34588501694749707,0.33919979328481753
55,180,-0.34845970617247896,0.3512082353209218
55,181,-0.3505004750266121,0.36340681697515076
55,182,-0.3521355657817688,0.37572044190729226
55,183,-0.3535019732463775,0.38808902370238363
55,184,-0.3546432778403272,0.4005209603491382
55,185,-0.3555710222201347,0.4130876681594814
55,186,-0.3562936111380454,0.42574556653699724
55,187,-0.356788875026296,0.4384096450843752
55,188,-0.3569858024010969,0.45100405205908467
55,189,-0.3568233996412229,0.4634394725999036
55,190,-0.356315502305165,0.47570694665677093
55,191,-0.35553315113479983,0.48797276062578054
55,192,-0.35455773705461463,0.5004077484423786
55,193,-0.3533957216405881,0.5129695474944336
55,194,-0.35192878569113945,0.5255788594193904
55,195,-0.3500372743856225,0.538187072257376
55,196,-0.3476855562873257,0.5507205495103439
55,197,-0.34489747638488,0.5630530318123327
55,198,-0.3417468524026415,0.5750979181898119
55,199,-0.3383035809044535,0.5870170072174677
55,200,-0.33456582286595327,0.5989632826835651
55,201,-0.3304393880082165,0.6108320699681706
55,202,-0.3258272127331491,0.6224093615898032
55,203,-0.320725789613026,0.633562908350382
55,204,-0.3151436802182796,0.6443146917373761
55,205,-0.30904206923700067,0.6547179183600487
55,206,-0.3023999984157449,0.6648149285542567
55,207,-0.2953166992729315,0.6745801916691032
55,208,-0.28790765106101757,0.6839768455804757
55,209,-0.2801785522358093,0.6931121504350382
55,210,-0.2721783000554838,0.7020014904570908
55,211,-0.26394432239963994,0.7105418362354954
55,212,-0.2554291221690894,0.7186656785976004
55,213,-0.24661802099351504,0.7263626989023813
55,214,-0.2375345150141876,0.7338027983916972
55,215,-0.22829507103814728,0.7412607378957248
55,216,-0.21904269320594605,0.749007584273104
55,217,-0.2098431167073589,0.7572540423203306
55,218,-0.2008257892786092,0.7659685536419925
55,219,-0.1921693418971651,0.7750612984724234
55,220,-0.18406642642830584,0.7845269347318256
55,221,-0.17669208167699343,0.7944167778099255
55,222,-0.1700568631593537,0.8049069258883589
55,223,-0.16418252272327263,0.8158701074827032
55,224,-0.15914258264296288,0.8270196954995057
55,225,-0.15488756972278098,0.8386037742491328
55,226,-0.15137449314710028,0.8510166474213466
55,227,-0.1486742675007546,0.8643437392506741
55,228,-0.14691998259216493,0.8785551526645848
55,229,-0.14624385267315024,0.8935714946020687
55,230,-0.14679934207836218,0.9091314530307317
55,231,-0.148930277069084,0.9247808326966647
55,232,-0.15384984610489177,0.9402445903853526
55,233,-0.16245972622393431,0.955332523946944
55,234,-0.17331799613492813,0.9694459500732711
55,235,-0.18169820440836118,0.9818238766916576
55,236,-0.18265414853295509,0.9913603298144059
55,237,-0.17588173130032478,0.9970469788757602
55,238,-0.16430490736774778,0.9993435684902414
55,239,-0.1505880773221754,0.9999005749401929
55,240,-0.13598769575138678,0.9999920678858887
55,241,-0.12074000161176343,1.0
55,242,-0.10506855563585517,0.9999982986468589
55,243,-0.08930014506968281,0.999996034647433
55,244,-0.0736444500050564,0.999993753032838
55,245,-0.05818989285586355,0.9999914671967548
55,246,-0.04287176095701083,0.999989183834408
55,247,-0.027578606857152434,0.9999869419247578
55,248,-0.012232483267622605,0.9999847823806928
55,249,0.0031396192695189924,0.9999826641976638
56,0,-0.012843887166727677,0.9985591457958656
56,1,0.005082641955932818,0.9985574242085828
56,2,0.0230209801687055,0.9985557120468008
56,3,0.04097935476860941,0.9985540019797411
56,4,0.058875246175632286,0.9985523243698772
56,5,0.07658413063672521,0.9985507166941877
56,6,0.09415994424300583,0.9985491485504884
56,7,0.11160779117188813,0.9985476215958722
56,8,0.12882227523445725,0.9985461819036737
56,9,0.1457707616891547,0.9985448131475807
56,10,0.16257635132461445,0.9985436562280081
56,11,0.17923371561877513,0.9985263991200882
56,12,0.19479102495429515,0.9983102751054453
56,13,0.20665672801819845,0.9967759252893648
56,14,0.21034834800412044,0.991511007192482
56,15,0.2037914906143197,0.9809181817136745
56,16,0.19162309879927317,0.9674507564350276
56,17,0.1814323306187619,0.9538012071711999
56,18,0.17646981113170376,0.9396956735447426
56,19,0.17488473493513804,0.9250537873395317
56,20,0.17480069439334522,0.9103463139656687
56,21,0.17572709421795574,0.8958806636539944
56,22,0.17740085419683874,0.8820058182196218
56,23,0.17965094675147888,0.8688611144513051
56,24,0.18246434294900618,0.8561446149131673
56,25,0.18590679629652168,0.843717589631013
56,26,0.18999237964917354,0.8318411415690071
56,27,0.19475090521710392,0.8205334446838694
56,28,0.20031427359433251,0.8094872820446036
56,29,0.20673385451046983,0.7987369758703915
56,30,0.21398620917047775,0.7884229253722549
56,31,0.22200220258755124,0.7783655532348082
56,32,0.23052197120658172,0.7684405183976659
56,33,0.23925630226657266,0.7585827002771066
56,34,0.2480041506210145,0.748785699866189
56,35,0.2566661219369557,0.7391652419823521
56,36,0.2651710903013427,0.7297592382646437
56,37,0.273369060393736,0.7205047229710213
56,38,0.28122208018679434,0.7112220058475576
56,39,0.28877258281080076,0.7017805278404157
56,40,0.29606754640042526,0.6921557667477559
56,41,0.30317426455212054,0.6823554723575522
56,42,0.310082869536903,0.6724512195321954
56,43,0.31679462054617097,0.6624509828944577
56,44,0.323333365523107,0.6522795712280693
56,45,0.3295844386734194,0.6419361191507593
56,46,0.3354396897097844,0.6313917689093249
56,47,0.34097013461219056,0.6205612126469825
56,48,0.34621331692683327,0.6094337027433807
56,49,0.3510832002323584,0.5980191269614569
56,50,0.35559898890562613,0.5863609377372578
56,51,0.35996825823822765,0.574542580509403
56,52,0.3643213985639984,0.5626389039121278
56,53,0.3685541724808917,0.5506155437349398
56,54,0.3724416641987703,0.5385317500580997
56,55,0.37583147388636473,0.5265089861762586
56,56,0.37871577037467086,0.5143923849086016
56,57,0.38110490436623196,0.5021941846219459
56,58,0.38310814583338515,0.490064883685439
56,59,0.3849299177967507,0.477919117428238
56,60,0.38659533780374367,0.46569105745845907
56,61,0.3879570189332019,0.45338737168665966
56,62,0.38890285948220304,0.4410201685663516
56,63,0.3894392311689939,0.4285738917169707
56,64,0.38966598485204945,0.41593495390872304
56,65,0.38967529503574516,0.403039850764895
56,66,0.3894537980198288,0.3900240293889028
56,67,0.3889601855669103,0.3771233721085955
56,68,0.38823969164081956,0.3645228246692753
56,69,0.38734786247687086,0.35219996142631105
56,70,0.3862282059296308,0.34000515291376965
56,71,0.3847594149656176,0.32788718490928725
56,72,0.38288591176982395,0.31588623197415044
56,73,0.38060047938442293,0.30404182731887064
56,74,0.3778917912218297,0.2923786395076169
56,75,0.3747865283681656,0.28090695444292946
56,76,0.3713407707869675,0.26965976368678746
56,77,0.3675994061185356,0.25868733872710636
56,78,0.3635102037005816,0.24780564896909618
56,79,0.3589608476695962,0.23682050302631297
56,80,0.3538951987194473,0.22580112168796385
56,81,0.3483253057627674,0.21482586086082955
56,82,0.3423522347631368,0.20398448961411753
56,83,0.33603545816478264,0.19334538734236872
56,84,0.32933160459673844,0.18290819048867868
56,85,0.32222938016100794,0.17269284749263492
56,86,0.314743032106406,0.16265857499032044
56,87,0.30687603874091024,0.15278370973250532
56,88,0.29867990444858405,0.14317913702848017
56,89,0.2902040604626251,0.13388381330233068
56,90,0.28140186076725154,0.1248228939480237
56,91,0.2722238811173994,0.11603718543954722
56,92,0.262900499520656,0.10776521492077729
56,93,0.2537816135888967,0.10012300062863466
56,94,0.24488225964645488,0.09274658863312124
56,95,0.23626011717188886,0.08509506131496114
56,96,0.2287624637879899,0.07712975035718517
56,97,0.223618592968997,0.06938541366719131
56,98,0.22135028768403073,0.06213890787876397
56,99,0.22169109440817925,0.055301947507554905
56,100,0.22377328481947892,0.04891386922312713
56,101,0.22644457317053537,0.04282490104345249
56,102,0.22876861380820115,0.03664409267273028
56,103,0.23004949249838857,0.030335299701020557
56,104,0.2298084567430352,0.024157794971607638
56,105,0.22724570481110165,0.01823789530562614
56,106,0.22132233766315965,0.013106714473318015
56,107,0.21229961346050982,0.009496375509096655
56,108,0.20153422290891368,0.007247174325166972
56,109,0.18997106578507694,0.005707664632887299
56,110,0.17808684348115333,0.004492760674322471
56,111,0.16613392102736269,0.0034503521691179317
56,112,0.15417921477099292,0.0025137527663052772
56,113,0.14221859718341703,0.001670525401267997
56,114,0.1302624562399767,0.0010113076473123872
56,115,0.11822397433227409,0.0006191538708245625
56,116,0.10591993866419477,0.0004307346237275578
56,117,0.0934048306222268,0.0003474895728337035
56,118,0.08081766110165407,0.0003092745744533998
56,119,0.06815465524016429,0.0002813197225399744
56,120,0.05542517880056744,0.00025629891536294025
56,121,0.042675499939639025,0.00023189314594351806
56,122,0.029933282866816086,0.00020749958174914873
56,123,0.017231126691651694,0.00018304293516469006
56,124,0.004851286069699012,0.00015944439852233483
56,125,-0.006914252264109687,0.00013779031403626796
56,126,-0.018269727120429385,0.00011720364076972523
56,127,-0.029495322512813546,9.662109161689969e-05
56,128,-0.04065329974177768,7.610812767011588e-05
56,129,-0.05177422298614764,5.575205932084604e-05
56,130,-0.06287332941161523,3.547970973527548e-05
56,131,-0.0739276457051917,1.533322789348812e-05
56,132,-0.08490783102578739,0.0
56,133,-0.09582010151568736,3.834383542344888e-06
56,134,-0.10677877093841073,6.758052112865176e-05
56,135,-0.11789767505078243,0.00023561783429715266
56,136,-0.1292263390231706,0.00058808898274465
56,137,-0.14078515554443094,0.0011880971889685066
56,138,-0.15243002310641643,0.0019651565513214564
56,139,-0.16403731578263983,0.002842531437302509
56,140,-0.17554762891946493,0.003818293116719551
56,141,-0.1868267321895164,0.00494307736095112
56,142,-0.19773921390376528,0.006347149940283625
56,143,-0.20787981821572313,0.008255022173829563
56,144,-0.2165794161680888,0.011152666064929262
56,145,-0.2231502290565751,0.015428811563422462
56,146,-0.2270158412783413,0.020934663810016074
56,147,-0.22823464759467238,0.02730017237416016
56,148,-0.22731469874917581,0.03405871549531092
56,149,-0.22498077866896993,0.04076816748001244
56,150,-0.22223788495898902,0.0474176241892047
56,151,-0.22018345979878912,0.05424220686039838
56,152,-0.2199052683757882,0.0612256424928298
56,153,-0.2220905715202083,0.0684346766930789
56,154,-0.22705530830647463,0.07613959046845975
56,155,-0.23443240849571167,0.0840495809975208
56,156,-0.2430335898193769,0.09159511376012497
56,157,-0.25209720714653105,0.09896320944237647
56,158,-0.26145726081715387,0.10668081874330093
56,159,-0.27075738884267,0.11483978695425157
56,160,-0.27968087390275503,0.12333557594858546
56,161,-0.2882265247096295,0.13204753844222017
56,162,-0.29647933197391063,0.14092960655718167
56,163,-0.30442510089551683,0.15003965328643043
56,164,-0.3119931607126524,0.15932813600295692
56,165,-0.31922446591761716,0.168756908495167
56,166,-0.3261750599134927,0.17842557660728642
56,167,-0.33281809556642966,0.18840746613796555
56,168,-0.33915210570459753,0.19867209741203973
56,169,-0.34519959404742684,0.2091885301786064
56,170,-0.3508782310266806,0.21993665192177014
56,171,-0.35608012413077494,0.23085237372173262
56,172,-0.3608020744686601,0.2418024024790607
56,173,-0.3650926906727958,0.2526555529620267
56,174,-0.3690315487865659,0.26346508419761405
56,175,-0.37267224885720923,0.27431940380836706
56,176,-0.37598334131584604,0.28524199174890363
56,177,-0.3789000249737214,0.2962919746150001
56,178,-0.38139211687187263,0.30749550188786523
56,179,-0.38345970893355014,0.31887000078533445
56,180,-0.38510458204208575,0.3305219425096968
56,181,-0.38637555553488356,0.3424803757836299
56,182,-0.3873784758728916,0.35458672637246624
56,183,-0.38818789718824454,0.3667081108072682
56,184,-0.3887985284087292,0.3789097152610337
56,185,-0.38919800366966434,0.39130518696051564
56,186,-0.389415440815425,0.40382651086718024
56,187,-0.3894478386268957,0.4163566220341709
56,188,-0.3891958371569873,0.428858387795934
56,189,-0.3885371317165019,0.44126684027346774
56,190,-0.38744946489232945,0.4534988844018082
56,191,-0.38601564922854104,0.46576046778939884
56,192,-0.38435345936814286,0.4783334354236112
56,193,-0.3824818272483729,0.4911473310176555
56,194,-0.38023722946662036,0.5040745712838981
56,195,-0.37745779977430616,0.5170389763480276
56,196,-0.374110091627297,0.5299362974195296
56,197,-0.3702351022275749,0.5427087956485629
56,198,-0.3659718413108156,0.5553540159924537
56,199,-0.361551520570792,0.5679201203093862
56,200,-0.3570981742218735,0.5804378716482972
56,201,-0.35248072866061664,0.5928446740830144
56,202,-0.34753614609688094,0.6049162859777266
56,203,-0.3422736496101488,0.616506209028487
56,204,-0.33670276764402285,0.6277499734613953
56,205,-0.33072714795218594,0.6387745319525824
56,206,-0.3242657118358714,0.649618057902841
56,207,-0.31747894377438707,0.6601436063567652
56,208,-0.3107059308518599,0.6700869111428231
56,209,-0.30404115444555185,0.6795855756618981
56,210,-0.2973658568111386,0.6889418485584289
56,211,-0.29057969941555584,0.6981771559628827
56,212,-0.28357362916553364,0.7072364804581582
56,213,-0.27628118121463424,0.716112105248369
56,214,-0.2687228779849257,0.7248381231180254
56,215,-0.2609776647102446,0.7335175653724915
56,216,-0.2530560423807785,0.7423716217596292
56,217,-0.24483737969906866,0.7516500426915207
56,218,-0.23635810319805944,0.7612873372946214
56,219,-0.2278638391998417,0.7711080653239569
56,220,-0.2195761521711488,0.7812576322917937
56,221,-0.21170380621673512,0.7920944305243451
56,222,-0.2044649977353544,0.803877939768141
56,223,-0.19807707957037055,0.8162608682005202
56,224,-0.19263262020041494,0.8287369176309951
56,225,-0.18801116724204717,0.8414447726307376
56,226,-0.18410592747914126,0.85477789511536
56,227,-0.1808865949155295,0.8689333622964822
56,228,-0.17840911711744914,0.8836449032396365
56,229,-0.176781537483764,0.8986373216095123
56,230,-0.1761331961487651,0.914013666778785
56,231,-0.1767807947307575,0.9294045868517242
56,232,-0.18040184998615616,0.9444378918146897
56,233,-0.18856946221034443,0.9590342425214181
56,234,-0.19988898352864415,0.9723084357765842
56,235,-0.2086587610960516,0.9833694225768218
56,236,-0.20919363548242384,0.991816484465038
56,237,-0.2015081925339211,0.9971200515293988
56,238,-0.18867419315224968,0.9993850730740086
56,239,-0.1734183234348181,0.9999222478318911
56,240,-0.1570543328775899,0.9999952986112896
56,241,-0.13967856268172904,1.0
56,242,-0.12156994069828742,0.9999985124673949
56,243,-0.10326169346096035,0.9999969298320532
56,244,-0.08511089198427153,0.9999953563850129
56,245,-0.06723863620478045,0.9999938037340583
56,246,-0.04951608464356895,0.9999922568617284
56,247,-0.031900753867307424,0.999990706117018
56,248,-0.014403071573835873,0.9999891583411616
56,249,0.003036580289051823,0.9999876153044657
57,0,0.00496045384109143,0.9999983632061188
57,1,0.01820530682367404,0.9999984873806176
57,2,0.03146007959320335,0.9999986158914355
57,3,0.044731654102905916,0.9999987444730046
57,4,0.058026522079462566,0.9999988630571224
57,5,0.071325702346409,0.9999989656110072
57,6,0.08461976182412574,0.9999990638806717
57,7,0.09793722676772973,0.9999991927597311
57,8,0.11125293299162241,0.9999993916683174
57,9,0.12448877797523342,0.9999996200175372
57,10,0.13769607027967776,1.0
57,11,0.15046553881253164,0.9999750489785494
57,12,0.16154337409917055,0.9996903557263446
57,13,0.1696732257597082,0.9982241424319367
57,14,0.17412948235950867,0.9941650383810233
57,15,0.17561113851509935,0.9863127498694105
57,16,0.17601515907450774,0.9749640039567361
57,17,0.17688763045450623,0.9618349375014164
57,18,0.1784258471784318,0.9481881755655908
57,19,0.18033842229737188,0.9344448882373992
57,20,0.182710674729859,0.9209202247846255
57,21,0.1854786893036876,0.9078901269465253
57,22,0.18855047731475613,0.8954123043451153
57,23,0.19197024727989997,0.883319749076094
57,24,0.19590414027179376,0.8713487954505686
57,25,0.20046034203606447,0.8595758795496767
57,26,0.20557827723034017,0.8484641130259343
57,27,0.21112413415661269,0.8382933913384882
57,28,0.21704616555251105,0.8286060560705721
57,29,0.22327163462970662,0.8189034003882889
57,30,0.22995168697651192,0.8088951332436808
57,31,0.23737245543581081,0.7983829871536413
57,32,0.24537598310851816,0.7877202597436933
57,33,0.2537492043443968,0.7772102095641822
57,34,0.26246981318652957,0.7668222032479233
57,35,0.2713901381813011,0.7566401537003604
57,36,0.2803458301489861,0.7466464868090118
57,37,0.2892543019230203,0.7366040578998132
57,38,0.2979505766156381,0.7263943269984182
57,39,0.3062859505363258,0.7159582284449686
57,40,0.3142264745107157,0.7051508605590673
57,41,0.3217830567443802,0.6939348311412745
57,42,0.3290335862327311,0.6824572041462522
57,43,0.33614463433079744,0.6708759554475587
57,44,0.34322373181882393,0.6592519144619455
57,45,0.3501126055770399,0.6476703173999185
57,46,0.3565798022264274,0.6361524730940475
57,47,0.3626209879788547,0.624573061761182
57,48,0.36834568714490645,0.6128666746081768
57,49,0.37382950870568116,0.6009882948152174
57,50,0.3790842226758225,0.5888268193412851
57,51,0.3840211778359884,0.5763893923748261
57,52,0.3886018904561075,0.563766778323926
57,53,0.39289862934481906,0.5509452883452364
57,54,0.3968050170620981,0.5382472745640139
57,55,0.4000969679831416,0.526012037114823
57,56,0.40278293306778884,0.5138257572392757
57,57,0.40495527710046453,0.5014202305166855
57,58,0.40667954654153904,0.48906046800294667
57,59,0.4080860753032378,0.476898525806872
57,60,0.40931062507089594,0.4648198880591137
57,61,0.4104092304622299,0.45270978351294267
57,62,0.4113416506527838,0.44058082266398646
57,63,0.412032069777342,0.42834929724664195
57,64,0.4124213882252351,0.41571879170494663
57,65,0.4125090192946012,0.4025470510961172
57,66,0.41235749808155114,0.3891020401456373
57,67,0.4120404953066313,0.3756156281169116
57,68,0.4116023936536323,0.36233048493419473
57,69,0.41104398446227397,0.34948070623671734
57,70,0.410296822213771,0.33688091975984114
57,71,0.4092309167934684,0.32433844705011505
57,72,0.40771487864977546,0.3119736777605796
57,73,0.405667939110714,0.2999114663283109
57,74,0.4030874627323819,0.2881182095180346
57,75,0.4000416783466761,0.27654178787047545
57,76,0.3966410564650341,0.2652562492351145
57,77,0.3929697537161236,0.2543658287439886
57,78,0.388842954872178,0.2434387055134174
57,79,0.384016938338597,0.23200344153849395
57,80,0.37859824748942467,0.22039114077189081
57,81,0.37274423472920387,0.20899363383971448
57,82,0.36647609733280445,0.19788946055958412
57,83,0.3598138365258232,0.18707387040886703
57,84,0.35278958364023594,0.1764726440233636
57,85,0.34543150337290734,0.16602349237876002
57,86,0.3376719865077183,0.1555991607347098
57,87,0.3294179635232214,0.14509558854238258
57,88,0.32075679157455605,0.1346674573410166
57,89,0.3118114529181405,0.12451776933765668
57,90,0.3025500710461643,0.11469131761940532
57,91,0.29293983486708924,0.10519372947132832
57,92,0.2834945970771365,0.09634786938962658
57,93,0.2747860606555669,0.08840144311292075
57,94,0.2665005349561129,0.08083156749893428
57,95,0.2583841463415305,0.07311448012659916
57,96,0.25091074564969906,0.06511448478738169
57,97,0.24534368229711906,0.05726793357042714
57,98,0.24296537223076342,0.050424625375183996
57,99,0.2435786371780932,0.044570357683483386
57,100,0.24605100824686457,0.03914637700369783
57,101,0.2492731760690293,0.03363585634521049
57,102,0.25213055561271236,0.027736213655416564
57,103,0.25376541095075894,0.021792270563187888
57,104,0.25392047600564077,0.016161028111261744
57,105,0.25201794061468935,0.010846763079333632
57,106,0.24641116166943183,0.006321914533653827
57,107,0.23656901351596604,0.0034946909977550122
57,108,0.2242522657121633,0.002365422403012518
57,109,0.21118174524576783,0.0020625665588520636
57,110,0.19798478363222136,0.0019676959521659487
57,111,0.18483611627650637,0.001904882366680627
57,112,0.17174080129156902,0.001853681888237757
57,113,0.15866214303861467,0.0018116217882849783
57,114,0.14552738870903242,0.0017727477871054553
57,115,0.13202510643461807,0.001719030538274935
57,116,0.11798020040010315,0.0016503080333978293
57,117,0.1037218040038844,0.001577143932738334
57,118,0.08946112053794184,0.0015016094368560662
57,119,0.07514032125154892,0.0014259397191970224
57,120,0.06076598765778352,0.0013501867099573461
57,121,0.04639100727101313,0.0012744534397687302
57,122,0.03206517862197463,0.0011988402777858287
57,123,0.017786920892464506,0.0011233532035654914
57,124,0.00414654371782942,0.0010513283928801354
57,125,-0.008248677918991702,0.0009861838267799516
57,126,-0.020026649138171065,0.0009244411760312987
57,127,-0.03180949883800168,0.0008625619154467579
57,128,-0.0436113140727935,0.0008005918372099297
57,129,-0.0554244165589423,0.0007386596779349608
57,130,-0.06723031047891777,0.0006767502122081437
57,131,-0.07901637734689665,0.00061485213382384
57,132,-0.09075433419267155,0.0005531147559471039
57,133,-0.10240119855487533,0.0004918801121582828
57,134,-0.11434904905268813,0.0004287491463228488
57,135,-0.12704900849632833,0.00036156254841057667
57,136,-0.14012440442603608,0.0002937397735653935
57,137,-0.15316629529087872,0.00022529626416156745
57,138,-0.16618652674203652,0.00015811657982578442
57,139,-0.1791913531898671,9.782328141927366e-05
57,140,-0.19216806281241602,3.8858716503442636e-05
57,141,-0.20497967061019123,0.0
57,142,-0.21739804367650617,0.00014521158074498608
57,143,-0.2285680510137845,0.0008761712347267192
57,144,-0.23740543972865893,0.0028324202306847512
57,145,-0.24369114354442634,0.0063851081262692455
57,146,-0.24731180192009,0.011292178860293323
57,147,-0.24824192673926737,0.01722635195173572
57,148,-0.24693726603019234,0.02376092508000005
57,149,-0.24422113667691356,0.03016386097283197
57,150,-0.2412037481925116,0.03613189169339803
57,151,-0.2389373191240127,0.04199093295212841
57,152,-0.23841658770339194,0.04810381288526666
57,153,-0.2407588183335262,0.05499823745315846
57,154,-0.24632453644366972,0.06281571396607644
57,155,-0.2539059942534645,0.07078455125711292
57,156,-0.26218900044129917,0.07843558872022094
57,157,-0.2710283989274006,0.0862299363031096
57,158,-0.280507073864584,0.0946253716089448
57,159,-0.2900179478332325,0.10339166947136158
57,160,-0.2991144815346137,0.11231352741624079
57,161,-0.30784134769938815,0.12144782224448603
57,162,-0.31626706884400696,0.13079750201539886
57,163,-0.3243820208401544,0.1402659178470922
57,164,-0.3321274050551154,0.14971864194707196
57,165,-0.3395797983113787,0.1592305933619328
57,166,-0.34684245917604595,0.16897122053815128
57,167,-0.3539035192455139,0.1790295329838575
57,168,-0.3606790179183668,0.1894452986238444
57,169,-0.3670860709708077,0.20023384466778182
57,170,-0.3730976312025326,0.21140441002088828
57,171,-0.37872072713325994,0.22290060536039802
57,172,-0.38381058422412606,0.23427581438570533
57,173,-0.38824542334499657,0.24510790488688405
57,174,-0.39223331773768283,0.2556643641475784
57,175,-0.3959433555022691,0.26624860781202075
57,176,-0.39931645481075295,0.27688241311989914
57,177,-0.4022457349540079,0.28761778323511566
57,178,-0.40463815382883594,0.2985024590826134
57,179,-0.40648865055778005,0.3096075727807752
57,180,-0.4078916454886559,0.32119995790774136
57,181,-0.4089462369372805,0.3334456387215714
57,182,-0.4097158094182339,0.34603559816780594
57,183,-0.41028338251786506,0.3586485058488885
57,184,-0.4107296096683491,0.37124444435702997
57,185,-0.41106666972010314,0.383860491477815
57,186,-0.4112403381172016,0.3964802420657012
57,187,-0.4111811993170324,0.4090535528667858
57,188,-0.41085426541922426,0.42157918127003047
57,189,-0.4102848440734147,0.4339583777772881
57,190,-0.4095386454361612,0.4460370762177204
57,191,-0.40861327626993316,0.45833342811185296
57,192,-0.40743717150850667,0.47145517759147604
57,193,-0.40593247745547395,0.4851697090506861
57,194,-0.40395665150424237,0.49916158895855056
57,195,-0.40135450034696707,0.5132229543474696
57,196,-0.39807067548331243,0.5271303020895742
57,197,-0.39417565220334916,0.5408381994614672
57,198,-0.3898332507575476,0.5543884118611777
57,199,-0.38519802489393634,0.5678231631307045
57,200,-0.38027660525710694,0.5811463153440786
57,201,-0.37499637063851987,0.5942842518042508
57,202,-0.36944573835064176,0.6070255891714762
57,203,-0.3637352037893483,0.6192798280512986
57,204,-0.35776376189572723,0.6311930067441112
57,205,-0.3513998516721785,0.6428757403006429
57,206,-0.3446038768889692,0.6544682672008773
57,207,-0.33768846901357685,0.6657520817727847
57,208,-0.331103963126322,0.6762769091138219
57,209,-0.3247296284484624,0.6863447279096777
57,210,-0.3183083206461508,0.6963137381432123
57,211,-0.3117931737483152,0.7060937526023792
57,212,-0.30505143853285993,0.7156525122515747
57,213,-0.2979413167206839,0.724984451927005
57,214,-0.29042466814107726,0.7340808259784711
57,215,-0.2825603175379609,0.7430367902016253
57,216,-0.27453870813682724,0.7520217597259229
57,217,-0.2665124992947627,0.7613135696795913
57,218,-0.2585900579264974,0.7710466150171864
57,219,-0.25084811230016235,0.7811672181435427
57,220,-0.2431874954071274,0.7917458946150313
57,221,-0.23560288833196685,0.8027319068802373
57,222,-0.22809887695338626,0.8141048231539976
57,223,-0.22068984532921185,0.8259177176245693
57,224,-0.21368550600321132,0.8380721537884761
57,225,-0.20741873498787622,0.8505564138983298
57,226,-0.20189964803044533,0.8637801410674226
57,227,-0.19701498960984234,0.8780452799001
57,228,-0.19291470598048976,0.892471999852933
57,229,-0.18964817089379807,0.9063010988845844
57,230,-0.18693920766996788,0.9200285905064278
57,231,-0.18475963321607455,0.9336452086931628
57,232,-0.18320653805298232,0.946649763025128
57,233,-0.1822113403126943,0.9593472571428522
57,234,-0.18149617900334983,0.9716361297625853
57,235,-0.18013118177374343,0.9824670681939786
57,236,-0.17671813174106152,0.9907939709417474
57,237,-0.17017351807220363,0.996066533006866
57,238,-0.16032088901389585,0.9985943423654569
57,239,-0.1480097783859065,0.999416184122431
57,240,-0.13458054988500198,0.9995733060586657
57,241,-0.12090144564734939,0.9995870309115659
57,242,-0.10717915513685816,0.999587500020959
57,243,-0.09344023571047914,0.9995877834986618
57,244,-0.07971112825123212,0.9995880319461994
57,245,-0.06601495149326232,0.9995882035239767
57,246,-0.052355098689327556,0.9995883276660007
57,247,-0.03876753917469046,0.9995884378979217
57,248,-0.025301185140636714,0.9995885413424102
57,249,-0.011939594738650366,0.999588642858913
58,0,0.000873773654153117,0.9999979964303445
58,1,0.014403150369150065,0.999998129990977
58,2,0.027942628382061706,0.9999982679578984
58,3,0.041499212448446406,0.9999984059772953
58,4,0.05507949021452463,0.9999985337886941
58,5,0.06866409996453668,0.9999986452436798
58,6,0.08224343019533151,0.9999987523125293
58,7,0.09584366479280682,0.9999988904822278
58,8,0.10942545865820343,0.9999990994237049
58,9,0.12288414615025643,0.9999993360209315
58,10,0.13611190624093467,1.0
58,11,0.14850665420841597,0.9999861912590442
58,12,0.15907180891850226,0.999820423745369
58,13,0.16713409949720034,0.9988503294316154
58,14,0.17195459598247775,0.9958507670991429
58,15,0.17384927612805048,0.9895662067604941
58,16,0.17455362900936439,0.9798900728629419
58,17,0.1756285224998851,0.9681349796343066
58,18,0.17740309785443648,0.9558838601030083
58,19,0.17961297700706724,0.9439803212227453
58,20,0.18231612595984775,0.9325301774904325
58,21,0.1854548309831702,0.9215713867414607
58,22,0.1889629382873904,0.911176788342793
58,23,0.19288818873932187,0.9011344519356433
58,24,0.1973754002044951,0.8911447380582939
58,25,0.20250198742690448,0.8813334838072684
58,26,0.2082017728252511,0.8719922758122932
58,27,0.21432175335106973,0.8631924280487309
58,28,0.22076774634109184,0.8547022240034955
58,29,0.22752202513124734,0.8462612472139478
58,30,0.23496291392897656,0.8374176443407138
58,31,0.2434660022888735,0.8277651813878019
58,32,0.2525423767624453,0.81774943005621
58,33,0.26168214004635415,0.8077454098579435
58,34,0.27083767776400647,0.7976229321438904
58,35,0.280006987216088,0.7873392206916657
58,36,0.2891602882166854,0.7769771702242667
58,37,0.29824703359916577,0.7666862152114946
58,38,0.30731792526241924,0.7565258045767791
58,39,0.316463978097348,0.7463490304269116
58,40,0.32559020695759067,0.7358643177279748
58,41,0.33437503464132873,0.7248953584872284
58,42,0.34254886686107616,0.7135033353781611
58,43,0.35013849042332446,0.7018106897851865
58,44,0.35730054492963687,0.6898978360130341
58,45,0.364086639229548,0.6777969275099489
58,46,0.37050118661768167,0.6655072936032216
58,47,0.3766440537554272,0.6531050811354666
58,48,0.38266873446355093,0.6406761728971798
58,49,0.3885583738269708,0.6282614476901592
58,50,0.3941277221386028,0.6158006966626264
58,51,0.3992133877045399,0.6031414469213634
58,52,0.40376012742201217,0.5902276320505865
58,53,0.40782113141598736,0.5769902274943832
58,54,0.41130425681694827,0.5639643184700713
58,55,0.4141005766176142,0.5517891852877765
58,56,0.4164382551478378,0.5399051150654182
58,57,0.41853621800968144,0.5278360123457029
58,58,0.4204506546163742,0.5157137094839432
58,59,0.42224024918217434,0.5035620221102688
58,60,0.4239314354410321,0.49137714226728446
58,61,0.4254930559423256,0.4791598062761424
58,62,0.42682488502030486,0.4669264699756268
58,63,0.427792817862731,0.4547188976193135
58,64,0.42830396095800133,0.442260778442894
58,65,0.42836434331517814,0.4291901933844511
58,66,0.4280705270140326,0.4157437537581238
58,67,0.42753987014977524,0.402217645443658
58,68,0.4268729263982401,0.3889578504982678
58,69,0.42613395357140166,0.37633953176132906
58,70,0.4252870978246113,0.3640862132006848
58,71,0.42418880361960243,0.35190055497514827
58,72,0.42264115864629637,0.3397964484725343
58,73,0.42048576008442057,0.327789547085408
58,74,0.4177164204687146,0.315965184235767
58,75,0.41446857268811366,0.3044053860594539
58,76,0.41090158841791413,0.2931171042996643
58,77,0.40710012415649754,0.2821227937440892
58,78,0.4027646694018509,0.27086337048938147
58,79,0.39749254004107265,0.2587268699645343
58,80,0.3914170176211575,0.24625101474399147
58,81,0.38477124601381624,0.23404938053500557
58,82,0.3775795565780688,0.22219959104921294
58,83,0.3698849749176832,0.21067806649364074
58,84,0.3617643073877247,0.19937152628894017
58,85,0.3532864509976451,0.1881736082334282
58,86,0.34447865719009213,0.17701657083533417
58,87,0.33519920572676287,0.16571865254226859
58,88,0.3253267941209685,0.15421476234036902
58,89,0.3150045910451675,0.14285828940514045
58,90,0.3042521913180183,0.1319473941687117
58,91,0.2929589421345892,0.12155407940564267
58,92,0.2819113346163998,0.11222954487896786
58,93,0.2719942898999855,0.10437035222485946
58,94,0.2626348692242366,0.0971576708426034
58,95,0.2534083052044521,0.08980108193110248
58,96,0.24512780088566732,0.08212921510558036
58,97,0.2392850997225696,0.07412032681793579
58,98,0.23746880411516846,0.06604476282294258
58,99,0.2403091293407173,0.058172171000380524
58,100,0.2468811688424341,0.05046751098933677
58,101,0.2550990004667232,0.04246921630757283
58,102,0.2624851025986462,0.03392162559308154
58,103,0.2672700212399348,0.02549765153805761
58,104,0.26914388574016734,0.01787751460395648
58,105,0.26812811882150284,0.011410688073452024
58,106,0.2628841925264472,0.0065534081954978785
58,107,0.25248495777912605,0.003658425436434576
58,108,0.2389182269625968,0.0025031665545198756
58,109,0.22452166356824188,0.0022190455566788447
58,110,0.21003239373897553,0.002126151605032822
58,111,0.19560993304713603,0.0020572137901568865
58,112,0.1812470957499486,0.0019998254036066587
58,113,0.16689988392299432,0.001952167330403154
58,114,0.15247663196194847,0.001907950950183701
58,115,0.13789303347009416,0.0018493959870722332
58,116,0.12321779476807372,0.0017775879782164772
58,117,0.10855561693306925,0.0017024679992111436
58,118,0.09389012007050383,0.00162494485710718
58,119,0.07916311454794224,0.001547299056782303
58,120,0.0643819680407073,0.0014695651175450353
58,121,0.04960256687300113,0.001391823394136238
58,122,0.03487167828407826,0.001314130188027507
58,123,0.020166769240710744,0.0012364172043112243
58,124,0.006064516142218142,0.0011620269935059824
58,125,-0.006813604741065699,0.0010944751261120489
58,126,-0.019080399920476165,0.001030321791578137
58,127,-0.03134762076469221,0.0009660519254169886
58,128,-0.043616064257965804,0.0009017837064084766
58,129,-0.055868289943191145,0.0008377015880860483
58,130,-0.06808465645746559,0.000773789245348877
58,131,-0.0802569157357946,0.0007099942951458438
58,132,-0.09235438790080118,0.0006464413288215232
58,133,-0.10433634201575238,0.0005834123964989502
58,134,-0.11684808549431498,0.0005171207342306028
58,135,-0.13058916285537495,0.0004441308322137294
58,136,-0.14494257377256237,0.0003692952840095298
58,137,-0.15926445315990773,0.00029381446594445304
58,138,-0.1735839087266722,0.00021954694640735628
58,139,-0.18792740076336814,0.00015167887397604662
58,140,-0.20229779674050755,8.083373316880582e-05
58,141,-0.21670914143751402,0.0
58,142,-0.2310798533499476,2.635205261802831e-05
58,143,-0.2438994201155798,0.0005958335930659198
58,144,-0.2533363517922128,0.002473884113362468
58,145,-0.2597046751781406,0.0062922556708673305
58,146,-0.2632975692387537,0.012220414467773444
58,147,-0.2630876086845607,0.020326998118260442
58,148,-0.25870707697409345,0.029942539881130492
58,149,-0.2514785509328236,0.039450852217568166
58,150,-0.2435961133925098,0.048145417118461986
58,151,-0.2372932165580301,0.05642555635741875
58,152,-0.23448171707131316,0.06460555239852583
58,153,-0.2361308794874924,0.07275770815109806
58,154,-0.24189267304603396,0.08079065190745327
58,155,-0.25030138448437367,0.08853962128461534
58,156,-0.25981978420724683,0.09598260942780701
58,157,-0.27018102007602135,0.10376716304090106
58,158,-0.28150019765322043,0.11255590152229566
58,159,-0.29278041531369,0.12197300567714964
58,160,-0.30331308028080795,0.1316536887159131
58,161,-0.31322941879471994,0.14164380884185035
58,162,-0.3227071136703525,0.15189263231642602
58,163,-0.3317982887626959,0.16222187445565017
58,164,-0.34046012845890566,0.17243022923198803
58,165,-0.34883438172530645,0.1826242222766028
58,166,-0.35707479095270345,0.1930277826243414
58,167,-0.36514942325934613,0.2037644065759856
58,168,-0.37291832327979063,0.21492114560887088
58,169,-0.38023056238173547,0.22653876115270566
58,170,-0.3870122775442296,0.23859892981322384
58,171,-0.3932622738916502,0.25100324114436334
58,172,-0.3987739689401903,0.2630835614889816
58,173,-0.4034027517254846,0.27420822962559266
58,174,-0.4075307332341772,0.28485462579535636
58,175,-0.41145648155389514,0.2955392471792496
58,176,-0.41509318346152413,0.306290707637617
58,177,-0.41826504511053264,0.31717090926554203
58,178,-0.42081443812682995,0.3282431231249433
58,179,-0.42271406217787144,0.3396037299423458
58,180,-0.4240717836981871,0.35132332671299726
58,181,-0.42504451170699686,0.3633527615168446
58,182,-0.4257895716076653,0.37555937426693875
58,183,-0.42643096244823947,0.3877840686634997
58,184,-0.42701340687216416,0.3999730046419
58,185,-0.4274837538899227,0.4121700230801295
58,186,-0.4277252839612173,0.4243715897914916
58,187,-0.4276272319853636,0.4365391718040722
58,188,-0.427139022988271,0.4486640983549943
58,189,-0.4262929423310399,0.4607390017645112
58,190,-0.42518176800569546,0.4727024539759961
58,191,-0.42380309155534895,0.4852082812505768
58,192,-0.42206803396045217,0.49903922949511037
58,193,-0.41996263550784135,0.5136315575203346
58,194,-0.4174494474008386,0.5282995211417352
58,195,-0.4144636791818749,0.5429411580477912
58,196,-0.4110251089329534,0.55746711575082
58,197,-0.40718714298527797,0.5718545400477386
58,198,-0.4029687995641607,0.5861065173073308
58,199,-0.3983498807966659,0.6001881667312694
58,200,-0.39324313665124466,0.6140779035623976
58,201,-0.3875938345861665,0.6276940846080653
58,202,-0.38153818124682987,0.6409022427515163
58,203,-0.3752394795170159,0.6537589814662585
58,204,-0.3687322080147061,0.6663847427657487
58,205,-0.3619953452628893,0.6788204461109686
58,206,-0.3550349237773866,0.6910963497581424
58,207,-0.34823403405653713,0.7026125939969059
58,208,-0.34192165802002084,0.712720589679411
58,209,-0.3356178415512148,0.721990969989025
58,210,-0.32888172412271993,0.7310091013062874
58,211,-0.32180218847375747,0.7397499133757051
58,212,-0.3145343295160184,0.7482688630929045
58,213,-0.3071982358882546,0.7566649858251924
58,214,-0.29983522815383895,0.7650172100488655
58,215,-0.29240945503772975,0.7733910529487403
58,216,-0.2849165798057089,0.7818094437665637
58,217,-0.2772092021576637,0.7904898691532318
58,218,-0.2691702919055753,0.7995726537039334
58,219,-0.26082636151137556,0.8090093215203151
58,220,-0.2521008512289382,0.8189274579697652
58,221,-0.24318094089654524,0.8292545794116258
58,222,-0.23438327826212163,0.839847746288104
58,223,-0.22587321397992197,0.8507116333062821
58,224,-0.21782837843468814,0.8618648902925077
58,225,-0.2104274894138306,0.8733946193673049
58,226,-0.2038101116195537,0.8853900934741565
58,227,-0.19804710447389837,0.897832991142566
58,228,-0.1933147667126351,0.9099766056779489
58,229,-0.18963762708157544,0.9211754822888382
58,230,-0.18663086917114632,0.9320757123532801
58,231,-0.18412333011687268,0.9432880577786026
58,232,-0.1821938631209334,0.9548005444251783
58,233,-0.18083793904671835,0.9664327095210726
58,234,-0.17971532323702258,0.9774932769487601
58,235,-0.1777563573855236,0.9868730710839094
58,236,-0.17356765451249512,0.9937046925675368
58,237,-0.16635538474246006,0.9976874970482373
58,238,-0.15626251165057511,0.9993734399547073
58,239,-0.14401276425459533,0.9998643171406649
58,240,-0.13070669967120063,0.9999527751158136
58,241,-0.11715408362118765,0.9999603646633907
58,242,-0.1035446839981949,0.9999606359547641
58,243,-0.08991556613671084,0.9999609277247884
58,244,-0.07629612246578577,0.9999611842773918
58,245,-0.06271074204457223,0.999961363599855
58,246,-0.04916805220833412,0.9999614953253898
58,247,-0.03571381396681729,0.999961613059511
58,248,-0.022400965032173092,0.9999617238680746
58,249,-0.00920513310601206,0.9999618326641447
59,0,-0.008143513584416265,0.9985558672724212
59,1,0.013282906829092674,0.9985525562269376
59,2,0.03472236938747192,0.9985492588936288
59,3,0.056183986743106186,0.9985459655359631
59,4,0.07750882946353303,0.9985427463314622
59,5,0.09848336010960915,0.9985396810278484
59,6,0.11921633643017818,0.9985366991011481
59,7,0.13969304661093926,0.9985337743070677
59,8,0.1597422263636293,0.9985309608563075
59,9,0.1793729070587097,0.9985282603531487
59,10,0.1987668353026198,0.9985258226466228
59,11,0.21827064368817198,0.9985161031229799
59,12,0.2372564894276091,0.9983774950136106
59,13,0.25204355777326415,0.996850645923596
59,14,0.2545450596542354,0.9899455834190336
59,15,0.237992144716874,0.975381730261544
59,16,0.2094180384684513,0.9580376784002718
59,17,0.1859955351626188,0.9418386713891551
59,18,0.17479264549150164,0.9261190908093722
59,19,0.17048089428150331,0.9104812907064227
59,20,0.16853453575782013,0.8948087239182252
59,21,0.16805392648450052,0.8792823131204546
59,22,0.16865529541923657,0.8644274793648847
59,23,0.1700214270405433,0.8505860233142776
59,24,0.1720037816562841,0.8374085370632209
59,25,0.1746248208779074,0.82458745621555
59,26,0.17794080932170975,0.8122301764193012
59,27,0.18208422163521537,0.8001560392124996
59,28,0.18731975566014458,0.7881917640572046
59,29,0.19380216713719123,0.7767864517665477
59,30,0.20138621161798095,0.7663641690811431
59,31,0.20974404640799252,0.756720612072114
59,32,0.21854303657879914,0.7473970044914038
59,33,0.22743926733070274,0.7380889479256436
59,34,0.236107584646938,0.7288068694002257
59,35,0.24449006596111014,0.7196824573216885
59,36,0.2525869326480693,0.7107877333180561
59,37,0.2602092387035681,0.702174233705769
59,38,0.2674046689358109,0.693623875931235
59,39,0.27433958994329743,0.6849605088970976
59,40,0.28111320888682173,0.6762351331143475
59,41,0.2878299785856027,0.6674792309920244
59,42,0.2944224934982513,0.6587151772321238
59,43,0.30078198620315494,0.6498632592588813
59,44,0.3068778183415587,0.6407680492795121
59,45,0.31262689721432707,0.631371179486871
59,46,0.3180025694920489,0.6216064745840333
59,47,0.3231234250519537,0.6114121792562751
59,48,0.32797925625393426,0.6008103101486095
59,49,0.33237921970391343,0.5898427741870098
59,50,0.33634838750859514,0.5786575736852997
59,51,0.3402859101824259,0.5673968688971638
59,52,0.34443238962172745,0.5561229355279631
59,53,0.3485692629376033,0.5447830231024589
59,54,0.3523966047446951,0.5332599368147484
59,55,0.3558152770455676,0.5215235834426006
59,56,0.35880527300226006,0.5095952004566976
59,57,0.36131737678625114,0.49768081253212193
59,58,0.3634913809201966,0.4858487658407624
59,59,0.365585971278434,0.4738472844666277
59,60,0.3675469042777585,0.46164802697625884
59,61,0.3690804601599959,0.44934762271695416
59,62,0.3700247153688845,0.4369556079509662
59,63,0.3704452556903682,0.42450142275925695
59,64,0.3705549443079466,0.41200214393027546
59,65,0.37050994861252,0.3994492926310874
59,66,0.37024339753784496,0.38688208842807414
59,67,0.36963682625692285,0.3745329069612976
59,68,0.368735441984571,0.3625444079767224
59,69,0.36762776456022744,0.35072196567173997
59,70,0.3662659084183926,0.3389420019863626
59,71,0.36453795240709047,0.32724961888827486
59,72,0.3624400338791902,0.3156328673008528
59,73,0.3600155664490037,0.30407449854358937
59,74,0.35724896426529507,0.2926371430311948
59,75,0.35413844541311756,0.28137226381461866
59,76,0.35070126267972485,0.27028308149140723
59,77,0.34695411618281324,0.2593808697891966
59,78,0.3429380025438043,0.2486569562306562
59,79,0.3386305812408701,0.23810913597060535
59,80,0.3338646567007744,0.2276248155405518
59,81,0.3285549295792715,0.21706880561450348
59,82,0.3228546017947764,0.20653578148500518
59,83,0.31684889550953366,0.19614244428388228
59,84,0.31044378837630054,0.18594034932383607
59,85,0.3036012957036881,0.17600641129986172
59,86,0.29639105450423875,0.1663582013676318
59,87,0.28888173293966163,0.15702739160865797
59,88,0.2810995909407275,0.1480916697922363
59,89,0.273043970123429,0.13948088461381114
59,90,0.2646591748873506,0.13104354554564968
59,91,0.2558848653178052,0.12284268173067514
59,92,0.24674998420458552,0.11505665094828832
59,93,0.23743531232304155,0.10771073962332878
59,94,0.22818795160569635,0.10055187680391386
59,95,0.21929792148592886,0.09303281821840115
59,96,0.21186311341547046,0.08518326547647814
59,97,0.20706690728194663,0.07759600781357467
59,98,0.20488876013361967,0.07012924658968334
59,99,0.20500910432060757,0.06261901781023149
59,100,0.20677055394572472,0.05554067588186806
59,101,0.20902663477090974,0.04905256663479296
59,102,0.21095801213892318,0.042713654900497944
59,103,0.21197026574578848,0.03619978606336227
59,104,0.21142926717240118,0.02968117345842991
59,105,0.20838852579204162,0.023373501627580118
59,106,0.20227659548844767,0.01785425367992932
59,107,0.19385655711971686,0.013749704146569619
59,108,0.18415619911042122,0.010800695068904909
59,109,0.17364307317483782,0.008480449242666444
59,110,0.16271037234090682,0.0065509735561483096
59,111,0.15165125794872575,0.004880997631531825
59,112,0.14056413319185287,0.0033764196570041927
59,113,0.12946394977645928,0.0020195107709846116
59,114,0.11841986975452819,0.0009653184427854677
59,115,0.10749049380970917,0.0003623531455867468
59,116,0.09648144095799559,0.00010215006209990385
59,117,0.08526735042438821,1.4109107026816226e-05
59,118,0.07393874910673419,0.0
59,119,0.06252561614079316,2.5643802465946663e-06
59,120,0.05103892089889167,9.955529721827894e-06
59,121,0.039519995329627466,1.8369177987809238e-05
59,122,0.027982028772149153,2.6803945908371318e-05
59,123,0.016478736165943565,3.5061651774914715e-05
59,124,0.005089244204399661,4.303091857860153e-05
59,125,-0.00610881280889456,5.081763572600817e-05
59,126,-0.017040138633401706,5.846336757009407e-05
59,127,-0.02775186557337992,6.592624490109333e-05
59,128,-0.038338727405744205,7.338539507928399e-05
59,129,-0.04885671097708283,8.097836485243537e-05
59,130,-0.05934343267856363,8.86628498714126e-05
59,131,-0.06976936268681036,9.649205351536239e-05
59,132,-0.08010488240997858,0.00011208919178773424
59,133,-0.09038886926425915,0.00015905125919812857
59,134,-0.10055394364837217,0.00030385866500515224
59,135,-0.11050174174158284,0.000615230142841372
59,136,-0.12055851020459268,0.0012232895549353362
59,137,-0.13102043501511537,0.0022396755252475087
59,138,-0.1416483181334555,0.0035480103083517234
59,139,-0.1522341259290574,0.005015730085087933
59,140,-0.162691851250969,0.006640909239471138
59,141,-0.17289764960084983,0.008494914400884568
59,142,-0.18277715085737042,0.010692022592165618
59,143,-0.19219821556405647,0.013367535460005908
59,144,-0.20075590012951983,0.0169128170683841
59,145,-0.20746714348872347,0.021682449131477433
59,146,-0.21146646458518695,0.027566529554195696
59,147,-0.21288199578075176,0.03417643229540368
59,148,-0.21224612238931748,0.04102937347736746
59,149,-0.21020702004579306,0.0478982904165135
59,150,-0.20769678834686067,0.05499346358125956
59,151,-0.2058350048897493,0.06248062034849411
59,152,-0.20575071695914787,0.07004011971501833
59,153,-0.20781727577370765,0.07740534504311536
59,154,-0.21232081151968826,0.0849507652575654
59,155,-0.21947858084399552,0.09272985195539529
59,156,-0.22820951644266604,0.10011548944162951
59,157,-0.2373336362039878,0.10710862565209489
59,158,-0.24650707087178464,0.11427923381415073
59,159,-0.2555545466918625,0.12193165939041906
59,160,-0.2642541358680074,0.13003612452770674
59,161,-0.2725744070709055,0.13835654363562322
59,162,-0.28061107185118883,0.1468146832226156
59,163,-0.28834663051279985,0.1555718580331923
59,164,-0.29570315398162067,0.16463781603053307
59,165,-0.3026969979281495,0.1738987962159163
59,166,-0.309351728970819,0.1834056562956794
59,167,-0.31563131293613783,0.1932205346153152
59,168,-0.3215898885171747,0.20326295917475956
59,169,-0.3273204177697571,0.21346903811006834
59,170,-0.33270474876472433,0.2238006474747567
59,171,-0.33756002574185995,0.23419141584319703
59,172,-0.3419766206362442,0.24472243500557855
59,173,-0.3461173232665348,0.2554658580348822
59,174,-0.3499750746169669,0.2663293692378148
59,175,-0.35352366487170067,0.2772495881591196
59,176,-0.3567515399882298,0.2882505916767888
59,177,-0.3596247028000146,0.29939551911105555
59,178,-0.3621588530283092,0.31069508813095115
59,179,-0.3643578529167912,0.3221293291609987
59,180,-0.3661548292294672,0.33369046528538626
59,181,-0.3675601833017365,0.3453132706680301
59,182,-0.3687097989220689,0.3569480512282832
59,183,-0.3696738552681452,0.36859235585812633
59,184,-0.3703893505266581,0.38038052753845975
59,185,-0.3708271000658852,0.39247815842013956
59,186,-0.371072534815024,0.4047845652409081
59,187,-0.3711686215495954,0.41713852485577174
59,188,-0.3709720578682611,0.4294779155920776
59,189,-0.37025779070994935,0.4417631210006715
59,190,-0.36893898063879693,0.4539666312828523
59,191,-0.36716332772518645,0.4660748842162834
59,192,-0.3651883458549191,0.478137994928325
59,193,-0.36309513203753147,0.4901989618236029
59,194,-0.36070196652326125,0.5022615307052481
59,195,-0.35784183143677706,0.5143378842850119
59,196,-0.3544949495847038,0.5264026099163286
59,197,-0.35068271181253835,0.5383918068778755
59,198,-0.3465264140672204,0.5502748016540708
59,199,-0.34230558532165944,0.5621027421611944
59,200,-0.3382193633052745,0.5739261460622787
59,201,-0.33409902726213275,0.5856924963356818
59,202,-0.32961904736237746,0.5971677893933727
59,203,-0.3247217807921489,0.6081681653304557
59,204,-0.3194887537537186,0.6188226536037331
59,205,-0.3138480078335877,0.6292681538325722
59,206,-0.3076917385708354,0.6394752579929779
59,207,-0.30107284576471627,0.6493647803212477
59,208,-0.294244638182418,0.6588011591498951
59,209,-0.2874502803456091,0.6678094243767803
59,210,-0.2806717987709503,0.6766477094661258
59,211,-0.2737709268926598,0.6854109706716084
59,212,-0.26665692209469155,0.6940295514755608
59,213,-0.25931870224171527,0.7024931760880673
59,214,-0.25181826632710136,0.7108641671028462
59,215,-0.24424611107749924,0.7192512401221757
59,216,-0.23648639027934568,0.7279110222370977
59,217,-0.22822549766201078,0.7370726449075615
59,218,-0.21943914394825279,0.7465366901146235
59,219,-0.21048947353214503,0.7560487248055512
59,220,-0.20183869678445648,0.7657975639459195
59,221,-0.19385083468376896,0.7764114272307383
59,222,-0.186878690870263,0.7883638385649084
59,223,-0.181253799333846,0.801060397984475
59,224,-0.17690689481289584,0.8137061994603572
59,225,-0.17343401388786045,0.8265218368984073
59,226,-0.17065678162338924,0.8398725167527801
59,227,-0.16859267501731054,0.8538815387924957
59,228,-0.16726854658958976,0.8687313637840414
59,229,-0.1668706680083214,0.8845292382584472
59,230,-0.16781367650775458,0.9011462666880942
59,231,-0.1707000188662945,0.9180216044625851
59,232,-0.17912280884570586,0.9354050642710787
59,233,-0.19749644728789442,0.9532753761417319
59,234,-0.22410471974405044,0.9695710020077141
59,235,-0.24553578013672123,0.982969418730406
59,236,-0.2503383370556544,0.9924973959527401
59,237,-0.24178822486367635,0.9977347589483121
59,238,-0.2267329542910584,0.9997161194968835
59,239,-0.20938335703805322,0.9999974110887373
59,240,-0.19097583501476012,1.0000000000000002
59,241,-0.17094051802013283,0.9999970171141872
59,242,-0.14960074402654414,0.9999938600947482
59,243,-0.12790727693145343,0.999990680093137
59,244,-0.10649589668286015,0.9999875558214112
59,245,-0.08556908714607545,0.9999845498970854
59,246,-0.06488596006385633,0.999981601312008
59,247,-0.04433694799427549,0.999978658376411
59,248,-0.023898680070616515,0.9999757247810832
59,249,-0.0034758702280274136,0.9999727976177825
60,0,-0.00485649233029977,0.9984569562815873
60,1,0.018914366379767348,0.9984511468848881
60,2,0.04269927277848441,0.9984453574584082
60,3,0.06650796104711684,0.9984395748784053
60,4,0.0900602081687355,0.9984339417996937
60,5,0.1130051166550201,0.9984286142527189
60,6,0.1355392901327669,0.998423450868855
60,7,0.15793116082021677,0.9984183444606151
60,8,0.18021187192868957,0.9984133300323191
60,9,0.2020915334512045,0.9984084725013842
60,10,0.22355829989542075,0.9984036801488849
60,11,0.24523008500581606,0.9983787807054292
60,12,0.26639171542040624,0.9980624033820203
60,13,0.2826177026935723,0.995852507863595
60,14,0.2845936743947141,0.9894512833804682
60,15,0.2650197743499078,0.9773924283728571
60,16,0.2339288402532817,0.9614094057975141
60,17,0.2094396010724291,0.9434164615012416
60,18,0.19604488090490002,0.9231193984427447
60,19,0.18936513375162278,0.9018896524278993
60,20,0.18593333289071537,0.8808839406561833
60,21,0.1842775313422037,0.8600830538064415
60,22,0.18405645720499086,0.840239711510809
60,23,0.1848643039241968,0.8221111656705427
60,24,0.18636526432450157,0.8052575329540441
60,25,0.18860095242369948,0.789018428462644
60,26,0.19182285180540298,0.7734134729160516
60,27,0.19590148116307207,0.7589160659833373
60,28,0.20053426909441374,0.7458084948240848
60,29,0.2057883869464698,0.7335168871178754
60,30,0.21176313263616436,0.721670213910002
60,31,0.21841835737761203,0.7103321870848875
60,32,0.22567129036413341,0.6995318256385096
60,33,0.23328189492839163,0.6893534572553232
60,34,0.24083815787586843,0.6799152946646976
60,35,0.24811171953961472,0.6711479162478748
60,36,0.2552603778873068,0.6626283965818828
60,37,0.26236712258223904,0.6541300248169188
60,38,0.2693747959606527,0.645673158976837
60,39,0.27626378045441546,0.6372495413812984
60,40,0.28302545470082846,0.6288081115974649
60,41,0.2896451778994701,0.6202848944478128
60,42,0.29604898229514254,0.6116898553898631
60,43,0.3022296735447564,0.6029943788689466
60,44,0.3082500856416231,0.5940608583491999
60,45,0.31403159462195995,0.584818672237955
60,46,0.31942591969932477,0.5753346495746836
60,47,0.324411890870168,0.5656230749686453
60,48,0.329017822751417,0.5557006480393678
60,49,0.3332657593186694,0.5457079162658167
60,50,0.3372192290714901,0.5356822031674705
60,51,0.3409760619947508,0.5255334016864734
60,52,0.34460945474772325,0.5152560028904315
60,53,0.3481157490875542,0.5048629600818139
60,54,0.3514369665906714,0.49432766278650775
60,55,0.3545139998510415,0.4836352023567263
60,56,0.35733507137453957,0.47279875537607186
60,57,0.35992285755633513,0.46189756741667054
60,58,0.36230515985900325,0.4509711151038248
60,59,0.3644916202661339,0.43997912311071197
60,60,0.36644339084831273,0.42888580337874327
60,61,0.36810027633876674,0.41767255372603107
60,62,0.3694115450620805,0.40634078786672856
60,63,0.3703441420296205,0.39490776674009564
60,64,0.37091036468950384,0.3834121296515517
60,65,0.37114913622213963,0.371879783613956
60,66,0.3710719263430051,0.3603549747802528
60,67,0.37068091285587673,0.34894057721747307
60,68,0.37000605877042125,0.3376556824484017
60,69,0.3690857494558329,0.3264199746663432
60,70,0.3679476365596478,0.3152177460233483
60,71,0.3665904276203446,0.3040806342362026
60,72,0.3649724506073287,0.2930044802512377
60,73,0.36303292737135295,0.28199182498519704
60,74,0.36072658278005837,0.2711051435501133
60,75,0.35802669078113164,0.2604144644946239
60,76,0.3549054857777955,0.24998158192630715
60,77,0.3513637881126368,0.23984161127730075
60,78,0.3474504027710599,0.22994447711104038
60,79,0.34322399043030294,0.22023267291972337
60,80,0.3387080031713402,0.21065924720012597
60,81,0.33388035920202436,0.2011764265306779
60,82,0.3287161421936766,0.19179300103017838
60,83,0.3232092450390121,0.1825323298834698
60,84,0.3173780608280467,0.17339113949424168
60,85,0.3112741020073764,0.16440451238335663
60,86,0.3049352785402015,0.15561982164807964
60,87,0.29841084849751137,0.1470705964856941
60,88,0.2917517042690206,0.13878556205494874
60,89,0.28492676389389704,0.13075139815176584
60,90,0.2778303155607777,0.12287367728274867
60,91,0.2704216275521548,0.11506743752949611
60,92,0.2627937060629744,0.10738209645999686
60,93,0.2551424850351199,0.09996607018285186
60,94,0.24762367321876974,0.09281186327788005
60,95,0.24023698660815798,0.08563558409512761
60,96,0.23338178545876628,0.07819056974290872
60,97,0.22810308137781476,0.07042216389585931
60,98,0.22558039690244985,0.062397387793580394
60,99,0.22635960454725504,0.054408252493513776
60,100,0.22969583581282568,0.04696349293127822
60,101,0.23411189328814547,0.04021082741203197
60,102,0.2383794978560904,0.03358571305638458
60,103,0.24157399082506156,0.026575593023829724
60,104,0.2426546474203377,0.019512127372313115
60,105,0.24049856202036596,0.013121579310795606
60,106,0.23457369786928733,0.008210993073198614
60,107,0.22553846670458752,0.005258634155872466
60,108,0.2146145074252381,0.003733270443926684
60,109,0.2026514803178723,0.0028371387053638397
60,110,0.19026582177271847,0.0021882730247826387
60,111,0.1778185296401597,0.001664947947113804
60,112,0.16537004800692195,0.001235672531476717
60,113,0.1529143114582001,0.0008808173019398957
60,114,0.1403967538758111,0.0005885017612353716
60,115,0.1277346051879914,0.0003575100574763068
60,116,0.11475391640098909,0.0002042456511929247
60,117,0.10141078856855504,0.0001223656072281143
60,118,0.08787511803007472,8.322616173672692e-05
60,119,0.07422591199042136,6.730881741068284e-05
60,120,0.06048126007838762,5.995507140155176e-05
60,121,0.0466980573184965,5.4408487630386304e-05
60,122,0.03289548047636319,4.892219452412583e-05
60,123,0.019065609253578825,4.333609873274913e-05
60,124,0.005263812326381431,3.7686700039674115e-05
60,125,-0.008239862290603722,3.210218345017779e-05
60,126,-0.021234000045825895,2.659870418475485e-05
60,127,-0.03384014253394601,2.108999535144207e-05
60,128,-0.046223379088547206,1.5710615368313974e-05
60,129,-0.05849439010795058,1.0545892194735451e-05
60,130,-0.07073124139408993,5.5220211602202696e-06
60,131,-0.08294037376047221,8.9652694357234e-07
60,132,-0.09512939034355064,0.0
60,133,-0.10730081076758624,1.3640668489856012e-05
60,134,-0.11928636414320459,5.787463938355941e-05
60,135,-0.13093351700245093,0.00014954626501118007
60,136,-0.1424500964391104,0.00031489570637344144
60,137,-0.15401874932116771,0.0005659477735243668
60,138,-0.16560366142353244,0.0008893327011101348
60,139,-0.1771848654822914,0.001280774822464581
60,140,-0.18864036275277377,0.0017450167827587348
60,141,-0.19984410619852216,0.002306734837984936
60,142,-0.2108028141358742,0.0030496528824748292
60,143,-0.22140776002297788,0.0041640006418965925
60,144,-0.23092108278436402,0.00623208475143644
60,145,-0.23801540954928913,0.009925231648617472
60,146,-0.24182095742579243,0.015385411986079012
60,147,-0.2423564167578103,0.022140585874868557
60,148,-0.23998585404815,0.02942355470394309
60,149,-0.23553798269680573,0.03679889776137091
60,150,-0.23053772000683803,0.04438821835033502
60,151,-0.2268574726450495,0.052306539552357645
60,152,-0.22601476949518104,0.060219878344337396
60,153,-0.22824280955774723,0.06801314588417995
60,154,-0.23289297889169075,0.07568968867055226
60,155,-0.23914800252340174,0.08303128835913254
60,156,-0.24618010145483474,0.09006881422231883
60,157,-0.25346615929950644,0.09705949180327367
60,158,-0.2608931296701453,0.10427554682421969
60,159,-0.2683981605790583,0.1117850793301498
60,160,-0.2757251044241799,0.11942008229103795
60,161,-0.2827607657948375,0.12707141918346443
60,162,-0.28960015908397885,0.13485373581001747
60,163,-0.2962861376933917,0.14288673156069887
60,164,-0.3027390763546262,0.15109620536317914
60,165,-0.3089083177507304,0.15940533515829047
60,166,-0.31486018495414236,0.16787010496584198
60,167,-0.3206308515605596,0.17653125301581563
60,168,-0.3261782605417202,0.18536758691383093
60,169,-0.33146183079217634,0.1943813053807032
60,170,-0.3364575372269105,0.20361634733239464
60,171,-0.34116404038624587,0.2130615368842279
60,172,-0.34559760814713564,0.22270999521129664
60,173,-0.34972473869621173,0.23258454380491345
60,174,-0.35347088769299984,0.24261524988089622
60,175,-0.3568198316837679,0.2527315213273317
60,176,-0.3597663480472321,0.2629582764436834
60,177,-0.362298647364948,0.2733717498864183
60,178,-0.36445531911368334,0.2839862607110062
60,179,-0.3662785337112294,0.2947530534582785
60,180,-0.3677983302560719,0.30562574185722735
60,181,-0.3690519461955842,0.3165261311154547
60,182,-0.3700835500733771,0.32741463621590494
60,183,-0.3709148542959745,0.3383141420605086
60,184,-0.37152943824439166,0.3492458890143171
60,185,-0.3719026077736868,0.36025378882914416
60,186,-0.3720099809000586,0.3713909656478602
60,187,-0.3718172515321306,0.38263129397142637
60,188,-0.3712757936102316,0.3938655096969974
60,189,-0.3703358869196975,0.4050100306511544
60,190,-0.36900039691595754,0.41604713842600816
60,191,-0.36733190402212623,0.4269843745620845
60,192,-0.3654126130456693,0.43787552392867135
60,193,-0.3633122695536204,0.44877332170498585
60,194,-0.3610219810639154,0.459735863715825
60,195,-0.35846491787706847,0.47083475172227307
60,196,-0.35557230829406095,0.4820457875496367
60,197,-0.3523371460868272,0.4932778557541935
60,198,-0.34883511066015127,0.5044386936793348
60,199,-0.345144241011994,0.515477087831197
60,200,-0.34127824436694143,0.5263893707321783
60,201,-0.3372185654792534,0.537192322286922
60,202,-0.33293160970088126,0.5478780752718166
60,203,-0.3283601002797026,0.5583776464693364
60,204,-0.3234176532009609,0.568631021138679
60,205,-0.31801178337269637,0.5786793795936702
60,206,-0.312119873425321,0.588562527614142
60,207,-0.3058633925654971,0.5981842266671189
60,208,-0.29940753572187273,0.6074639184087969
60,209,-0.2927907647646871,0.6164624070063157
60,210,-0.2859871058093849,0.6252679137830697
60,211,-0.27900747337236836,0.6339376910775931
60,212,-0.2718914429893819,0.642532725362639
60,213,-0.26469433942049425,0.65111521638353
60,214,-0.2574496384263586,0.6597469744078827
60,215,-0.2501887139144554,0.6684827034415455
60,216,-0.24301450728065113,0.6773222738190642
60,217,-0.23586024489352042,0.6865031387979763
60,218,-0.22848389504969932,0.6965241175746804
60,219,-0.22106480298680561,0.7074256623973294
60,220,-0.2140759573109371,0.718889468413303
60,221,-0.20767115685628681,0.7310037855302072
60,222,-0.20187408318157715,0.7439455897677258
60,223,-0.19681509192110844,0.7576663615270514
60,224,-0.19255210327777064,0.7722817380474645
60,225,-0.1891327731464377,0.7878471170052177
60,226,-0.18664332651228022,0.8042685701811068
60,227,-0.18502144220681926,0.8217589478916068
60,228,-0.1841877381911819,0.8406955730020129
60,229,-0.1843745551421008,0.8612704337455951
60,230,-0.18613661532524267,0.8833218577568999
60,231,-0.19009287815497475,0.9061923034355496
60,232,-0.1985453321302074,0.9298047903533448
60,233,-0.21554611104953605,0.9523132613414824
60,234,-0.24559220701976794,0.9707776177908849
60,235,-0.2749190297501225,0.984951764445232
60,236,-0.28248991815721725,0.9940463305852697
60,237,-0.27160319749006334,0.998302448057448
60,238,-0.2539301701430727,0.9997907678123008
60,239,-0.2343269321364319,0.9999936822804943
60,240,-0.21320081871653615,0.9999999999999999
60,241,-0.1898298324411434,0.9999946831464165
60,242,-0.16540794440749537,0.9999889359795979
60,243,-0.1409952420298742,0.9999831774234593
60,244,-0.117064421831767,0.9999775661302688
60,245,-0.09394690751296493,0.9999722584488295
60,246,-0.07108036145315536,0.9999670886559403
60,247,-0.04812664857469495,0.9999619138765439
60,248,-0.025201522334507752,0.9999567501234138
60,249,-0.002301039141215698,0.9999515997145598
61,0,-0.00749648691219471,0.9997849093459936
61,1,0.01740520022117023,0.9998074336862164
61,2,0.0423207734207202,0.9998299835880052
61,3,0.06725986298579488,0.9998525562214969
61,4,0.09165852308784089,0.9998748680511864
61,5,0.11485315442987452,0.9998965577063164
61,6,0.13737525525227884,0.9999178657828597
61,7,0.15994009318657848,0.9999392158021391
61,8,0.18258802601606233,0.9999606341694228
61,9,0.2046043426091825,0.999981397266631
61,10,0.22530968265859203,1.0
61,11,0.24514662967665418,0.9999813888809176
61,12,0.26340510809749956,0.9993635772122869
61,13,0.2761964447379295,0.9960203181495549
61,14,0.2764952251011244,0.9856932093121947
61,15,0.25974110713009263,0.9659987386649991
61,16,0.23267260202944673,0.9414697529268026
61,17,0.2072480138739267,0.9165763902362254
61,18,0.1895802081330739,0.8914629419524313
61,19,0.18003168506952513,0.8668071787695477
61,20,0.17548744232760802,0.8427561321003186
61,21,0.17321213057035334,0.8190470578728026
61,22,0.17251982670014523,0.7964508912830179
61,23,0.1730080347512614,0.7761520873975077
61,24,0.17447417984079794,0.7583001856214714
61,25,0.17671371020240093,0.7418270727567557
61,26,0.17954521218806785,0.7264071183856113
61,27,0.18301033323786214,0.7118537127471749
61,28,0.18729967157309996,0.6979765418636699
61,29,0.19245795360675436,0.6848942900609043
61,30,0.19829186954937952,0.6723751168620751
61,31,0.2046103326494861,0.66021796933043
61,32,0.21133900534276956,0.6485987566267507
61,33,0.21847371832067364,0.6376363626271582
61,34,0.22570181351478444,0.6276097786986112
61,35,0.2325675801228462,0.6188075875211738
61,36,0.23923235870585138,0.610626831901387
61,37,0.24592584028311804,0.6025364667482982
61,38,0.25260478587942525,0.5945457351700248
61,39,0.2592549395091736,0.5866185635086474
61,40,0.26586277061790353,0.5787113692948166
61,41,0.2723807357679352,0.5707902282710636
61,42,0.2786852296372309,0.5629063980140606
61,43,0.2847590952541101,0.5550660709918326
61,44,0.29064079837624857,0.5471514688597571
61,45,0.29620603231184406,0.5391130206703663
61,46,0.30132022426262867,0.5309674082490601
61,47,0.30594985580673384,0.5225925746585963
61,48,0.3100288971407731,0.5138840765121173
61,49,0.3135061154407018,0.5049102187197706
61,50,0.3164530721407486,0.49570675885814774
61,51,0.3190793987540527,0.4862848417248917
61,52,0.32163291422423057,0.47672819447708203
61,53,0.32423516432735183,0.46708692362833537
61,54,0.32691136896618367,0.4573175110502573
61,55,0.32962884244164353,0.44737132867521967
61,56,0.33230283105740027,0.4373073374163302
61,57,0.33489366503798096,0.42724664272955815
61,58,0.33742294956968844,0.4172546888610731
61,59,0.3398718715436122,0.4072893887139717
61,60,0.3420909130100458,0.397201833300757
61,61,0.34388046317169896,0.3868675558401369
61,62,0.34511986442898057,0.37630012779146593
61,63,0.3458010165511623,0.3656938485107981
61,64,0.34604851463428515,0.35523734739326474
61,65,0.34607215464190605,0.3448540751018877
61,66,0.34600701020245644,0.3344694245776746
61,67,0.34582766169813833,0.3241438005540933
61,68,0.34546534965450526,0.313855994921021
61,69,0.34491242960163565,0.30354771391505575
61,70,0.34418395368267085,0.29322465591316815
61,71,0.34326044412981394,0.2829256586384783
61,72,0.3420846190735036,0.27267536355069466
61,73,0.34056399018092826,0.262492172451779
61,74,0.33863778998495847,0.25244833293076974
61,75,0.33635564602771406,0.2426914817723843
61,76,0.3337849085221855,0.23338323595944688
61,77,0.3309481940628273,0.22450754247490234
61,78,0.3278716608484198,0.21589674431721462
61,79,0.3245727987393102,0.20748235528769532
61,80,0.32103924388716776,0.1992395433575871
61,81,0.31727673544093477,0.1911064644277869
61,82,0.3132914060161375,0.18306100636451295
61,83,0.30902205001174404,0.17503660542825716
61,84,0.3044527662270445,0.1669571040983686
61,85,0.2996856528072137,0.15887308577683934
61,86,0.2947986770875885,0.15085502233351133
61,87,0.28985780968194197,0.14297393097628852
61,88,0.2849357006085053,0.13530109496289267
61,89,0.27997121306933487,0.12781450573418562
61,90,0.27484940250636525,0.12045486532893446
61,91,0.2695697311954109,0.11317686556465323
61,92,0.2641918326072141,0.10593304235003886
61,93,0.25878859095609563,0.09867971598502379
61,94,0.25347430284794187,0.09137748636111931
61,95,0.24832830557392463,0.08398949985655857
61,96,0.24364314423208935,0.07670988812729906
61,97,0.23995211589662943,0.07011844481948548
61,98,0.23719741342170003,0.06434734874703807
61,99,0.23487906577671158,0.058877119919609866
61,100,0.23272274853153088,0.053454861441603496
61,101,0.2305018718464182,0.04806320389375707
61,102,0.22798948556693038,0.04258297202792183
61,103,0.22512355464521913,0.037109665666352765
61,104,0.22190388539855424,0.03183535558941708
61,105,0.21724937483711837,0.026144052655819983
61,106,0.20999754115240207,0.020059384468048114
61,107,0.20089590338141808,0.015079644306121631
61,108,0.19097939291928795,0.01162099967345176
61,109,0.18053888263158793,0.009052457309293493
61,110,0.16980248174481616,0.007038511404256043
61,111,0.15896228577159777,0.00539309162388979
61,112,0.14809989040555963,0.0040171851869265085
61,113,0.13717496996047127,0.0028504664030857274
61,114,0.12610624098687478,0.001867828850798614
61,115,0.11478370210249056,0.0011036180362998804
61,116,0.10318295466904898,0.0006111744595242996
61,117,0.09146925221249916,0.0003524295146914991
61,118,0.07972660617198253,0.0002329542273852292
61,119,0.06788548624670797,0.00018515124638174285
61,120,0.055933185170828854,0.00016361861883074091
61,121,0.04393733305121564,0.00014767855336716984
61,122,0.03193487200487019,0.00013213189371730216
61,123,0.0199139774914106,0.000116510674363135
61,124,0.008039248997921283,0.00010101291125064193
61,125,-0.0035148482886206965,8.587726031539233e-05
61,126,-0.01490603520642541,7.08899350057024e-05
61,127,-0.02614015871873751,5.600454317533643e-05
61,128,-0.037068841109572245,4.1563275123501775e-05
61,129,-0.047829241376322114,2.7492753202129627e-05
61,130,-0.058560132049799124,1.3681647817453957e-05
61,131,-0.06926893373591518,1.1008692187841618e-06
61,132,-0.07996573734644548,0.0
61,133,-0.09066074200678814,4.3602792337282814e-05
61,134,-0.1013440895285751,0.0001838184554052713
61,135,-0.11199670295428565,0.0004761432294611012
61,136,-0.12273845654568802,0.0010042421398602785
61,137,-0.13368450570205745,0.0018150538009709116
61,138,-0.14470220936772674,0.0028600557790011694
61,139,-0.15567145600008245,0.004110528258930324
61,140,-0.166583590934336,0.00561035004010757
61,141,-0.17740797723693158,0.00748101367765952
61,142,-0.18801958492711995,0.009911774674451812
61,143,-0.19822455521200943,0.013160546644270799
61,144,-0.20742045088484454,0.017491381108158288
61,145,-0.21441802803697843,0.022392874525744566
61,146,-0.21902431114935503,0.026962841013294603
61,147,-0.22235787817276279,0.03136658206955034
61,148,-0.22517296960278382,0.036004696600646646
61,149,-0.22771440201092527,0.040811164295303626
61,150,-0.2301605834025499,0.04583573956313347
61,151,-0.2326017281374981,0.05108979065891284
61,152,-0.23522344131587253,0.05665416366843479
61,153,-0.23825638105393646,0.06284205223021377
61,154,-0.24193890805119667,0.06991288620872138
61,155,-0.24631927463813416,0.07762661196025777
61,156,-0.2511188514754983,0.08538621458191076
61,157,-0.2562012986246295,0.09300444426580923
61,158,-0.26157031180514473,0.10059531997920323
61,159,-0.2670508681969864,0.10807149396154259
61,160,-0.27242679619756666,0.11534678312660751
61,161,-0.27766074377405364,0.12255723809132069
61,162,-0.2827675928134072,0.12986085938398118
61,163,-0.28772017999962557,0.1373080628303307
61,164,-0.29251655969132767,0.14482659118452745
61,165,-0.2971840388171971,0.15235353731867918
61,166,-0.3017830460980969,0.15993828482867134
61,167,-0.30635064801290973,0.16767384731869617
61,168,-0.3108252036246915,0.17558017819407368
61,169,-0.3151234368788438,0.1835898789685254
61,170,-0.3192016370215767,0.1917378963919134
61,171,-0.32303714400055344,0.20009103755180813
61,172,-0.326652481593142,0.2086548738931976
61,173,-0.33004637913825957,0.21744616554468965
61,174,-0.33316312311948715,0.22641869288062944
61,175,-0.3359845257814311,0.2355087039785987
61,176,-0.3384876721337132,0.2447489124447999
61,177,-0.3406426950762217,0.2543315545843613
61,178,-0.34246070092758996,0.26436121973320803
61,179,-0.34392978856196804,0.274665993530546
61,180,-0.3450692333213842,0.28508366317067424
61,181,-0.345973461461299,0.2955328626595809
61,182,-0.34671272361937416,0.305973829979034
61,183,-0.34727314736920684,0.3164703188599435
61,184,-0.3475862155724388,0.3270888008560927
61,185,-0.3476529286170772,0.33778239584943803
61,186,-0.34759040068811753,0.3484766233797184
61,187,-0.347446777865229,0.3591377843349016
61,188,-0.3470434052530815,0.36963335420161003
61,189,-0.34613704587935545,0.3797957933394387
61,190,-0.3446767829775851,0.38965583518577795
61,191,-0.3427701636954171,0.39930074962727136
61,192,-0.34060044468880607,0.4088403083743991
61,193,-0.33834181589038526,0.4184348355245553
61,194,-0.33602560433376144,0.42811351128350206
61,195,-0.3336135107892843,0.4378372048213788
61,196,-0.3310896339436062,0.4475826113980941
61,197,-0.32847543113433275,0.4573364253460409
61,198,-0.3258652645595727,0.4671023804241834
61,199,-0.323346196729217,0.47685028230771886
61,200,-0.32086120230982323,0.4865244104894112
61,201,-0.3182442065397353,0.4960884053907689
61,202,-0.315203769378541,0.5055666022138569
61,203,-0.3114577310317269,0.5149597189325266
61,204,-0.30697725866043335,0.5241479397379849
61,205,-0.3018134075295116,0.5331229560691783
61,206,-0.29604679192842454,0.5419631883893661
61,207,-0.28985603994093295,0.5506505330915494
61,208,-0.28339641617406763,0.5591224042467133
61,209,-0.2767418113194228,0.567381629911341
61,210,-0.2699103350963207,0.5755499542491552
61,211,-0.26296322191710825,0.5836970214464505
61,212,-0.2559819545635734,0.5918499667924693
61,213,-0.24903110822216437,0.6000731180192377
61,214,-0.24215326129214726,0.608410601807365
61,215,-0.23535400420155214,0.6168871459010498
61,216,-0.22868864303231906,0.6255056889368893
61,217,-0.2220067365264237,0.6347711170702999
61,218,-0.21507893739754344,0.6454335578711334
61,219,-0.2082108324435861,0.6573091494474836
61,220,-0.20177954260332429,0.6698071468843474
61,221,-0.195777621351329,0.6827742122888989
61,222,-0.19031326620226977,0.6961983834109174
61,223,-0.18564979716446112,0.7106061552658985
61,224,-0.18188092665364078,0.7265035628035281
61,225,-0.1789633079740173,0.7435964164061284
61,226,-0.17684943470503997,0.7616043846835812
61,227,-0.1756197467132844,0.7808991875242678
61,228,-0.17544242226605317,0.8024292779536442
61,229,-0.1767070847982067,0.8266699422394905
61,230,-0.18017318362581083,0.8527102639035222
61,231,-0.18659225481505662,0.8787670489068317
61,232,-0.19917345425314759,0.9049388396569231
61,233,-0.22142648849912724,0.9307182656054698
61,234,-0.250105717576437,0.9539185662348579
61,235,-0.27377256990968013,0.9736005433421625
61,236,-0.2814785005373742,0.9874993892548453
61,237,-0.27347938179972126,0.9949297688842149
61,238,-0.25641826822303665,0.9978781858478254
61,239,-0.23553289167923125,0.9984624343520221
61,240,-0.21338337225273096,0.9985272687970332
61,241,-0.19059307139488108,0.9985493650416318
61,242,-0.16768084688948698,0.9985709514803658
61,243,-0.14491003726987522,0.9985923666896458
61,244,-0.12226838071295981,0.9986136794409621
61,245,-0.09909824147642254,0.9986352595894102
61,246,-0.07477468134289587,0.9986574185377013
61,247,-0.04990837900118665,0.9986798825187395
61,248,-0.025130588096038162,0.998702345405639
61,249,-0.00043449720882361795,0.9987247828967161
62,0,-0.003721882364444558,0.9996593724165134
62,1,0.017169672829832974,0.9996942112163052
62,2,0.03807383143054599,0.9997290866599701
62,3,0.05899932051705954,0.9997639988239813
62,4,0.07995437658139591,0.999798923574206
62,5,0.10083216077172846,0.9998336948760027
62,6,0.1215376913042467,0.9998682186134519
62,7,0.14218858845456844,0.9999027049292345
62,8,0.16283997225432803,0.9999371779972516
62,9,0.18283866359423462,0.9999705129434826
62,10,0.20158088625600745,0.9999999999999999
62,11,0.21960279145876466,0.9999838042300616
62,12,0.23679893166569604,0.9994672240760356
62,13,0.2499578024695857,0.996702768202604
62,14,0.2501731264142565,0.9874567146591017
62,15,0.23285122618002546,0.9691010075237594
62,16,0.20913688933178337,0.9443533992075777
62,17,0.19090235062660726,0.9170414491813743
62,18,0.17932335194623886,0.8898352404492644
62,19,0.1721046280348778,0.8632187387275172
62,20,0.16799775553618462,0.8362376683701415
62,21,0.1662331315359425,0.8091185808265227
62,22,0.16594336976966656,0.7833414452876741
62,23,0.16659174881605213,0.7603116307576819
62,24,0.16788953405495424,0.7392456452162195
62,25,0.16964535363574573,0.7193172592923882
62,26,0.1717990181263631,0.7009583175839096
62,27,0.1746322545960477,0.683765191747446
62,28,0.1785313428468883,0.6675825862805866
62,29,0.1834919260996636,0.6527675007000422
62,30,0.1891179717986552,0.6387111465316243
62,31,0.19510958923203647,0.6249004255886391
62,32,0.20156532249843148,0.6114626378756207
62,33,0.20873813197326663,0.5984835387700725
62,34,0.21604242231613194,0.5868555569735547
62,35,0.22260820987912694,0.5773863872933255
62,36,0.22876004680751613,0.5689476236431676
62,37,0.23495395394034252,0.5605573362216365
62,38,0.2411605801848372,0.5522722660480728
62,39,0.24738804429927755,0.5441107947530031
62,40,0.25365238330154716,0.5360715716128848
62,41,0.2599674173637913,0.5281315601922761
62,42,0.2662429093142196,0.5203227049111838
62,43,0.27239313831901596,0.5126376852158355
62,44,0.278374939345632,0.5048964466613443
62,45,0.2839983729725554,0.4969974824715754
62,46,0.28910364603872213,0.4889877172854461
62,47,0.2936845081577087,0.48069061435626315
62,48,0.2976733584654105,0.47193377557528093
62,49,0.30103474723412427,0.4628901968545458
62,50,0.30386283086499666,0.4536925091655166
62,51,0.30638381102522666,0.44431190693024747
62,52,0.30891023412204943,0.4347937735133093
62,53,0.31160775535229396,0.4251926821951646
62,54,0.3145405650063166,0.41543216462298005
62,55,0.3177159044006717,0.40543649630106193
62,56,0.3210290090216902,0.39532008466104607
62,57,0.3244268815603412,0.38526188511300397
62,58,0.32794950416580776,0.3753690077863491
62,59,0.3315180713477093,0.36563273966587906
62,60,0.33479738751288163,0.3558591520499669
62,61,0.3374178448807029,0.3458467104356745
62,62,0.339211355948965,0.3355690914833461
62,63,0.3402311047872407,0.32527356554988807
62,64,0.340735507010733,0.315220782775679
62,65,0.34108571146751426,0.30528139525820885
62,66,0.3415073241583604,0.29531031228185656
62,67,0.3419505958884609,0.2853601514620048
62,68,0.342253405260434,0.2754127861992106
62,69,0.34233170772430555,0.26541229002623445
62,70,0.34218267327593443,0.25536246627666337
62,71,0.3417981358605603,0.24529750419272667
62,72,0.34112664007773175,0.2352356153640197
62,73,0.34004191667673894,0.2252085101156246
62,74,0.33843431514795264,0.2153199101687443
62,75,0.3363710283907167,0.20581229987806415
62,76,0.3339022509412257,0.19684875455774375
62,77,0.3309626278224673,0.18826736800466715
62,78,0.3275725212191393,0.17991886813570535
62,79,0.3237853833453866,0.17182308500342125
62,80,0.31961838448660546,0.16394335063741727
62,81,0.3151552205532596,0.1561712314346395
62,82,0.3104801302401885,0.14844249143234067
62,83,0.30557037983479707,0.14064251687757878
62,84,0.3004168873490208,0.13266415552613642
62,85,0.2951108089658074,0.1246107958657916
62,86,0.28970763796785404,0.1166198273023118
62,87,0.284276063514138,0.10881700789412374
62,88,0.27891790820168083,0.1012915996060334
62,89,0.27358554540411745,0.09396603756486122
62,90,0.26818705077780153,0.08673278367109316
62,91,0.2627260717841948,0.0795466662264881
62,92,0.2572211684856201,0.0723830117608999
62,93,0.2516750508338432,0.06523125746423952
62,94,0.24612367605925797,0.058075758543026934
62,95,0.24060760045993232,0.050879156717706486
62,96,0.23560467453879275,0.044143240848592336
62,97,0.2319606653256096,0.03890966544590624
62,98,0.2295309720723678,0.035124923245783535
62,99,0.22755136707208506,0.03181172360448603
62,100,0.22576214530081448,0.028574022160218315
62,101,0.22406399488951675,0.025367526839087717
62,102,0.2223033816918502,0.0220643638759751
62,103,0.22043075252875086,0.018704196693258957
62,104,0.2184500928327191,0.015406403386287848
62,105,0.21503724397150886,0.011344829912986798
62,106,0.208475513650305,0.006530118410207675
62,107,0.19939972403616968,0.003009720285376938
62,108,0.18919879193906258,0.0013905722893200467
62,109,0.17841749459901463,0.000733155697158927
62,110,0.16742191976669096,0.00050541324417952
62,111,0.15647445059908235,0.0004327012223058757
62,112,0.14568402275930956,0.0004123314137842726
62,113,0.13497417729180627,0.00041618111785535206
62,114,0.12421272057162434,0.00042584948697466096
62,115,0.11308102890259968,0.000423099202193411
62,116,0.10133235299680717,0.0004083151774542104
62,117,0.08931579991656673,0.00039019418578101206
62,118,0.07731337312449099,0.00036992739591723556
62,119,0.06522011981194589,0.00034954522602281823
62,120,0.052997287642727736,0.00032897927028274765
62,121,0.04073373047254308,0.00030834207951246917
62,122,0.02848287776787654,0.00028768583633609346
62,123,0.01622464033676319,0.0002669843715583653
62,124,0.00425996595874342,0.000246650654397218
62,125,-0.007095275580516978,0.0002271380298796144
62,126,-0.018140324510042393,0.000208001783981282
62,127,-0.02904782361601439,0.00018902521269592576
62,128,-0.039694002500028074,0.00017060142399027978
62,129,-0.050196380218614105,0.0001525943239268912
62,130,-0.060674919010985914,0.0001346777135050603
62,131,-0.07114012833529625,0.00011677838355228509
62,132,-0.08160481485204517,9.891130631634049e-05
62,133,-0.09208266648430175,8.120854617288398e-05
62,134,-0.10257063179440506,6.344039721828398e-05
62,135,-0.11306085705219501,4.582795887531077e-05
62,136,-0.12354380002368352,2.9605502861795863e-05
62,137,-0.13401090868138946,1.29138908925297e-05
62,138,-0.14449401818671453,0.0
62,139,-0.1550428665539294,7.614461901672698e-06
62,140,-0.16569574286083213,7.482727559460223e-05
62,141,-0.1764603861695899,0.0003487511208769556
62,142,-0.18719296428562948,0.0011012694167518156
62,143,-0.19761238478145685,0.0027325857990260216
62,144,-0.20665049112811446,0.0055933950799195165
62,145,-0.2128048942155173,0.009099715443749878
62,146,-0.2163713309545968,0.012264232395955865
62,147,-0.21879755239535117,0.015256182420791742
62,148,-0.22079673525283214,0.01846401393615471
62,149,-0.2226418882600904,0.021772823459416668
62,150,-0.22449976840572758,0.025219743705197417
62,151,-0.22646144861763282,0.028832134481834193
62,152,-0.22882093022230252,0.03287755464639708
62,153,-0.23183488782744033,0.03763742141133142
62,154,-0.23574174795799924,0.04324124525245976
62,155,-0.2406204823073506,0.04972265652191299
62,156,-0.24590593060503096,0.05650575852407458
62,157,-0.2511930782853669,0.06322976212295595
62,158,-0.25649057321953533,0.07000994473682853
62,159,-0.2617863479594828,0.07687328182772346
62,160,-0.26706626677979856,0.08383745089912165
62,161,-0.27230596081145453,0.09088418009904076
62,162,-0.277497135997157,0.09803415092045864
62,163,-0.2826478885308526,0.10533075438009387
62,164,-0.28773366785231785,0.11267659141825337
62,165,-0.29271854121635427,0.12000335524624806
62,166,-0.297586184377859,0.12725951896564236
62,167,-0.3023642424474779,0.13446564265562855
62,168,-0.30709055876118935,0.14176253511060988
62,169,-0.311741453067455,0.14911986327890758
62,170,-0.31625928644088525,0.15652800684424129
62,171,-0.32057278305412995,0.1640785899661934
62,172,-0.32462476361440445,0.17181954369761454
62,173,-0.32833343730595993,0.17981438292029406
62,174,-0.33159032995593857,0.18805186100663607
62,175,-0.33439274948741166,0.19646329062388723
62,176,-0.3367549915174779,0.20506678290600555
62,177,-0.338667552154747,0.21414406014671272
62,178,-0.34016457738235434,0.22386803430822533
62,179,-0.3412332404027021,0.23394776116219185
62,180,-0.3418980580882601,0.24412383834409968
62,181,-0.34228765978804204,0.2543156059374404
62,182,-0.3424820328570125,0.26448047150457754
62,183,-0.3424373988420783,0.2747421747684722
62,184,-0.34207740536089853,0.2852284749392612
62,185,-0.3414955646280514,0.2958271393744739
62,186,-0.34094060860121134,0.3064040079804117
62,187,-0.34048653362705755,0.3169438384638794
62,188,-0.3398159646772989,0.3272591482658277
62,189,-0.3384874449414163,0.3371013925512766
62,190,-0.33635175358703057,0.3465609764292359
62,191,-0.33353984419912697,0.3558001098848277
62,192,-0.330360941276485,0.36495875411427026
62,193,-0.3271658271274228,0.3742380242505613
62,194,-0.32408682742100436,0.38367253503188814
62,195,-0.32108638818092683,0.39321222033555714
62,196,-0.3181194127309989,0.4028215232236201
62,197,-0.3151883251118275,0.4124663344879649
62,198,-0.31240200128959694,0.4221380970390426
62,199,-0.3098683684315575,0.4318032349633053
62,200,-0.30750653873459427,0.441404373609372
62,201,-0.3051020965708748,0.45090723307346015
62,202,-0.30235266235512875,0.46027677774676845
62,203,-0.2989984179868819,0.469448583042975
62,204,-0.2949662866438851,0.4783407409108541
62,205,-0.29019157404780915,0.48700407239635146
62,206,-0.28468870716937417,0.49553260314893155
62,207,-0.27866654053334367,0.5038877226271394
62,208,-0.27229453915505414,0.5120962702173113
62,209,-0.26566992429831077,0.5203115341252387
62,210,-0.25891683817612776,0.5286413340563025
62,211,-0.2521541170476726,0.5370890956939305
62,212,-0.24544365257783451,0.5456536145001033
62,213,-0.23881491548540612,0.5543541343110665
62,214,-0.23227836068728544,0.5631841396922361
62,215,-0.22582863066532788,0.5721326002074332
62,216,-0.21953068070939952,0.5811872860583656
62,217,-0.21323807168231546,0.5909715206982111
62,218,-0.20663418602359906,0.6025845844935926
62,219,-0.19995868590470467,0.6159712135426973
62,220,-0.19362776910700588,0.6301967608827188
62,221,-0.18759741489303988,0.6448061825387745
62,222,-0.18202938001495342,0.6597467162587867
62,223,-0.17740565421290674,0.6761069694546787
62,224,-0.1739133624158062,0.6949518388844311
62,225,-0.1713794580586876,0.7157823835801573
62,226,-0.16952522949817278,0.7380688090891543
62,227,-0.16825489942938823,0.7610577184240975
62,228,-0.16767456620079726,0.785255856767573
62,229,-0.16834114288064228,0.8131446111438017
62,230,-0.17149554282335394,0.8445470771262557
62,231,-0.17825474237829464,0.8764480794017191
62,232,-0.18960650993632705,0.9077555814383635
62,233,-0.2069305242782653,0.9375829275661434
62,234,-0.22941320464631013,0.9624977948673827
62,235,-0.24903211394399669,0.9804606434129215
62,236,-0.25467592988888615,0.9915306931441921
62,237,-0.24451413180931492,0.996601038570547
62,238,-0.2260688226529021,0.9980066600246782
62,239,-0.20538358811423021,0.9981790450557808
62,240,-0.18406904531090293,0.998218306348947
62,241,-0.1627262462114844,0.9982535296344153
62,242,-0.14163249346983184,0.9982883812943888
62,243,-0.12072730852615442,0.9983228895393613
62,244,-0.09990898987359778,0.9983572897281712
62,245,-0.07906059629126339,0.9983918180454477
62,246,-0.05816689661162023,0.9984265009399147
62,247,-0.03725592585132678,0.9984613001985552
62,248,-0.016350513967804244,0.9984961611161886
62,249,0.004552005021465239,0.9985310391500021
63,0,-0.00874615326184389,0.9966722112265389
63,1,0.014262627448029702,0.9966547814145058
63,2,0.03728534796210853,0.9966373687326249
63,3,0.060331664383026055,0.9966199557782314
63,4,0.0832428401405551,0.9966027660025661
63,5,0.10580465063282368,0.9965860631155234
63,6,0.12807138481282168,0.9965696622462287
63,7,0.1501188860822006,0.9965533905275991
63,8,0.17197429895425956,0.9965372892815151
63,9,0.19353166339664868,0.9965216071442218
63,10,0.21507062971234656,0.9965066391216949
63,11,0.23728955529547402,0.9964793392869662
63,12,0.2595086856596135,0.996314852930905
63,13,0.2772442462138888,0.9946781944325843
63,14,0.280073248696618,0.9897686265034198
63,15,0.25904322312901845,0.9806245235908642
63,16,0.22593852300327133,0.9681159818681349
63,17,0.2018659222209289,0.9529862151956756
63,18,0.19027730333327714,0.9347991668364903
63,19,0.18476951152987522,0.9151808520037532
63,20,0.18181727788886512,0.8956611625659485
63,21,0.18042593090461098,0.8762929183646049
63,22,0.18039095113754647,0.8578070286075965
63,23,0.1813128180152482,0.8407823788944192
63,24,0.18280775911453065,0.8245464649330824
63,25,0.18501511718436525,0.8086027012016671
63,26,0.18836877802680455,0.793103626330733
63,27,0.19266334737839844,0.7787956790226112
63,28,0.19738406543565867,0.766161022243539
63,29,0.2026131038471799,0.7543446027826918
63,30,0.20857451908494964,0.7429190492557801
63,31,0.21529320798702486,0.7320509777092459
63,32,0.2226865510643954,0.7217100920411481
63,33,0.23041359207034398,0.7119705932271064
63,34,0.23802174846434287,0.7028864154283773
63,35,0.24538575653946867,0.6942361553803248
63,36,0.2526597479659695,0.6856726545678229
63,37,0.25986070142340156,0.6770998156532135
63,38,0.26692634602317505,0.66854224656716
63,39,0.27383531466374905,0.6600038071378966
63,40,0.28058161478815524,0.651430417378857
63,41,0.28716520450051464,0.6427452252429603
63,42,0.2935344086937515,0.6339390587377729
63,43,0.29968630075096403,0.6249670193325538
63,44,0.3056933570819121,0.615683615688379
63,45,0.31149773144365916,0.6060092560093322
63,46,0.31694726412622815,0.5960335016969832
63,47,0.32202806980817444,0.5858362476602528
63,48,0.3268131293875282,0.5754907752521133
63,49,0.33135977133252037,0.5651635219097233
63,50,0.335727362111,0.5548851911123729
63,51,0.33995919504353855,0.5445218965959981
63,52,0.3440442772333681,0.5340357507147029
63,53,0.34792013075944667,0.523427821710692
63,54,0.3514920089662322,0.5126796094116753
63,55,0.35469152333112686,0.50178889453768
63,56,0.3575423112450253,0.49074494979927086
63,57,0.36009541074940826,0.4796054188754263
63,58,0.3623806535433432,0.4683959421345619
63,59,0.36441996857911035,0.4570771388444045
63,60,0.36622551664944586,0.44566835637988933
63,61,0.36780119960477886,0.43420219699967944
63,62,0.36912780561289305,0.42267273140758677
63,63,0.3701618977880367,0.41101441272507655
63,64,0.37086618518436754,0.399197014056354
63,65,0.37120063148818555,0.387294097667218
63,66,0.3711189572515697,0.3754036664804481
63,67,0.37063628196581466,0.36364503098572987
63,68,0.3698278552267447,0.3520550796532713
63,69,0.3687526567820398,0.34054474808164925
63,70,0.36744361605990383,0.32908880522003436
63,71,0.3659076611612509,0.3177154944374082
63,72,0.3641105077250295,0.3064081043589245
63,73,0.36200653731211196,0.29516260588772536
63,74,0.35955813589455504,0.2840364172009465
63,75,0.35670359543025004,0.27306251606535514
63,76,0.3533707113626929,0.26225482398063893
63,77,0.3495494002321165,0.25167036522510167
63,78,0.3452983972442286,0.2413138295946633
63,79,0.34069512194759943,0.23113411331966283
63,80,0.3357799884343251,0.22107523846532484
63,81,0.3305176330156474,0.21109626604132092
63,82,0.32486818208609797,0.2012198352243615
63,83,0.31885342205011047,0.19151161738721123
63,84,0.3125086973902641,0.18200194854532004
63,85,0.3058586869390822,0.1727160840956513
63,86,0.29891962675137157,0.1636884226780193
63,87,0.29172999790464216,0.15493434699197461
63,88,0.2843266894698492,0.1464625577999984
63,89,0.27669383484012927,0.13826487180085056
63,90,0.268732659689088,0.13023437450812692
63,91,0.26038151610537075,0.12226944009524221
63,92,0.25174723338031085,0.11446046168512924
63,93,0.24308424176449916,0.1070354266256981
63,94,0.2345659422088972,0.09999629925810738
63,95,0.22615479520538448,0.09295655666977443
63,96,0.2183108522225814,0.08549050655236035
63,97,0.21232734356998995,0.07725617013556807
63,98,0.20999466026653768,0.06814756295377467
63,99,0.21264531380100724,0.058497264369636315
63,100,0.2197149419532642,0.04911176423527808
63,101,0.22900856915580955,0.0404796366057133
63,102,0.23822562003924772,0.03198466951916634
63,103,0.24551138483689056,0.022990636203962467
63,104,0.24909004568559986,0.014264954328007451
63,105,0.2480706880290269,0.00731556919191767
63,106,0.24270166373631238,0.0028912131509210015
63,107,0.23370909456158934,0.0007796277719998024
63,108,0.2223502500210247,0.0001173905649723972
63,109,0.2097548320726863,2.3234246490089205e-06
63,110,0.19671586821823567,0.0
63,111,0.18365720439075367,8.271824357253266e-06
63,112,0.17061951246851964,2.7767159165525968e-05
63,113,0.15760877884063057,5.681184568662179e-05
63,114,0.14458171642598217,8.929335835150543e-05
63,115,0.13146899615146193,0.00010762289865473562
63,116,0.1180289178521354,0.00011285548177142335
63,117,0.10411820943094721,0.00011466824406680676
63,118,0.08994204569134903,0.00011400348586787512
63,119,0.07564716863970476,0.0001133732727173209
63,120,0.06126573639536476,0.00011280928263135426
63,121,0.04684869449409165,0.00011223777889390885
63,122,0.03240656123969133,0.00011157194943700599
63,123,0.017933372193767127,0.0001107974905493192
63,124,0.003431798188004533,0.00010990816551226246
63,125,-0.010786869642136558,0.0001089606765320994
63,126,-0.024340740415750774,0.00010797913227988953
63,127,-0.03740399392397043,0.0001068891202686828
63,128,-0.05028591857208008,0.00010581133569897982
63,129,-0.06308337164682705,0.00010489232503985146
63,130,-0.07584499111777956,0.00010405645448374745
63,131,-0.08857666392337149,0.00010322305651455643
63,132,-0.1012847172956579,0.00010243619447980468
63,133,-0.11396809221628361,0.00010187662899452388
63,134,-0.12638785859294682,0.00010125936723826001
63,135,-0.1383337113079331,0.00010077710872014034
63,136,-0.15005429505873968,0.00010174489628878014
63,137,-0.1617636146490171,0.00010188878856487449
63,138,-0.17347024506974942,0.00010303644693021585
63,139,-0.18519962613717694,0.00011019049825200522
63,140,-0.19678437151186917,0.000114361550785258
63,141,-0.20806662242940266,0.00010281097350550716
63,142,-0.21912606973927723,0.00011246782474283457
63,143,-0.2299095626689455,0.0003098599487190157
63,144,-0.23958780566091312,0.0014329088312149407
63,145,-0.24669968809400064,0.004603718618689134
63,146,-0.25009657101893934,0.01056039644151352
63,147,-0.2490507626089914,0.018977464403786004
63,148,-0.24310981669856707,0.02868683745317191
63,149,-0.23322941287437607,0.03879377796274486
63,150,-0.22236101311397577,0.049133997229941495
63,151,-0.2142787659659083,0.05953788324545661
63,152,-0.211341423365226,0.06911814204724365
63,153,-0.2131350173745139,0.0776853834530139
63,154,-0.21818373119203816,0.08556225548000274
63,155,-0.22528205776557714,0.09271206406491539
63,156,-0.23335380283567123,0.09942817753204647
63,157,-0.24165814311201902,0.10612526375793929
63,158,-0.25000835659962917,0.1131349208377066
63,159,-0.2584053316425736,0.12059623825497168
63,160,-0.2665819721657946,0.12831563124308276
63,161,-0.27439194405056605,0.1360840374457667
63,162,-0.28197194946620785,0.1439984290175641
63,163,-0.2894005613309909,0.15220866014450352
63,164,-0.2965594464978252,0.16063883905724452
63,165,-0.30335921213011713,0.1692052020571999
63,166,-0.30986913740064914,0.17796631572945776
63,167,-0.3161255538828495,0.18693933876980195
63,168,-0.3220978106137656,0.19608564083169266
63,169,-0.3277678902301032,0.20543996714031532
63,170,-0.33312198619226696,0.21505018960626232
63,171,-0.3381689232665322,0.22486999495335225
63,172,-0.3429216873092373,0.23488671186911325
63,173,-0.3473319388822324,0.24512521242665075
63,174,-0.3513174950172183,0.2555055606191511
63,175,-0.354863610259589,0.2659551051727276
63,176,-0.3579735882164369,0.27649512503940954
63,177,-0.3606437818304714,0.2871488842293892
63,178,-0.36292428661988313,0.29789119191595737
63,179,-0.3648815406825235,0.3087301649988713
63,180,-0.366550652169779,0.3196713295797824
63,181,-0.36794301496011506,0.33063787310464
63,182,-0.36909074623753385,0.3415903284699562
63,183,-0.3700307907322416,0.35253397936468556
63,184,-0.3707694262332971,0.36347092813374615
63,185,-0.37127168289351165,0.3744837407623687
63,186,-0.37145214888506956,0.3856791793056821
63,187,-0.3712399118197158,0.39703569377640224
63,188,-0.3706436206827458,0.4084573715007068
63,189,-0.3697014251389792,0.4199008052969576
63,190,-0.368441855179513,0.43132955145902563
63,191,-0.3669067751271283,0.44271693136645085
63,192,-0.36513045925358995,0.4540878656773072
63,193,-0.3631326462387399,0.46544058128255883
63,194,-0.36088637885604347,0.47684544539569695
63,195,-0.35829857126649217,0.4884257057134679
63,196,-0.35527572349672826,0.5001581263732278
63,197,-0.35179601316923265,0.5119183332424103
63,198,-0.34792380881697815,0.5235739577514933
63,199,-0.34372975937788497,0.535068927127186
63,200,-0.339259815678601,0.5464234685916689
63,201,-0.3345677393999265,0.557671830136319
63,202,-0.32974965167754644,0.5687809701515023
63,203,-0.32485683677428545,0.5796485630571233
63,204,-0.3197696725602093,0.5902508401640862
63,205,-0.3143247411141577,0.6006563435072831
63,206,-0.30845117970350644,0.6108865493819932
63,207,-0.3022426802432179,0.6208091986988649
63,208,-0.29586648458531095,0.6303364938571294
63,209,-0.2893454756826524,0.6395550276117202
63,210,-0.2826354336705979,0.6485360852958986
63,211,-0.27572587799983655,0.6573304668725228
63,212,-0.2686378047459295,0.6660142892240841
63,213,-0.26142126460351456,0.6746487615272572
63,214,-0.25410461543932805,0.6833034110765227
63,215,-0.2467296964966228,0.6920457889467087
63,216,-0.23941916537397956,0.7008746043541352
63,217,-0.2321445070689981,0.7099125629868112
63,218,-0.22466166151996253,0.719553537749523
63,219,-0.21709265532390407,0.7299345387478626
63,220,-0.2099481423330086,0.740847247903047
63,221,-0.20344955981044993,0.7524700836944089
63,222,-0.19758099834581755,0.7650570524813362
63,223,-0.19241761820954406,0.77833175899315
63,224,-0.18800546431588025,0.7922513668397315
63,225,-0.1844269143138423,0.8070093384240721
63,226,-0.18181887664554186,0.8225836211783806
63,227,-0.18006240221818676,0.8391242337147363
63,228,-0.17898561598281842,0.8567852151998159
63,229,-0.17876203653668654,0.8756517715482965
63,230,-0.17985454031675918,0.895856731308397
63,231,-0.18280974784623208,0.9171951637201714
63,232,-0.18958160176942665,0.9395442687636731
63,233,-0.20434766360259546,0.9605066384302678
63,234,-0.23507213016336587,0.9767651615653951
63,235,-0.2670638408719898,0.98853228225708
63,236,-0.27444694440142176,0.995952977239943
63,237,-0.2621060159012875,0.9991327203869821
63,238,-0.24429148569056597,0.9999569269010329
63,239,-0.22545530235847008,0.9999999999999999
63,240,-0.205009662443161,0.9999824538222511
63,241,-0.18166667908117576,0.9999652987529812
63,242,-0.15688130309778217,0.9999474197778857
63,243,-0.13204583667020686,0.9999295516660692
63,244,-0.10784246480832278,0.9999120605556708
63,245,-0.08502138649882082,0.9998953605582356
63,246,-0.06303809384633162,0.9998791017911097
63,247,-0.041154804203265956,0.9998628634046509
63,248,-0.019275568180067152,0.9998466216688476
63,249,0.0026023757766542015,0.9998303904080731
64,0,-0.007666053639057509,0.9989047933523866
64,1,0.013208826977977794,0.9988808490565773
64,2,0.034096839365195364,0.998856925416273
64,3,0.055007076567637155,0.9988330011437726
64,4,0.07571970753590873,0.9988094306205441
64,5,0.09595555396268021,0.9987866248086735
64,6,0.11579531087484404,0.9987643065999869
64,7,0.13532396967212829,0.9987422123765789
64,8,0.15457844722421124,0.9987203720669375
64,9,0.1734317264628794,0.9986991789533247
64,10,0.19167353037934115,0.9986791401306696
64,11,0.20967990003110842,0.998639646209925
64,12,0.22735743761970678,0.9983830135033662
64,13,0.2416685077548908,0.9968564761431007
64,14,0.2453318728686158,0.9908533701543897
64,15,0.23105342206308158,0.9785927705914365
64,16,0.2047042217010366,0.9623158224253705
64,17,0.1827243120288462,0.943174759953638
64,18,0.17189795140856182,0.9221533399070125
64,19,0.16752927522559527,0.90171368992665
64,20,0.16541123094652996,0.8821329052255845
64,21,0.16469818436256764,0.8628111520964952
64,22,0.16516482192197562,0.8440276103268325
64,23,0.1664643813931619,0.8259629714811992
64,24,0.16819907649182275,0.8084532154682169
64,25,0.17053737158292426,0.7913789519435569
64,26,0.1740488158304521,0.7747495751921731
64,27,0.1784578764472519,0.7595878351216849
64,28,0.18307349180087196,0.7467002903686064
64,29,0.18804637525411297,0.7348318527989633
64,30,0.19369233867704536,0.7231330914869099
64,31,0.20003513423243208,0.7118222427084173
64,32,0.2070258138471022,0.7010191229317579
64,33,0.2143229261935024,0.6909781803109419
64,34,0.2214378201406982,0.6818929622860086
64,35,0.22827658503118098,0.6734884162674044
64,36,0.23505581911074908,0.6652812627023853
64,37,0.24180209717300474,0.6571055172800655
64,38,0.24841494229169203,0.6489593004726819
64,39,0.25485615684103363,0.64084636429138
64,40,0.2611587072844432,0.6327350748271631
64,41,0.2673606004930735,0.6245668649102706
64,42,0.27341593196927727,0.6163092595625925
64,43,0.27928583838583443,0.6078968814264004
64,44,0.28502529755852873,0.5991567340289828
64,45,0.2906096328326151,0.5899664599414771
64,46,0.29588974739153107,0.5804629403398236
64,47,0.30085242404609175,0.5707712792678712
64,48,0.30558135079475374,0.5609251455670707
64,49,0.31010398414584733,0.5510619504899776
64,50,0.31443318597697245,0.5412321385634016
64,51,0.3186043146109286,0.5313155856364105
64,52,0.3226233139172658,0.5212723610509449
64,53,0.32642729999596265,0.5111060432842309
64,54,0.32989551280469065,0.5007977011137226
64,55,0.3329299972647327,0.490345470587102
64,56,0.33555548485817804,0.47973714119675703
64,57,0.3378460043819818,0.4690312281728378
64,58,0.3398455090885316,0.4582427311477787
64,59,0.3415700557499098,0.4473167218424934
64,60,0.3430268419448191,0.4362835125710395
64,61,0.3442364201990819,0.425192539710862
64,62,0.34522720294149745,0.41404089407308287
64,63,0.34600766866292304,0.402737993211699
64,64,0.34655787121114506,0.3912394580118267
64,65,0.34682468732036836,0.37966098603081977
64,66,0.3467309516866084,0.36812940799024396
64,67,0.3462412453065936,0.35677258463353245
64,68,0.3453808347411941,0.3456349653917099
64,69,0.3441938314687045,0.3346034130057045
64,70,0.34273325905345775,0.32364128779214285
64,71,0.34104651945547254,0.31278413750748746
64,72,0.3391376783396587,0.3020096586123353
64,73,0.3369770276205488,0.29130900246659475
64,74,0.3345211813624829,0.28072808874887567
64,75,0.33170986164845984,0.2702815080360681
64,76,0.3284858706221114,0.2599948420321051
64,77,0.3248294392718518,0.24995045891439038
64,78,0.3207745622474854,0.24013939230417047
64,79,0.31637869749558195,0.23049478425748793
64,80,0.31166289525007707,0.2209682004634813
64,81,0.3065780176103399,0.21149448696449125
64,82,0.3010904162385686,0.20206616617720008
64,83,0.29525058115714853,0.1927704604893461
64,84,0.28910883952109023,0.18366492664552703
64,85,0.2826659063123352,0.1747942785282517
64,86,0.27590528225211125,0.16622003875348024
64,87,0.26886646477431164,0.15796137663472487
64,88,0.26159914528282163,0.14999917554516196
64,89,0.2540987287871621,0.14229900541678242
64,90,0.2462645102939084,0.1347121076206177
64,91,0.23803734058423193,0.12708530558468933
64,92,0.22958079987433402,0.11952645560251973
64,93,0.22105900172430715,0.11219185102069362
64,94,0.21246467738815483,0.10494687967030669
64,95,0.2038623663290794,0.09746125124201344
64,96,0.19580202378192368,0.08940384961110182
64,97,0.18961178549775867,0.08040514271250299
64,98,0.1872925804358564,0.0703518519640397
64,99,0.19042732978221777,0.05973026492007094
64,100,0.1987216425393716,0.04961820964311359
64,101,0.2100156351325592,0.040654683880349096
64,102,0.22168119343120093,0.03199922419092993
64,103,0.23115949222376161,0.022685636752058813
64,104,0.23599382343583863,0.013605806023747613
64,105,0.23518940981199177,0.006653395259840877
64,106,0.22976904389819625,0.002579095072198112
64,107,0.22137302277870952,0.0007519400480090477
64,108,0.2109850394185781,0.00013453910907834654
64,109,0.19914322034492268,2.147669290741838e-06
64,110,0.18668972714724796,0.0
64,111,0.17417584237002215,1.0200500679791169e-05
64,112,0.16166236937794912,3.0675621417342036e-05
64,113,0.149160174481406,5.99446316159602e-05
64,114,0.13661296038880277,9.217822204810044e-05
64,115,0.12393404979568017,0.00011043155496315293
64,116,0.11109682635421256,0.00011577474032065105
64,117,0.09820822351235999,0.00011767603579049268
64,118,0.08526146660498031,0.00011714755258629417
64,119,0.07217992080187699,0.00011662185869643071
64,120,0.05900665430204724,0.0001161485602696466
64,121,0.045798732522730416,0.00011566630638060182
64,122,0.032567196085720784,0.00011509544071475197
64,123,0.019305930246329053,0.00011442228600955229
64,124,0.0060337443737747895,0.00011364066700125797
64,125,-0.007155007679036698,0.00011279699743749205
64,126,-0.02011752894067494,0.0001119051812255023
64,127,-0.0327653474370857,0.00011090195056551178
64,128,-0.045158564643423015,0.0001099128051329501
64,129,-0.05744155035175614,0.00010907792785264103
64,130,-0.06969057370519773,0.00010832298050167388
64,131,-0.08191101395999173,0.0001075697049592872
64,132,-0.09410886414878694,0.00010685422713485604
64,133,-0.10630477601189822,0.00010633017090133645
64,134,-0.11819035857418576,0.00010568232532293109
64,135,-0.1294457258386285,0.00010504739394567864
64,136,-0.14039321272472421,0.00010559893105688278
64,137,-0.1513341231538259,0.00010507372089940681
64,138,-0.16227155136547625,0.0001051624957704167
64,139,-0.1732300195548847,0.00011058226242088853
64,140,-0.18419436891841834,0.0001126473365015146
64,141,-0.1951636526752457,9.926831300033356e-05
64,142,-0.20605257092413165,0.00010197257093791379
64,143,-0.2166814013156912,0.00023953765558004658
64,144,-0.2262858954127429,0.001114256590296625
64,145,-0.23336215311869707,0.0037996301535218047
64,146,-0.23662425215957816,0.009199365697641237
64,147,-0.23516082473797703,0.017282583440876853
64,148,-0.22785058188645627,0.02716857831543973
64,149,-0.21528770539785666,0.037914613094301886
64,150,-0.20144686759986025,0.04922090439445159
64,151,-0.19154787998901324,0.06074724086107308
64,152,-0.18824914824731404,0.07115663050398535
64,153,-0.1901831973714285,0.08022638440117347
64,154,-0.1953074343915222,0.0884924104375141
64,155,-0.20231200848764713,0.09581522042697799
64,156,-0.20999368817905875,0.10243046672189371
64,157,-0.21783348151280513,0.10888433573721401
64,158,-0.2258636093418639,0.11564930406625662
64,159,-0.23416847677254543,0.12292067819629404
64,160,-0.2424335274818272,0.1304468082108189
64,161,-0.2503676564566242,0.13794749136997464
64,162,-0.2580913084209935,0.14556936976049673
64,163,-0.26571146629391934,0.15352996236423255
64,164,-0.2730475396809669,0.16174947640692394
64,165,-0.27994569640345773,0.17012777836271553
64,166,-0.28649925634621776,0.1787457134500654
64,167,-0.2927879028379729,0.18763188102926653
64,168,-0.2987802632832455,0.196719404048474
64,169,-0.3044699328432388,0.2060144907098974
64,170,-0.30985612566194526,0.21553497777452657
64,171,-0.3149164531525677,0.22522732344755436
64,172,-0.3196291197218485,0.23511493211795909
64,173,-0.32394123507359573,0.24524126808487867
64,174,-0.3277883009686746,0.25551165508700746
64,175,-0.3311776204602491,0.26583918186358846
64,176,-0.33411797777404856,0.27611550721942013
64,177,-0.3366172362421037,0.2862420028818704
64,178,-0.33876571567557906,0.29631921883473666
64,179,-0.3406578438597735,0.3064783538037724
64,180,-0.3423295537926448,0.3167281204206036
64,181,-0.3437785203923467,0.3269905101512375
64,182,-0.3450041276681545,0.3372222784269914
64,183,-0.34600881941090433,0.34743886771462273
64,184,-0.346777766863604,0.3576556019439744
64,185,-0.34727689737486406,0.3679773291207906
64,186,-0.34744588478464394,0.3785541905762897
64,187,-0.34724823516982434,0.3893745690821072
64,188,-0.3467344240784786,0.4003069294348013
64,189,-0.3459821982312955,0.41128703151414314
64,190,-0.34502046538976133,0.42227780438009055
64,191,-0.3438398127085406,0.4332544414887016
64,192,-0.342418623398118,0.44423978833402256
64,193,-0.3407544029888915,0.45521557874291085
64,194,-0.33884496832328137,0.46613805880519177
64,195,-0.3366175463931812,0.47704616608198747
64,196,-0.33392599921604077,0.48805580631742795
64,197,-0.3307071819537202,0.4991322897987419
64,198,-0.3270484864720474,0.5100881859533875
64,199,-0.32304878554433947,0.5208583228639867
64,200,-0.31876982252679636,0.5314826879978872
64,201,-0.31426724172107,0.5420016920116519
64,202,-0.30959995915154137,0.5524569887222683
64,203,-0.30480309655832455,0.562818173078149
64,204,-0.2998160103207235,0.5729924565820086
64,205,-0.2945169841132486,0.5830050327076264
64,206,-0.288826796659026,0.5928943206601436
64,207,-0.28275695496439274,0.602584869127619
64,208,-0.27638418638975304,0.6120466287152513
64,209,-0.26979701391827016,0.6212404483744699
64,210,-0.26306155026266337,0.6301452335580582
64,211,-0.25619310356783037,0.6388785631330653
64,212,-0.2491906177186706,0.6475398976846496
64,213,-0.24206468510348303,0.6561686436636021
64,214,-0.23482101892555524,0.6648376543094496
64,215,-0.2275250505544131,0.6736389994983907
64,216,-0.22035507758113265,0.682591269557482
64,217,-0.21347113397152068,0.6916531589844503
64,218,-0.2067092665882701,0.7011999242160945
64,219,-0.1999801742917534,0.7116783521040815
64,220,-0.19368802447389677,0.7228545350348259
64,221,-0.18798702441468232,0.7347364333420814
64,222,-0.18274285263420473,0.747592637097388
64,223,-0.17803936355282088,0.7611170921403552
64,224,-0.17395108455819064,0.7753655522411597
64,225,-0.17055745726001473,0.7906601768776207
64,226,-0.16801214921971183,0.8069828772458032
64,227,-0.16618685939165573,0.8241771838131815
64,228,-0.16489584200603274,0.8421386383997341
64,229,-0.1643147350626124,0.8614211492039686
64,230,-0.16494507985039228,0.882624321434305
64,231,-0.16746751615210037,0.9055120507910829
64,232,-0.17469537548788167,0.9302055996334645
64,233,-0.19257328057628365,0.9542139479314193
64,234,-0.2199510238976185,0.9732074366293912
64,235,-0.24065161057566312,0.9867701935457095
64,236,-0.24335385409294424,0.9952422067436726
64,237,-0.23267838747249958,0.9989541266956083
64,238,-0.21645095475651316,0.9999369989402965
64,239,-0.19900856188100738,1.0
64,240,-0.18058715966941474,0.999976282217196
64,241,-0.16059752517461326,0.9999532749016056
64,242,-0.13981657308715845,0.9999295790882741
64,243,-0.11897857770159012,0.9999058784001168
64,244,-0.09838410838028495,0.9998825329608383
64,245,-0.07841534527803294,0.999859969862513
64,246,-0.05894771568559037,0.9998378963613674
64,247,-0.03960630623497691,0.999815879057267
64,248,-0.020264222738242393,0.9997938583558886
64,249,-0.0009223645864762987,0.9997718520817207
65,0,-0.002254503698264412,0.9995794197505286
65,1,0.0198204999155897,0.9995464580045266
65,2,0.04190912084353555,0.9995135228984876
65,3,0.06402079613145235,0.9994805871743878
65,4,0.08585080783473925,0.9994481961033888
65,5,0.10702546975614267,0.9994169746736818
65,6,0.1278208557313769,0.9993863965057586
65,7,0.14850150355849334,0.999355955982343
65,8,0.16895569531880894,0.9993257870159516
65,9,0.18885527082692904,0.9992965861650883
65,10,0.20791556290445562,0.9992689016859335
65,11,0.22660167739335688,0.9992111214921715
65,12,0.2448577905262443,0.9988247468350373
65,13,0.25952365890842594,0.9968464777754521
65,14,0.26228463080311115,0.9895109966837459
65,15,0.24711316893378452,0.9757529973768766
65,16,0.22266330495901218,0.9593311604018667
65,17,0.20367341546530257,0.9406010506477706
65,18,0.19465516646403544,0.9196624606460635
65,19,0.19131996640230817,0.8997876779726168
65,20,0.18993018652427543,0.8813620991199366
65,21,0.18976074484827268,0.8632926006620407
65,22,0.19066958788067093,0.8456356888982784
65,23,0.19237704965337915,0.8284856909061301
65,24,0.1945963517079967,0.8119241917802282
65,25,0.19747166234222444,0.7959307561813906
65,26,0.20136925089231733,0.7803987175364402
65,27,0.20595840101505983,0.7662166378698538
65,28,0.21068303217734496,0.7541135001584653
65,29,0.21575939745721998,0.7429517295800944
65,30,0.2214950812378602,0.7319734904852592
65,31,0.22787263452758863,0.7213726389678637
65,32,0.23473820767339038,0.7112485196307501
65,33,0.24184579767795633,0.7015963676057102
65,34,0.2488759155253781,0.692367927395583
65,35,0.25557758811497516,0.6835726473806911
65,36,0.26207790355215305,0.6749370275609609
65,37,0.2685031042665208,0.666277586544796
65,38,0.27481382374337576,0.6577069644866439
65,39,0.28102171957399263,0.6493205415012104
65,40,0.2871812887032108,0.6410781214046164
65,41,0.2933300827964318,0.6328790581348149
65,42,0.2993822622808328,0.6246924125270628
65,43,0.305245169707876,0.6164508667229573
65,44,0.3110022278210193,0.6078716193363012
65,45,0.3166579944815445,0.598743402813946
65,46,0.32201014795418187,0.5892590920815044
65,47,0.327008420128344,0.5795774754218133
65,48,0.3317053084460875,0.5696976352596166
65,49,0.3360911135685865,0.5597527547895488
65,50,0.34020743467899683,0.5498241749900425
65,51,0.34416490025410046,0.5398198104867307
65,52,0.3480209846353475,0.5297175890010938
65,53,0.35171206702845453,0.5195219237001522
65,54,0.3551112015054413,0.5091480662576965
65,55,0.3581310144595284,0.49853639538082895
65,56,0.360779453969048,0.487727143636412
65,57,0.36309565063089205,0.4768291194937816
65,58,0.36509293684773597,0.46583379246488876
65,59,0.3667826451342977,0.45466454357330555
65,60,0.3682053689203838,0.44337122497871306
65,61,0.3694082533097331,0.4320226009723147
65,62,0.3704368869006666,0.4206062884808264
65,63,0.3713347446212226,0.4089890030229274
65,64,0.3720798922532666,0.39710736694884297
65,65,0.37253546021811046,0.3851345334066788
65,66,0.37254749577763246,0.37324259479267285
65,67,0.3720697244062563,0.36157828519981694
65,68,0.37115753967727755,0.35019486603487004
65,69,0.3699063699888367,0.3389430631839555
65,70,0.3684252784131229,0.3277657639639101
65,71,0.36679399730004203,0.3167046520431962
65,72,0.36499818219351976,0.3057354376504835
65,73,0.36296929749133444,0.29485058483851445
65,74,0.36065516429003797,0.28408144996120543
65,75,0.35801371612450744,0.27341449424297826
65,76,0.3550187560772087,0.26287575974765065
65,77,0.3516786416007123,0.2525501537943965
65,78,0.34800895795990694,0.2424059678883158
65,79,0.34400682992892323,0.2323930629828902
65,80,0.33962931170986504,0.22251938470956611
65,81,0.3348320683822405,0.2128353953555926
65,82,0.32965457927016545,0.20339141782853298
65,83,0.3241746490890064,0.19413904129059856
65,84,0.3184439743627264,0.1850165387276551
65,85,0.31247170669082674,0.1760525226475128
65,86,0.3062227619293022,0.16732750535138108
65,87,0.299702212200364,0.15891288016365668
65,88,0.2929168460499839,0.1508272407308734
65,89,0.28584308774706957,0.1430389305252202
65,90,0.27853480209643106,0.13550343687364352
65,91,0.27110460118602236,0.12812408056893276
65,92,0.26364961020942024,0.12077628208764124
65,93,0.2562524551849522,0.11337994907472382
65,94,0.2488666494998873,0.10570441859572977
65,95,0.24149095378465674,0.09750632243749657
65,96,0.23458960353245428,0.08889549091007898
65,97,0.22914002163452635,0.07996503165295388
65,98,0.22686960374906784,0.07051602753759167
65,99,0.2295716902970874,0.06076267608257935
65,100,0.23714596679854172,0.051516168541377305
65,101,0.2474059003947349,0.0428443172142714
65,102,0.2577555750326895,0.03381885881439839
65,103,0.2658109211689936,0.024168014711736796
65,104,0.2696062909747187,0.014806389095398442
65,105,0.26830179482287475,0.00723883690336391
65,106,0.26223903101150675,0.002681792323906307
65,107,0.25283266019848033,0.0007374937405049131
65,108,0.2411148997670994,0.00012141949500066307
65,109,0.2275151457992093,4.987024280422858e-06
65,110,0.21310359667287732,0.0
65,111,0.19857940797119103,1.165419579607363e-05
65,112,0.18403312956326057,3.433621034110157e-05
65,113,0.1695501378195413,6.639684039710936e-05
65,114,0.1551194303415736,0.0001014620442262304
65,115,0.14055750254303134,0.00012129927166892873
65,116,0.1257489202693626,0.00012715968839827063
65,117,0.110841905423257,0.00012926246529532115
65,118,0.09588700812098912,0.00012871490572385902
65,119,0.0808342835545074,0.00012816388242231636
65,120,0.06570766545688536,0.00012766757085913572
65,121,0.05054219625854245,0.0001271611340938339
65,122,0.03535117537868157,0.00012655909756986716
65,123,0.02012750932102804,0.00012584665302950437
65,124,0.004910260356631514,0.00012501744141812932
65,125,-0.010153103223134126,0.00012412265811156953
65,126,-0.024979338328890693,0.0001231749161795248
65,127,-0.03956602151742853,0.0001221023009367883
65,128,-0.05389206857979631,0.00012104359546927235
65,129,-0.06806541157211031,0.00012015289208733293
65,130,-0.08220213811928304,0.00011934859018492006
65,131,-0.0963079931525258,0.00011854585626847047
65,132,-0.11038943215557084,0.00011778218941471685
65,133,-0.12447161422786245,0.000117218717789358
65,134,-0.1381117747770802,0.00011650638675175795
65,135,-0.15083255500698325,0.00011578097592823688
65,136,-0.1630748948591327,0.00011627477181586077
65,137,-0.17529330560580964,0.00011554797422097529
65,138,-0.1875077781410732,0.00011538896010721
65,139,-0.19974450887290707,0.0001208107854935303
65,140,-0.21198113152020084,0.0001225333824015351
65,141,-0.22421017109700744,0.00010825874402320412
65,142,-0.2364427033322704,9.232860591945613e-05
65,143,-0.24855736999375616,0.00021690897038562085
65,144,-0.2596110649412295,0.001161051865726126
65,145,-0.2676375513032803,0.004250611904706436
65,146,-0.27165928657668037,0.010085438517067113
65,147,-0.2715855082969394,0.018208816212755385
65,148,-0.26594103829905813,0.028523632621351713
65,149,-0.2544119721410027,0.04032978628437789
65,150,-0.240932086854736,0.05226773478375135
65,151,-0.23140567907024764,0.06350985297623402
65,152,-0.22871721448082316,0.07306924936898784
65,153,-0.2308851906655217,0.08118543166577907
65,154,-0.235337179675189,0.0889164263814467
65,155,-0.24103971868688992,0.09633721686939212
65,156,-0.2472666116045532,0.10336613973088982
65,157,-0.2536843761467695,0.11014707539206137
65,158,-0.2604223870387598,0.11699580717091418
65,159,-0.26763051512928837,0.12413827655274745
65,160,-0.2750521642897385,0.13148735105997
65,161,-0.28243038124307324,0.13894823099233988
65,162,-0.28974209528036826,0.1466577405302849
65,163,-0.2969563293394585,0.1547885750483139
65,164,-0.30385116861229144,0.1632348738457987
65,165,-0.3102621787872326,0.17181539635065812
65,166,-0.3163387590091742,0.18056853755537006
65,167,-0.3222009304748434,0.18951270578616908
65,168,-0.32781111113636746,0.1985887087281084
65,169,-0.33312828895196883,0.20784186271498506
65,170,-0.338121321774753,0.21738840134425663
65,171,-0.34276493761103494,0.22724546032495652
65,172,-0.3470430710432506,0.2373630075841433
65,173,-0.3509320476110961,0.247685218439191
65,174,-0.3544109737700901,0.25807519632500253
65,175,-0.3575169463368181,0.2684320293222485
65,176,-0.3602869522608926,0.2787697732443445
65,177,-0.36271076343889447,0.2891333016426495
65,178,-0.364793200339681,0.29954943178601046
65,179,-0.3666036808549735,0.31004903884013923
65,180,-0.3682281255042526,0.3206318123925086
65,181,-0.3696838580814245,0.33120556931780754
65,182,-0.3709541158264771,0.34172004517171806
65,183,-0.37201821762442105,0.3522043719661607
65,184,-0.37282745130809575,0.3626921210282985
65,185,-0.373309716959823,0.37332143208834434
65,186,-0.3733810904816449,0.38420684352202095
65,187,-0.37302120738793354,0.3952534748525278
65,188,-0.3723421414136471,0.40636820609368773
65,189,-0.37147420724745245,0.4175418037498193
65,190,-0.3704624878531839,0.4287318386195158
65,191,-0.3692921622997105,0.4399253845043658
65,192,-0.36791377483248483,0.45115688559879685
65,193,-0.36628809219942937,0.4623908873416913
65,194,-0.3643885309008255,0.47356823990331154
65,195,-0.3621741805576207,0.4846699542126395
65,196,-0.35954544027906077,0.4957860162556904
65,197,-0.3564143421575226,0.5069585572119759
65,198,-0.35284783310634316,0.5180144012407435
65,199,-0.3489666842523807,0.5288779826253429
65,200,-0.34484914077159956,0.5396165870875629
65,201,-0.34053682771782795,0.5502712463682415
65,202,-0.33601831361442397,0.5608739545790952
65,203,-0.33126448823075255,0.5713722869268516
65,204,-0.3262275538167302,0.5816438223123479
65,205,-0.3208216362144613,0.591737775102092
65,206,-0.31498255803461117,0.6017244499324731
65,207,-0.30873828141882176,0.6115036690660713
65,208,-0.30218937488403247,0.6210305674158405
65,209,-0.2954706970796554,0.6302600482854033
65,210,-0.2887048660608846,0.639185850642318
65,211,-0.28192542488748085,0.6480068686153262
65,212,-0.27512486825273574,0.6568863630817421
65,213,-0.26829306123671964,0.66587893268232
65,214,-0.2613872638246575,0.6749890878851512
65,215,-0.25439212731572924,0.6841504450641089
65,216,-0.24740669511543048,0.6932870389280754
65,217,-0.24056675517481815,0.7023709533406617
65,218,-0.23361812101939175,0.7119771786482986
65,219,-0.2264122586691891,0.7227584138760716
65,220,-0.2195366858678541,0.7343884133892868
65,221,-0.21341212242886773,0.7464922393133748
65,222,-0.20798586038977615,0.7590896163106868
65,223,-0.2031898477157789,0.7721560200569255
65,224,-0.19898765920417313,0.7861293459363227
65,225,-0.1954504839750145,0.801446608344461
65,226,-0.19260868829556027,0.8175996799432297
65,227,-0.1902881019665811,0.8339424005620111
65,228,-0.18854042079781602,0.8508265534579533
65,229,-0.1876964505266178,0.8690558867777018
65,230,-0.1881202106146481,0.8890609725539773
65,231,-0.19040887689212116,0.9108887150688617
65,232,-0.19722216022712227,0.9341327958003646
65,233,-0.21418869951632385,0.9559354078992517
65,234,-0.23951787912134076,0.9735969317078147
65,235,-0.25737028241147536,0.9872633969800045
65,236,-0.25744580338447887,0.9958979285123334
65,237,-0.24486806903286287,0.9992968781414874
65,238,-0.2276197889021614,0.999995289700824
65,239,-0.20954468777222374,1.0
65,240,-0.19046396459389023,0.9999687229551543
65,241,-0.16971785368751907,0.99993738101692
65,242,-0.1481309591232862,0.9999049922922705
65,243,-0.12647239459978343,0.9998725782899338
65,244,-0.10514116854655327,0.9998407192884163
65,245,-0.08447216695592626,0.9998099694181979
65,246,-0.06412147375065391,0.9997797570667244
65,247,-0.04375742890546133,0.9997495196818216
65,248,-0.023387921366983443,0.9997192767941269
65,249,-0.003017584135383532,0.999689053571837
66,0,-0.0020187612456161303,0.9992683196387174
66,1,0.020675731310465836,0.9992259555546879
66,2,0.04338404464826761,0.9991836242064871
66,3,0.06611573695396572,0.9991412922567653
66,4,0.08847753527737431,0.9990997381096376
66,5,0.10999880135946657,0.9990598464791914
66,6,0.13103719088252064,0.9990208683724494
66,7,0.1520548836124071,0.9989819662211086
66,8,0.1730476292662283,0.9989431945628499
66,9,0.19346575936243138,0.9989056521227697
66,10,0.21280818598183152,0.9988700601939284
66,11,0.2316783219165726,0.9987930465503413
66,12,0.2501601114172905,0.998267958634997
66,13,0.2650336163637385,0.9958962286045315
66,14,0.2683141104318604,0.9890847217207643
66,15,0.254978108411221,0.9770644900898503
66,16,0.23379852027617987,0.9614252009252663
66,17,0.21762920219004295,0.9411567376095064
66,18,0.20966454460355968,0.9172620334543766
66,19,0.20653983830137923,0.8948561312825049
66,20,0.205284010311851,0.8746366168227786
66,21,0.20519447314370812,0.8549107324325641
66,22,0.2062637770250689,0.8356372799689747
66,23,0.20818044089398272,0.8169801443405178
66,24,0.21052887085408542,0.7991387134849823
66,25,0.21343089707353594,0.7820197329142857
66,26,0.21734657562292423,0.7653559624976661
66,27,0.22193386736517456,0.7502377264327359
66,28,0.22657142646325537,0.7376522728846393
66,29,0.23153273060951124,0.7262354003800263
66,30,0.23718053273261905,0.7149985394722289
66,31,0.2434831978633166,0.7041266367771679
66,32,0.25024263503729455,0.6937346386927667
66,33,0.2571627169393028,0.6838309814392323
66,34,0.2638584182243533,0.674415623641997
66,35,0.2700470770794941,0.6655718193002014
66,36,0.27595669386320587,0.6569677196502341
66,37,0.2818069190452939,0.6483606698087422
66,38,0.2875695241017344,0.639904033422064
66,39,0.2932635219112529,0.6317276741984836
66,40,0.2989587709381253,0.6237863687316687
66,41,0.30470470225436447,0.6159615412969226
66,42,0.31041925487718225,0.6082031491692022
66,43,0.3160217237821741,0.6004033533541182
66,44,0.32162945810467525,0.5921989107317672
66,45,0.3272266206937042,0.583340639703605
66,46,0.33253070930587464,0.5740899188557967
66,47,0.3374658472677962,0.5646441145446339
66,48,0.34209347855443456,0.5549875097655985
66,49,0.3463990135834341,0.545266065087191
66,50,0.35041497684777934,0.5355893017009762
66,51,0.3542390135218972,0.5258645089169084
66,52,0.3579284313811015,0.5160429620871515
66,53,0.36145642025048585,0.5061280235085672
66,54,0.36474752680587813,0.4960453955379893
66,55,0.3677208168459425,0.48573225992434066
66,56,0.3703318089938556,0.475225367741439
66,57,0.37255053170141217,0.4646227834167196
66,58,0.3743545671204105,0.45389961448146565
66,59,0.37577837133170444,0.44297864867739367
66,60,0.3769249184904697,0.43192904449800773
66,61,0.37788816936694547,0.42083531481545233
66,62,0.378715767356761,0.40967609125113047
66,63,0.3794185907221324,0.3982697797946737
66,64,0.37993794135820846,0.38652926905357066
66,65,0.38012708587815663,0.37468547408437636
66,66,0.37985105999249436,0.3629603393465397
66,67,0.37908393496480614,0.35142217801190434
66,68,0.37788818439117705,0.3400320025952992
66,69,0.376368112094204,0.3287068591683492
66,70,0.3746603376929878,0.31747550597751006
66,71,0.37288063398950666,0.3063869773210395
66,72,0.3710325881874152,0.29540572525176845
66,73,0.36903415546779983,0.2845149941180105
66,74,0.3667985797375261,0.27373431644263424
66,75,0.36425299289653135,0.2630366867128343
66,76,0.3613593723461665,0.25247153596853533
66,77,0.3581185298016401,0.24215459954794616
66,78,0.3545261983643856,0.23203741503400255
66,79,0.3505648304403726,0.22205413613864555
66,80,0.34618434613858523,0.21222416754258333
66,81,0.34133746778510915,0.20260478468776966
66,82,0.33608011410470223,0.19324095179028122
66,83,0.33051670969092367,0.18407190784906213
66,84,0.32472200829127335,0.1750239984712062
66,85,0.3187258995371532,0.16611507918073942
66,86,0.3125004079916235,0.15742617967500228
66,87,0.30603926249625346,0.14904319419134293
66,88,0.29932723983085985,0.14098140531096304
66,89,0.29233060971745595,0.13319440946000793
66,90,0.28512159406153575,0.12564008847122532
66,91,0.2778249242996273,0.11822290980759442
66,92,0.2705329072285565,0.11081691264667548
66,93,0.26332490185207075,0.10334867963578809
66,94,0.2560753262712322,0.09555371468903351
66,95,0.24865754781939958,0.08718575747545942
66,96,0.24152997674165952,0.07846066038256927
66,97,0.235780179870402,0.06951899841172826
66,98,0.23308232842600057,0.060472111334798795
66,99,0.2350179272809457,0.051813817194246936
66,100,0.2416557790853672,0.04394018183902615
66,101,0.2512716672471863,0.036660437554710934
66,102,0.2613898921735606,0.0291568560281511
66,103,0.2693418340961698,0.02117885892959903
66,104,0.27303112762575277,0.013599874711957671
66,105,0.2719004797080222,0.00734940579789467
66,106,0.2663770769788376,0.003081593200387256
66,107,0.2575549358596914,0.0009111397225342044
66,108,0.2460791980028796,0.00016009801719774064
66,109,0.2322415096891624,8.461815759974733e-06
66,110,0.2173512293720251,0.0
66,111,0.20229428580474665,1.2169904353820371e-05
66,112,0.18718989566518762,3.549849838613284e-05
66,113,0.17214995247318463,6.831886334290882e-05
66,114,0.15716331753704973,0.00010414671720893054
66,115,0.14220680624700097,0.00012438203143505522
66,116,0.1273193334445759,0.00013030106779532424
66,117,0.11248130688921204,0.00013241920780404648
66,118,0.09758127023399012,0.00013188604998182196
66,119,0.08257474043921204,0.00013134534465952807
66,120,0.06749144175134959,0.0001308578679574124
66,121,0.052367793499567515,0.00013036001299338018
66,122,0.03721857192974819,0.00012976678824094812
66,123,0.02203618089102905,0.000129063378597305
66,124,0.006777584434891525,0.0001282409271390339
66,125,-0.008561574584353117,0.00012734595882113453
66,126,-0.02388558554353163,0.00012639024223404238
66,127,-0.03900293054401092,0.0001253062912022207
66,128,-0.0537839338381062,0.00012423859507859625
66,129,-0.06837306342785293,0.00012334255096180247
66,130,-0.08292514071800641,0.00012253405818807295
66,131,-0.09744595721373357,0.00012172704452340088
66,132,-0.11194205250795579,0.00012095866339356665
66,133,-0.1264420343431812,0.00012038946791159688
66,134,-0.14037802325500023,0.00011966400401230981
66,135,-0.15314416060933683,0.0001189135211688841
66,136,-0.16530660315287274,0.00011935653113914757
66,137,-0.1774451118608482,0.00011854508287734156
66,138,-0.1895795808554461,0.0001182541067537013
66,139,-0.20173614273315488,0.0001234712363925583
66,140,-0.21388574237394548,0.00012493856599082864
66,141,-0.22601387296260594,0.0001110705335580775
66,142,-0.2381408026885771,9.674036050799639e-05
66,143,-0.25017182453543757,0.00021171778767037353
66,144,-0.2611692630414048,0.0010417016142079127
66,145,-0.2693747163677566,0.0034733090960790136
66,146,-0.27386392148657634,0.007814371186992686
66,147,-0.2744803463623912,0.013990802522673929
66,148,-0.26943266935302235,0.022633248612493828
66,149,-0.25788195421614674,0.033349708923191446
66,150,-0.24428621955304428,0.04448980793836643
66,151,-0.23537843551773874,0.05478707783787817
66,152,-0.23371505360026498,0.06339957541820229
66,153,-0.23657910489884196,0.07103179529085657
66,154,-0.24140668011198857,0.07856127501921428
66,155,-0.24731008725584105,0.08583515604319825
66,156,-0.2535186980391408,0.09280831291724412
66,157,-0.2598037949723861,0.09960996949619383
66,158,-0.26643843513256377,0.1065573511759037
66,159,-0.2736517232563602,0.11389828245821154
66,160,-0.2811489713840342,0.12148663695139617
66,161,-0.2886236165470782,0.12918458061205462
66,162,-0.2960074362554117,0.13708111477433782
66,163,-0.30322959197445576,0.14529859975105697
66,164,-0.3100924553245414,0.1537710107379161
66,165,-0.31645355739064057,0.16234113732316147
66,166,-0.3224951145092524,0.17104650390515375
66,167,-0.32838340036581015,0.17992686963378113
66,168,-0.33408560385652364,0.1889412291122038
66,169,-0.33951617863405376,0.19814161943107678
66,170,-0.34459982501588915,0.20764737328871707
66,171,-0.3492981066096386,0.21747999490822922
66,172,-0.3535922039429432,0.22758829017076154
66,173,-0.3574523195170177,0.23790934054208512
66,174,-0.36085391170726455,0.24829237168988205
66,175,-0.3638490892977369,0.25862369726843193
66,176,-0.36650155378950133,0.26891161194719093
66,177,-0.3688236608582319,0.27920232191425665
66,178,-0.37083218559906733,0.2895304816548411
66,179,-0.3726154942531624,0.29993175134248296
66,180,-0.3742890093981886,0.3104060881420606
66,181,-0.37588464052983517,0.32085689819692564
66,182,-0.3773725020526971,0.33123149404613794
66,183,-0.3787043339366409,0.34157320800152546
66,184,-0.3798052276812242,0.35193102430673706
66,185,-0.38059689533928875,0.3623672369474171
66,186,-0.38099878876497517,0.37292370834708133
66,187,-0.3809648584911376,0.3835915432625385
66,188,-0.38057655781000954,0.3943465788449275
66,189,-0.3799678681753946,0.4051674779330202
66,190,-0.3792185455192104,0.4160136746749138
66,191,-0.37834969634438675,0.4268913348519314
66,192,-0.3773120400881007,0.4378466602424379
66,193,-0.37602949632507476,0.44882004724361824
66,194,-0.3744227340438304,0.45972413462807393
66,195,-0.3724152010260702,0.47053102548408754
66,196,-0.36991738869344426,0.4813660217682849
66,197,-0.36690326546421315,0.4923085059331558
66,198,-0.3635057373860666,0.5031569617061389
66,199,-0.3598377083661886,0.513807767921076
66,200,-0.3559249567973704,0.5243232515926116
66,201,-0.35178614782752304,0.5347428986515699
66,202,-0.34741953642493784,0.5451103114254845
66,203,-0.3428142843242185,0.5553723705934372
66,204,-0.33792645017492956,0.565394236593749
66,205,-0.3327030648229797,0.575174101323579
66,206,-0.32707772928778694,0.5848073917711664
66,207,-0.321007930902622,0.5943209841354611
66,208,-0.31461796173673706,0.6036582507461471
66,209,-0.3081205235356789,0.6126864506512879
66,210,-0.30166755491007013,0.6213941058552115
66,211,-0.2952817310902088,0.6300362575401225
66,212,-0.2889351394901558,0.6388189782227081
66,213,-0.28260302961085115,0.6478067131759535
66,214,-0.27622199181029744,0.6569966028559756
66,215,-0.26976199007247675,0.666279607224276
66,216,-0.2632746065587341,0.6755679387714093
66,217,-0.2568383610273931,0.6848308428522867
66,218,-0.25012242865980194,0.6947514519497726
66,219,-0.2429414032198466,0.7061309729617304
66,220,-0.236036761052481,0.7185171374964998
66,221,-0.22996009172837412,0.7313885297336675
66,222,-0.22466633283267745,0.7447076548124334
66,223,-0.2200817263582958,0.7584153533191961
66,224,-0.21612245776629468,0.7731730321917671
66,225,-0.21280673202321618,0.7896039318070585
66,226,-0.21010740414779727,0.8070199890427806
66,227,-0.20779020897280312,0.8245932474910367
66,228,-0.2059740048287684,0.8428474516080475
66,229,-0.20514535882688467,0.8628472319030956
66,230,-0.2057848121708394,0.8851444372270758
66,231,-0.2085497201845313,0.9098458673414596
66,232,-0.21479745179245047,0.9353498864663434
66,233,-0.2293210057792436,0.9580400731079411
66,234,-0.2515490903582982,0.9755510957575732
66,235,-0.2670061795519286,0.98807821305579
66,236,-0.2659987279895933,0.9958781966765684
66,237,-0.2529595622958554,0.9992482530991822
66,238,-0.23524587565247307,0.9999876982831747
66,239,-0.21669367787104332,1.0
66,240,-0.19684256223395852,0.9999605691320973
66,241,-0.17491780793051967,0.9999197761040591
66,242,-0.1520750342721191,0.9998774939838837
66,243,-0.1292322791688065,0.9998352409744574
66,244,-0.1068113676949987,0.9997937937803644
66,245,-0.08523828399498226,0.9997539554186369
66,246,-0.06407002892618989,0.9997148972375927
66,247,-0.042879270724012764,0.9996758038184284
66,248,-0.021677659338111697,0.9996367007779101
66,249,-0.000474023765014924,0.9995976226474919
67,0,-0.0019432174673168618,0.9994453761724187
67,1,0.010537326210820736,0.9994428047204749
67,2,0.022704777990448868,0.999440016413174
67,3,0.03472559555029358,0.9994371163194614
67,4,0.04674367558057885,0.9994341922584806
67,5,0.05874421013249179,0.9994312183698657
67,6,0.07074700586846425,0.9994282014227813
67,7,0.08270057121059683,0.9994251363478542
67,8,0.09452295220261475,0.9994215813528164
67,9,0.10622003119395705,0.9994137395225745
67,10,0.1178086652908714,0.9993795736989587
67,11,0.1293972531795902,0.9991703609400425
67,12,0.14017001180380673,0.9982129280777217
67,13,0.1471883605758115,0.9948943048548636
67,14,0.1472856234826817,0.9862967390186513
67,15,0.14028204544260633,0.9719158216943926
67,16,0.12994629707299302,0.9552922410959446
67,17,0.1206581907034329,0.9394846533927491
67,18,0.11362437886651645,0.9249677198888776
67,19,0.10834916969166801,0.9110056398032238
67,20,0.1047207204363681,0.8971551863835288
67,21,0.10262841262744475,0.8837466466517595
67,22,0.10179896215426137,0.8712885279745687
67,23,0.10202206386262593,0.8595889741467078
67,24,0.10332220373999541,0.8479916388472355
67,25,0.10578357227562332,0.8366770889033843
67,26,0.1092900337592355,0.8263532764366702
67,27,0.11358061431904808,0.8170714152394435
67,28,0.11851285017253463,0.8083611532292801
67,29,0.12406827883740558,0.7999008269489435
67,30,0.13024209459401698,0.791753213090038
67,31,0.13712950480306732,0.7840325490926888
67,32,0.14524031870415083,0.7765406972898594
67,33,0.15498893266487562,0.7691904068070182
67,34,0.1660726214754328,0.7623370039660718
67,35,0.17808616686027776,0.7561812471968085
67,36,0.19066126306589515,0.750633751850226
67,37,0.2032984046002,0.7454263764254059
67,38,0.2155759564089721,0.7400529776223345
67,39,0.22730547576019303,0.7339659143784476
67,40,0.2383739918453057,0.726982496858388
67,41,0.2485666053983181,0.7193956418274665
67,42,0.25793669999745855,0.7114557288688108
67,43,0.2666562053008478,0.7032434755225705
67,44,0.27471156366505306,0.694813659339257
67,45,0.28214553141402565,0.686028354588238
67,46,0.2887421020891066,0.6770543021986021
67,47,0.29418410338571865,0.6683021678843909
67,48,0.29874462075120595,0.6594930100399892
67,49,0.30270318938792146,0.6503314828239599
67,50,0.3060607921741479,0.6409363841780511
67,51,0.3088733593766497,0.6313299833205033
67,52,0.3111721172047601,0.6215615005916303
67,53,0.3129820244567938,0.611664186883792
67,54,0.31436998384137743,0.6015867102893433
67,55,0.3154164741708482,0.5913447131977477
67,56,0.3162007812651548,0.580613143200785
67,57,0.31676566414402146,0.5690255067519068
67,58,0.3171001900209563,0.5569496501519646
67,59,0.31721091638905424,0.5448123698490337
67,60,0.31712713264000475,0.5326425329850706
67,61,0.3168711140671064,0.5203788892523741
67,62,0.3164454855817148,0.507840952043908
67,63,0.3158186018769575,0.4948135714556213
67,64,0.31493511325083534,0.48138048570093983
67,65,0.3137301697869836,0.4677913702665679
67,66,0.3121714070275632,0.45417781896902
67,67,0.3102860865800036,0.4406092017849267
67,68,0.30810365820101376,0.4271056632848945
67,69,0.3055070524314814,0.41347269955578414
67,70,0.30224613609917955,0.39959219398215906
67,71,0.29815100636271413,0.3857970449194077
67,72,0.2933032714849014,0.3723206388927566
67,73,0.28803741245106385,0.35898401967488813
67,74,0.28267060784505593,0.3456354580170057
67,75,0.2772723749401567,0.33229826372767635
67,76,0.27172459233880003,0.31899868528804565
67,77,0.2659106801808324,0.3057483412850792
67,78,0.25978846631326563,0.2925905428437986
67,79,0.2533461247314687,0.27954976607886717
67,80,0.24662120836067675,0.2666341445906958
67,81,0.23965604521909104,0.25386231801570613
67,82,0.23243882903976418,0.24123304679903057
67,83,0.2249463520904603,0.22875438899899336
67,84,0.21714462508329152,0.21645152515017851
67,85,0.20900087152332913,0.20434299183408566
67,86,0.2005220370752828,0.19243514841947362
67,87,0.19174947806332085,0.18072939868632165
67,88,0.18272777550411776,0.16926685351934379
67,89,0.17349146669808707,0.15807093832000585
67,90,0.16402281456886741,0.14705487246436455
67,91,0.1542492417985809,0.1361278365882138
67,92,0.14411326616073938,0.1252973457438339
67,93,0.13363682096114468,0.1145958356574901
67,94,0.12301679158197269,0.10396195010609444
67,95,0.11269425462262013,0.09311186734037435
67,96,0.10349688466910335,0.08154218838166749
67,97,0.09706190832926624,0.07011147706120002
67,98,0.09430513131583551,0.06060111780328159
67,99,0.09406139108104333,0.05255828655353334
67,100,0.09506543009201368,0.044761328916467225
67,101,0.09673832444038853,0.03703980443887034
67,102,0.09849303613138312,0.029362524287082525
67,103,0.09976481720540403,0.022030325561460007
67,104,0.09990776674381895,0.015539101905302277
67,105,0.0983685981478937,0.010356508243085316
67,106,0.09530832428768175,0.006746035267161332
67,107,0.09114189361693276,0.004403434393139172
67,108,0.08607161846760392,0.00285605655504495
67,109,0.08063677437011507,0.001844457756781992
67,110,0.07533825893577244,0.0012187211887603189
67,111,0.07013629856590421,0.0008047742532781843
67,112,0.06488266347011441,0.0005109278037974674
67,113,0.05959647127275894,0.0003342928383484045
67,114,0.05435134826740968,0.00024284438716126733
67,115,0.049194872760650016,0.00020610722549452287
67,116,0.044190960464101654,0.00018944623626448998
67,117,0.03938495537986444,0.00017685105342291063
67,118,0.03465820269363436,0.0001667589211793441
67,119,0.029887668238877327,0.00015722650675864536
67,120,0.025070550073136046,0.00014767196928944237
67,121,0.020223887950432517,0.00013807253121167484
67,122,0.01534816093886422,0.0001283723337195397
67,123,0.010447278131266271,0.00011858033834710735
67,124,0.005510120917620668,0.00010868392086904599
67,125,0.0005094040246395465,9.867268317875766e-05
67,126,-0.004522198042362682,8.859814597816928e-05
67,127,-0.009536495643431238,7.8437380173213e-05
67,128,-0.014498827713956131,6.807780925832674e-05
67,129,-0.01937225651958895,5.7474124082523836e-05
67,130,-0.024192853089996715,4.67518663794797e-05
67,131,-0.029002911085461703,3.602554616910503e-05
67,132,-0.033810914249561154,2.5289032211550655e-05
67,133,-0.03863013098398076,1.458083385297293e-05
67,134,-0.04343069400728721,4.927520822373133e-06
67,135,-0.04818543436125669,0.0
67,136,-0.05292100450153125,2.2000547190703656e-06
67,137,-0.05775500883339335,3.820524973796591e-05
67,138,-0.06277672873141006,0.0001589012671435741
67,139,-0.06787208638051943,0.0003875125345145225
67,140,-0.07291598232058433,0.0007827675836291625
67,141,-0.07789620702747621,0.001391900563197379
67,142,-0.0828462535316282,0.0022861300933647577
67,143,-0.08761039426843069,0.003678053691426264
67,144,-0.09191841708177652,0.0057392518861502095
67,145,-0.09543492245427616,0.00895273205882563
67,146,-0.09759388847648703,0.013890165149645806
67,147,-0.09812132414868184,0.020251702130252736
67,148,-0.09730536273208307,0.02738562952530199
67,149,-0.0957641335544267,0.0349230031752763
67,150,-0.09421226539309498,0.042673682141601166
67,151,-0.09320579028515359,0.050557616694287266
67,152,-0.09371246096846003,0.05976887114243501
67,153,-0.09716540241324996,0.07123258572336322
67,154,-0.10385151654820218,0.08312064489015203
67,155,-0.11277937099343398,0.09408973474798177
67,156,-0.12288787284652997,0.10455790359268669
67,157,-0.1333923410459629,0.11489457484123644
67,158,-0.14383688482360799,0.12532648036575322
67,159,-0.15405026265864977,0.1359755135649744
67,160,-0.16400203491307347,0.1468440181381706
67,161,-0.17366180268350845,0.1578411556207533
67,162,-0.18295988101276628,0.16890775036610672
67,163,-0.19188181609478072,0.18007574553682149
67,164,-0.2004536048997719,0.19135549725510104
67,165,-0.20869000641720478,0.20275649281658226
67,166,-0.21660823708432286,0.2143358617595026
67,167,-0.2242258473314666,0.22611425426654463
67,168,-0.23156677505895065,0.23805769347022032
67,169,-0.23866178556309448,0.25015088651241146
67,170,-0.24553151146770427,0.26242573214809106
67,171,-0.2521689039583107,0.274902963751804
67,172,-0.2585296572204528,0.2875568728413469
67,173,-0.26449449595817026,0.30017825534017806
67,174,-0.27000661209099164,0.3125619442971681
67,175,-0.27523550956748644,0.32487174119813567
67,176,-0.2803797935455346,0.3372473706517193
67,177,-0.2855497907072755,0.3495998226394529
67,178,-0.2907211511918908,0.36191240036290695
67,179,-0.2956466995143729,0.374376565047424
67,180,-0.2999292822867533,0.3870041004195026
67,181,-0.3033505057235384,0.3995781309966965
67,182,-0.3061027342403468,0.41217724293891866
67,183,-0.3084529860075567,0.42488547125327036
67,184,-0.31052932924620996,0.4376224725786986
67,185,-0.31238273222421625,0.4503892377481413
67,186,-0.31398715444368264,0.4631816523111928
67,187,-0.3152900859561479,0.4759686253195621
67,188,-0.3162682225684361,0.48861313474804924
67,189,-0.31696552972649955,0.5009959276918303
67,190,-0.3174643190115639,0.5132456560223488
67,191,-0.31780809918036546,0.5254553828267483
67,192,-0.3180016012005599,0.5375924904553957
67,193,-0.31803263635107343,0.5496621479262418
67,194,-0.3178618395369509,0.5616803708993456
67,195,-0.3174387311010662,0.5736563733278595
67,196,-0.316723667255693,0.5855695663828633
67,197,-0.3156978026729529,0.5971724178815476
67,198,-0.3143215730771558,0.6082170337833985
67,199,-0.31244255812589533,0.619017523196306
67,200,-0.30988514620154634,0.6299157738791914
67,201,-0.3066017445758237,0.6407610428654987
67,202,-0.3025900938628947,0.651378694266147
67,203,-0.2978187138955881,0.6616708825051434
67,204,-0.2922857622849126,0.671484831570119
67,205,-0.28604204680715445,0.6807621951225844
67,206,-0.2791639296155114,0.6895543769326506
67,207,-0.2716304272726196,0.6980112377455848
67,208,-0.2631126726403832,0.7064624155986292
67,209,-0.2533924376671711,0.714978445798699
67,210,-0.2428060433038975,0.7231179170508899
67,211,-0.23165042978146758,0.7305686690037545
67,212,-0.21999101056724968,0.7372339393685561
67,213,-0.20791514783972656,0.743090220555616
67,214,-0.1954989303255147,0.7485038770569407
67,215,-0.18303270257188275,0.7540139650599846
67,216,-0.17100958589588686,0.7599834479557408
67,217,-0.15988473551748802,0.7665602865049281
67,218,-0.1499084952943275,0.7737435038444727
67,219,-0.14103942093935457,0.7815685806257504
67,220,-0.1333346516465442,0.7898096911316062
67,221,-0.12686245185234415,0.7980604250771242
67,222,-0.12128344301502765,0.8063822788045275
67,223,-0.11631418975517631,0.8149817605536678
67,224,-0.11199621972434505,0.8238971672264368
67,225,-0.10838760584333641,0.8335367291604362
67,226,-0.10554680531899292,0.8443010406165472
67,227,-0.10370530838621153,0.8561247838475686
67,228,-0.1031574243260994,0.8694047303404233
67,229,-0.10413632275988749,0.8844308821302206
67,230,-0.1068311804904292,0.9003476247477548
67,231,-0.11167777289150481,0.9165682341310935
67,232,-0.11897895025457528,0.9328084695426145
67,233,-0.12831284395162837,0.9486188810843931
67,234,-0.1383034441679456,0.9641634191453615
67,235,-0.14595031586804533,0.9789493982810593
67,236,-0.14759841499638449,0.9905663926899959
67,237,-0.1423981752847962,0.9969974049144078
67,238,-0.1329540562845557,0.9992988184860999
67,239,-0.12185427456255196,0.9998713593847871
67,240,-0.11022399211602624,0.9999876289675379
67,241,-0.09848997121198384,1.0000000000000002
67,242,-0.08678329612148025,0.9999980680016292
67,243,-0.07512605759946282,0.9999949485791679
67,244,-0.06351530041640192,0.9999917716048061
67,245,-0.05199083598315387,0.999988549915146
67,246,-0.04057930150798412,0.9999853271174582
67,247,-0.029076585254731738,0.9999821977307481
67,248,-0.017282113710778063,0.9999792380718718
67,249,-0.005342979412743051,0.9999763603887422
68,0,0.00045684534053484814,0.9994146625499453
68,1,0.013556050377837867,0.9993879763801811
68,2,0.02666497643617808,0.9993612837390361
68,3,0.039789869882608575,0.9993345719392219
68,4,0.05288149544781618,0.99930784945626
68,5,0.06592775665554489,0.9992810942983378
68,6,0.07900050386954376,0.9992543293485623
68,7,0.09199409951987857,0.9992277925774515
68,8,0.10476185587863135,0.9992014619307653
68,9,0.11732713845367065,0.9991725209118499
68,10,0.12969484090935987,0.9991167821583762
68,11,0.14165652138103885,0.998912018841297
68,12,0.1523475390563264,0.9980359028600729
68,13,0.15929687627392775,0.9944803962918918
68,14,0.15889118080000877,0.9835437098799934
68,15,0.1502163041677526,0.9644487479743673
68,16,0.13776569449854678,0.943322514077209
68,17,0.12647290220073873,0.9239277268889047
68,18,0.1172056553416875,0.9056599846317039
68,19,0.10981052882883477,0.887932591836484
68,20,0.10456252350028936,0.8706782454424751
68,21,0.10119569443692267,0.8544277496372034
68,22,0.09918959196191911,0.8400146394989723
68,23,0.09813355228817572,0.826994522697482
68,24,0.09802193695612336,0.8140550646272029
68,25,0.0990419415034008,0.8011675632562242
68,26,0.10121751854779196,0.789363098931128
68,27,0.10437885536351775,0.7788503075462982
68,28,0.1084037898001512,0.7690807817380196
68,29,0.11324101369678166,0.7597084180960803
68,30,0.11888126126088731,0.7508109114359036
68,31,0.12550993061250637,0.7424519583468445
68,32,0.1333369264719446,0.7346028188883438
68,33,0.14227503182173867,0.7273284731471383
68,34,0.1522823558552125,0.7205602919080367
68,35,0.16338606160858707,0.7141816431071439
68,36,0.1752361230182011,0.7083491618364253
68,37,0.18737441247901515,0.7031420515951612
68,38,0.1995392665321912,0.6982111381737159
68,39,0.21149185948459368,0.6930363047738055
68,40,0.2226432470656412,0.6873852606045482
68,41,0.23233144853331042,0.6812847105733265
68,42,0.24058104747298306,0.6746612899317991
68,43,0.24767377903864665,0.6675269741018615
68,44,0.2537223111550245,0.6601220136491106
68,45,0.25906343623469,0.6524920118762745
68,46,0.26402096510444645,0.6445084624912666
68,47,0.2685668825166236,0.6362068974569433
68,48,0.2725411225599991,0.6275848215125406
68,49,0.27583156997116703,0.6186104506262261
68,50,0.2784494470076247,0.6093853827249143
68,51,0.28053152157209665,0.5999428709222662
68,52,0.282185376444006,0.590345686811569
68,53,0.28346377993759597,0.5806215439562137
68,54,0.28443329955746993,0.5706554994981297
68,55,0.2851492289840865,0.5604614875713112
68,56,0.28564514296202376,0.5501215792504144
68,57,0.2859382960078425,0.5395515409127656
68,58,0.2860365986449647,0.5286691529960936
68,59,0.2859676214982395,0.5176279932332117
68,60,0.2857635982312887,0.5065379799948588
68,61,0.2854540547972044,0.49529850437878387
68,62,0.28507585362951493,0.4838592186704157
68,63,0.28463170722729686,0.47206141446826777
68,64,0.28404391231590126,0.45970875366598873
68,65,0.2831831852966416,0.4470217821020104
68,66,0.2819450268828345,0.4342784469644585
68,67,0.2803172779647353,0.421554238531043
68,68,0.27836288389997543,0.40889211343413046
68,69,0.2761442032551544,0.39629877981981276
68,70,0.27365878798051785,0.38374578846798113
68,71,0.27081438726272233,0.37118630269302433
68,72,0.2675292378680792,0.35864068955849226
68,73,0.2637994763689088,0.34614416775603785
68,74,0.25967017541086307,0.33372838977959995
68,75,0.25520842012581074,0.3214560269893214
68,76,0.250463880415797,0.30930313186528824
68,77,0.24549161175794562,0.2972150500602895
68,78,0.24035460293760438,0.2852117012485307
68,79,0.2350647609953492,0.2733079602644122
68,80,0.22962238173667296,0.26152911477091545
68,81,0.22399682801739254,0.2498977882075405
68,82,0.2180975984441283,0.2383721284575796
68,83,0.21188602015954192,0.22698178475812336
68,84,0.2053507888114608,0.21580167662358696
68,85,0.19845470356607658,0.20486011395012027
68,86,0.19118645659502717,0.19416057266730535
68,87,0.18355681296472967,0.18368983367325165
68,88,0.17558023171664128,0.1734799467532171
68,89,0.16730926691118306,0.16357765769116783
68,90,0.1587805144486432,0.15390918685552335
68,91,0.14998236388003727,0.14439778688700844
68,92,0.14092654913111188,0.13511580261978817
68,93,0.131674804675552,0.12610789211248008
68,94,0.12244220600356076,0.11721860126563377
68,95,0.11368655627864613,0.10806621111316284
68,96,0.10615581179389157,0.0981191470247823
68,97,0.1009229987887615,0.0871905872927895
68,98,0.09872472524663341,0.07615005835923871
68,99,0.09917521261075718,0.06587637344439035
68,100,0.10117033344890201,0.056116045121246905
68,101,0.10376545694758689,0.04642658977242797
68,102,0.10625289953974106,0.03667614723555623
68,103,0.10785694914678823,0.027262691346181978
68,104,0.10785883108904407,0.01888490132486098
68,105,0.10580761172097917,0.012352825841228654
68,106,0.10212364180802082,0.008177068638561269
68,107,0.09760027911512047,0.005629373373295166
68,108,0.09243099440075307,0.003881350473277867
68,109,0.08683645863325674,0.0026324282034313473
68,110,0.081084083102601,0.001702650717211207
68,111,0.0752211183787437,0.001000415263411658
68,112,0.06927126854850642,0.0004902893457797708
68,113,0.0632672364887192,0.00017846695609624597
68,114,0.05734006246113052,3.0242627041321413e-05
68,115,0.05159667757432731,0.0
68,116,0.04598796972530276,1.5635412732528664e-05
68,117,0.04043574872481642,3.880561596325549e-05
68,118,0.03489328982574293,6.738943421724652e-05
68,119,0.02931771628031861,9.742737942630697e-05
68,120,0.023708290444265194,0.0001275917499944379
68,121,0.01807928199705919,0.00015781288728733411
68,122,0.012434291861754909,0.00018804059945132234
68,123,0.0067784455586206325,0.00021826821021431186
68,124,0.0010996745175335554,0.00024852889564808134
68,125,-0.004635367031146998,0.0002789471876166738
68,126,-0.01039515479317959,0.0003094482294505596
68,127,-0.01611447925007446,0.00033974204830244936
68,128,-0.021709558874808254,0.0003692067177542002
68,129,-0.02711127846307025,0.000397378481876709
68,130,-0.03240704849348372,0.0004249235272709706
68,131,-0.037688433792805384,0.0004524652683226549
68,132,-0.042963369200573545,0.00048004197773721113
68,133,-0.04824072442011812,0.0005077581184818047
68,134,-0.05346306424204322,0.0005370072285431071
68,135,-0.05857161366456052,0.0005731266421560299
68,136,-0.06362254775279631,0.0006199654074804384
68,137,-0.06890044191098668,0.0007238780632163877
68,138,-0.07461267276424957,0.000973581310140248
68,139,-0.08049234128066865,0.0014255916237275734
68,140,-0.0862905740630501,0.0021067462371339163
68,141,-0.09200471323034869,0.003004531405215949
68,142,-0.09786361811782243,0.00427112650839756
68,143,-0.10388305472163234,0.0062241310106053716
68,144,-0.10938865577440147,0.009217626604422158
68,145,-0.11361935702341176,0.01369410354846079
68,146,-0.11590367550482884,0.020061178503442356
68,147,-0.11603055709655569,0.028115483275126252
68,148,-0.11453591389959178,0.037022218723702705
68,149,-0.11214046235416246,0.046212048541133366
68,150,-0.10956876064206425,0.05551250448603395
68,151,-0.10748851258013653,0.06491974377450249
68,152,-0.10658231127069359,0.07494256971507596
68,153,-0.10779550469174347,0.08584211510033368
68,154,-0.11176126802117511,0.09662509185928403
68,155,-0.11827076487258771,0.10659281551245892
68,156,-0.12655721895220345,0.11599821671368604
68,157,-0.1356363695208529,0.12508101317834341
68,158,-0.14479603891253076,0.1341025880608563
68,159,-0.15377798074952398,0.14330302529098926
68,160,-0.16253663329489812,0.15273173715628474
68,161,-0.17103530343515946,0.16232370670082508
68,162,-0.1791651659790421,0.1720393374193151
68,163,-0.18686029745722713,0.18190897799179462
68,164,-0.19415533049652114,0.19196712761816415
68,165,-0.20110342368738757,0.20225761412128707
68,166,-0.20772436177166922,0.2128171113603492
68,167,-0.21402151197072777,0.22362138893682348
68,168,-0.22000160494255241,0.23460787050236453
68,169,-0.22567446954943524,0.24570446927437928
68,170,-0.23106427369867474,0.2568778036190079
68,171,-0.23622897761538306,0.26814445253846575
68,172,-0.24119716943289107,0.2794791990342522
68,173,-0.24595965182805107,0.29082118357930853
68,174,-0.25053286306021844,0.30214270486873596
68,175,-0.25492516608439975,0.31346507350382213
68,176,-0.25911167344405367,0.3248362403738366
68,177,-0.2630579971843948,0.33628848927998045
68,178,-0.2667204928412124,0.3478271220416055
68,179,-0.2700615671191724,0.35948720253151434
68,180,-0.2730707685516036,0.371335314882275
68,181,-0.2757451052330559,0.38341506773155487
68,182,-0.2780802466733071,0.39573403851063704
68,183,-0.28010500208233124,0.40822051940119897
68,184,-0.28187051423063403,0.4207747365170925
68,185,-0.2833893138430701,0.43337043142379905
68,186,-0.28461938379257906,0.44599771436601865
68,187,-0.2855091859074502,0.45862533811776673
68,188,-0.28606004163029564,0.4709930858535476
68,189,-0.2863622457817633,0.48285532004164256
68,190,-0.28653672847751216,0.49445816828673006
68,191,-0.28664332418820393,0.5060314805010682
68,192,-0.28669091940024927,0.5175506131341014
68,193,-0.28665379992585566,0.5290127785441133
68,194,-0.28645511832862447,0.5404370468573282
68,195,-0.2860192418576443,0.5518298519849429
68,196,-0.28532764455433024,0.5631344810613137
68,197,-0.2843937281953175,0.5741567610459679
68,198,-0.2831981421390194,0.5847248463242756
68,199,-0.2816708361686435,0.5949136729850852
68,200,-0.27972676063839297,0.6048591692188963
68,201,-0.2772750136060968,0.6145921164729489
68,202,-0.2742040240837445,0.624111588129045
68,203,-0.27042477206734994,0.6333836181751018
68,204,-0.26595173010448037,0.642349973935825
68,205,-0.2608782644159818,0.6510241715878087
68,206,-0.2552581235321325,0.6594426200042183
68,207,-0.24886670709345157,0.6676902185917752
68,208,-0.24108044791478317,0.6759046018349133
68,209,-0.23152507688544302,0.6837885716229766
68,210,-0.2205348593770432,0.6907276249046927
68,211,-0.20864194588218693,0.6965833317630075
68,212,-0.19625510021647793,0.7016906850106845
68,213,-0.18371471099434245,0.7064932310892462
68,214,-0.171298961781111,0.711516076638983
68,215,-0.15931443122008654,0.7171762468721596
68,216,-0.14816709541823503,0.7234967321983166
68,217,-0.13829785801627148,0.7301798224265663
68,218,-0.1298335206004096,0.7370315220124108
68,219,-0.12249407851113395,0.7442220940785494
68,220,-0.11603773845957889,0.7519689126730088
68,221,-0.1104200055790069,0.7601901901844343
68,222,-0.10564853402441024,0.7686740964611826
68,223,-0.10164504004132209,0.7773974215075108
68,224,-0.09837028277280882,0.7864074037194542
68,225,-0.09580513071707748,0.7964413769449942
68,226,-0.09392159806430347,0.808234389422287
68,227,-0.09303881960588715,0.8217142095019196
68,228,-0.09354126546556335,0.8371395694649743
68,229,-0.0955106776397275,0.8544747173171676
68,230,-0.09892764401699913,0.8729904803283531
68,231,-0.10453185408358283,0.892696969922335
68,232,-0.11320042052139764,0.9132491214492239
68,233,-0.12459329817319141,0.9335082254011755
68,234,-0.13703763748395445,0.9536836931383393
68,235,-0.14697682263025896,0.9733462795078647
68,236,-0.15006626151278232,0.9887305129201194
68,237,-0.1453188626607315,0.9967494790579929
68,238,-0.13575635337445346,0.999333525088859
68,239,-0.12432991862031677,0.9999234505819073
68,240,-0.11230669509213378,1.0
68,241,-0.10012221536774168,0.9999815771524619
68,242,-0.08793377236575965,0.9999562467590443
68,243,-0.07578835933456275,0.9999306873384473
68,244,-0.06367442627534554,0.9999051455590887
68,245,-0.05167754009697623,0.9998797000385027
68,246,-0.03988299161919033,0.9998544760049805
68,247,-0.02820974705113296,0.9998293540134827
68,248,-0.01657082944733031,0.9998042037830834
68,249,-0.0049520342880014145,0.9997790368092849
69,0,0.000624899159056956,0.9994971153447695
69,1,0.01407889075528315,0.9994631255598976
69,2,0.027542741461513382,0.999429126573602
69,3,0.04102266841117849,0.9993951035423441
69,4,0.05445434624487767,0.9993610872935359
69,5,0.06774064847658165,0.9993271596923079
69,6,0.08089122174845671,0.9992934282261101
69,7,0.09385151879059087,0.9992601187035557
69,8,0.10652105944587265,0.9992271353478593
69,9,0.11893562323328953,0.9991909554500261
69,10,0.13110291814845745,0.9991213679088127
69,11,0.14277063274247184,0.9988654925150321
69,12,0.15303596592312285,0.9977672473186877
69,13,0.15952145184161107,0.9931708954392166
69,14,0.1585744309212401,0.9809233244976715
69,15,0.14925424920138894,0.9617650155074918
69,16,0.13611221997886613,0.941761900612492
69,17,0.12411934024052479,0.9239697826262282
69,18,0.11417274877589537,0.9069597065691788
69,19,0.10628010115950781,0.8894561710821836
69,20,0.10114714074940608,0.8717888759217721
69,21,0.09864257771701469,0.8550454918269302
69,22,0.09791436984303602,0.8403213792501346
69,23,0.09808863234919223,0.8274063526543373
69,24,0.09884010639196535,0.8149409151717698
69,25,0.10027489246834502,0.8025068934097885
69,26,0.10254842594362522,0.7908379459632352
69,27,0.10565045046089123,0.7803556356391115
69,28,0.10945636119270029,0.7707554832068226
69,29,0.1138562963463014,0.7616948128514286
69,30,0.11891471428774812,0.7531259702766685
69,31,0.1249223326573473,0.7449676424823204
69,32,0.1321494395151715,0.737157745756261
69,33,0.1405571936959139,0.7298500121377172
69,34,0.15018446030846522,0.7230801097712274
69,35,0.16109142504088322,0.7167419756487707
69,36,0.17281351215445806,0.7109184537467184
69,37,0.1848005812679364,0.7056092350166282
69,38,0.19681001511384955,0.7005548877083279
69,39,0.20863188747402653,0.6953848859213851
69,40,0.21959035837420204,0.6899132571092108
69,41,0.22899422787056053,0.684106965347645
69,42,0.23704016741813383,0.6777131529258088
69,43,0.2439928616058657,0.6706685882103116
69,44,0.24979604630907842,0.6633174790631823
69,45,0.25480291501004126,0.6557418189475288
69,46,0.25941342860534045,0.6477891263401513
69,47,0.26362175616456335,0.6395291621685593
69,48,0.26728122693822387,0.6309770387895279
69,49,0.27026646325578413,0.6220741041643398
69,50,0.2725378493181484,0.6129036307888314
69,51,0.27420849754086124,0.6034878162219844
69,52,0.2754419467611181,0.5938284881343479
69,53,0.27635525895804147,0.5838854700928637
69,54,0.27701280260846495,0.5735976348387537
69,55,0.27745790368056666,0.5630665122907081
69,56,0.2777331174509459,0.5523948028861183
69,57,0.2778778263057796,0.5414560208057351
69,58,0.2779222585530208,0.5301256682948814
69,59,0.2778740990100745,0.5185960053827978
69,60,0.2777095664338461,0.5070098576843801
69,61,0.27739729882052505,0.49533114475502027
69,62,0.27693388545567144,0.483579707933009
69,63,0.2763182910598652,0.47145453096758716
69,64,0.27552593511479806,0.4586155675409893
69,65,0.2745220822017836,0.445354293198158
69,66,0.2732467604007116,0.4320179421590691
69,67,0.27164515675312056,0.41868204742508075
69,68,0.26970171091601924,0.4054094468190421
69,69,0.2674167339239167,0.3922280809833386
69,70,0.26480294487324724,0.37918856976115634
69,71,0.2618737452922014,0.3663798847611407
69,72,0.2586062958721499,0.35380487860683296
69,73,0.25494754096419664,0.3413391691483856
69,74,0.2509043619418773,0.3289264202562028
69,75,0.24655467368496753,0.3166306153602153
69,76,0.2419454031358688,0.3044428652493443
69,77,0.23709617559289264,0.29232537255981594
69,78,0.2320447321241084,0.28030860167489424
69,79,0.22681083347237876,0.2684019455650718
69,80,0.2213760456734166,0.2565657805832946
69,81,0.2157145471649159,0.2448215840493213
69,82,0.20981055711929064,0.23323912841033245
69,83,0.20364933501432844,0.22183946391628562
69,84,0.19721386535145277,0.21062529522315798
69,85,0.19048329779351725,0.1995994173594734
69,86,0.18343464966033576,0.1887592530161647
69,87,0.1760378858484775,0.1781116647106673
69,88,0.16827084739387055,0.1677082557883126
69,89,0.16014660044231221,0.15765673478480113
69,90,0.15163589780662262,0.14798871766117316
69,91,0.14270764910988099,0.13865144795360762
69,92,0.13347635615507275,0.1296157993892647
69,93,0.12415653317365295,0.12079819902998767
69,94,0.11503962522157771,0.11197132312228253
69,95,0.10653932595257395,0.10278013745853776
69,96,0.09922965399434681,0.09281987598207375
69,97,0.09398399732017564,0.08186577727835842
69,98,0.09168430705293636,0.07073633427932136
69,99,0.09233513978297091,0.06047417018760182
69,100,0.09495685268084868,0.050775314665943094
69,101,0.09848943343584533,0.041061229266313615
69,102,0.10205002120248395,0.03124584727039792
69,103,0.10466364627451386,0.021828173727365563
69,104,0.10549851290659357,0.013616504188461498
69,105,0.1041298977213313,0.007565012000245619
69,106,0.1009906098180368,0.004054984224632019
69,107,0.09677335044217493,0.002096312000026579
69,108,0.09165597484129143,0.0009381656249102255
69,109,0.08601540889838466,0.0003447928795352606
69,110,0.08021922497192971,8.187872071696578e-05
69,111,0.07434674897161873,5.557646720943943e-06
69,112,0.06847352146384462,0.0
69,113,0.06263861344512649,3.894346306698715e-05
69,114,0.05684926981416641,9.184232658776548e-05
69,115,0.05107869924451952,0.00014090272348443733
69,116,0.045352863169161296,0.00018329226959712397
69,117,0.039689693970276246,0.0002234061932770981
69,118,0.03403956388447968,0.00026200655144037466
69,119,0.028357115154874386,0.0003007034905047057
69,120,0.022640843354044825,0.0003395516559617784
69,121,0.01690454262224389,0.00037847738042617873
69,122,0.011151662488690475,0.0004174315319744881
69,123,0.005377011310038681,0.0004564402129176859
69,124,-0.000441929376864467,0.0004955795571823796
69,125,-0.006329426654029997,0.0005349677362608274
69,126,-0.012240695150700828,0.0005744620270156098
69,127,-0.018101652924945328,0.0006136765665760713
69,128,-0.02380469694839205,0.0006517228960045696
69,129,-0.029265548263127935,0.0006879403863567779
69,130,-0.03459801848719777,0.000723275295430259
69,131,-0.039916877533556945,0.0007586079376992183
69,132,-0.045231177401520606,0.0007939859537401395
69,133,-0.0505500966689734,0.0008295189980914719
69,134,-0.05580114438995251,0.0008646066802413532
69,135,-0.060911556627495256,0.0008989407591447618
69,136,-0.06595320686401339,0.0009349144600329096
69,137,-0.07109543910440237,0.0009769426452628238
69,138,-0.07644252791862143,0.001030270257753596
69,139,-0.081896203579874,0.0011170524852212038
69,140,-0.08736247105498123,0.0012757371588835165
69,141,-0.0928495695344285,0.0015222316017310389
69,142,-0.09860165370561076,0.0020879199083324584
69,143,-0.1045780577357224,0.0033974967143836077
69,144,-0.10987167538255779,0.0057929520055614026
69,145,-0.11362189107747875,0.009631024513700015
69,146,-0.11527312988425181,0.01546733089482144
69,147,-0.1146252478027228,0.023259524654387853
69,148,-0.112191513780294,0.0320742294395413
69,149,-0.1087670961967854,0.04121481917019476
69,150,-0.10522887040261777,0.05042021346797465
69,151,-0.10242213176140526,0.05964511954392937
69,152,-0.10109647772650959,0.06941847029576587
69,153,-0.1020451079872349,0.08006816448246767
69,154,-0.10564743977895154,0.09072709784692179
69,155,-0.11169378669144647,0.1007741525021143
69,156,-0.11962943242472268,0.11036544590251496
69,157,-0.128571133768914,0.11953656772444199
69,158,-0.13779290678541267,0.12846596356355855
69,159,-0.1469556370085916,0.13747707613637183
69,160,-0.15586035955247995,0.14675542899691785
69,161,-0.16435197845399324,0.15633375133128113
69,162,-0.17231802936543814,0.16615152995097027
69,163,-0.17976244428056848,0.17615519796601153
69,164,-0.1867829013414548,0.18634406518972635
69,165,-0.1934745733692078,0.19674985531127398
69,166,-0.19988940434514962,0.20737902666719166
69,167,-0.20603936844759985,0.21819848667530561
69,168,-0.2119186666784599,0.22916259843616305
69,169,-0.21754679249771267,0.24027409364638697
69,170,-0.22294886186653043,0.2515682267122821
69,171,-0.2281284367102318,0.26300655048661514
69,172,-0.23310804281593991,0.2745676687379166
69,173,-0.23790508949549524,0.28625473666606316
69,174,-0.24249808528718753,0.29798760133268487
69,175,-0.2468718817439583,0.30973113276483055
69,176,-0.2510263667266086,0.32152459895368335
69,177,-0.25494509471411864,0.33339038179479064
69,178,-0.2585829197698777,0.3453328748317265
69,179,-0.2618919105476466,0.35739266256415636
69,180,-0.26486090934434253,0.36965223903504263
69,181,-0.26751150098917303,0.3821753833975633
69,182,-0.26985973208441777,0.3949720194953694
69,183,-0.27189390522818047,0.40796595552327286
69,184,-0.2735964735371177,0.42105646745145886
69,185,-0.2749739549722548,0.4342080684404376
69,186,-0.2760484494907743,0.4473940483192391
69,187,-0.276853633870919,0.46056811854726776
69,188,-0.2774369318435364,0.47339489471584784
69,189,-0.27784744268471323,0.48556275106592484
69,190,-0.2781106843118708,0.49739362209690674
69,191,-0.2782204081242307,0.5091926971619678
69,192,-0.2781881024134615,0.5209675338280615
69,193,-0.27804760881180995,0.532743550257917
69,194,-0.2778009606056432,0.5445106574863448
69,195,-0.2774121009037167,0.5562496499723315
69,196,-0.27685406250370515,0.5678955410418365
69,197,-0.27612458448672805,0.5792062155000515
69,198,-0.275194709966738,0.5899698838088129
69,199,-0.2739897658922726,0.600275078443971
69,200,-0.27240350094372573,0.6102799677244297
69,201,-0.2702809435434284,0.6200277864287641
69,202,-0.26745545121768566,0.6295265887401571
69,203,-0.2638555643070525,0.6387654907585971
69,204,-0.259557230834204,0.6477241131110982
69,205,-0.25468241613712833,0.656434147251175
69,206,-0.24925149084751427,0.6649156475757272
69,207,-0.24294043002186733,0.6732466698214661
69,208,-0.23517221824618867,0.6814042248809566
69,209,-0.22573704176321896,0.6889021614075119
69,210,-0.21493213999142458,0.6952897744182134
69,211,-0.2032498818740989,0.7006643754782367
69,212,-0.191161988823685,0.7054669875013351
69,213,-0.17900543491234033,0.7101755266229386
69,214,-0.16700155944686748,0.7151652987553172
69,215,-0.15536317251334297,0.7207112193429926
69,216,-0.14451594362779108,0.7268986631506916
69,217,-0.13509907261044551,0.7334647724541035
69,218,-0.1272899151870962,0.7401502194955458
69,219,-0.12065404408782564,0.7470769207463093
69,220,-0.1148519177758085,0.7544303411131499
69,221,-0.10972622251437625,0.7622962598940128
69,222,-0.10518044669773124,0.7706698366166731
69,223,-0.10123984836818002,0.7794076900274224
69,224,-0.0979793334848829,0.7884164664830935
69,225,-0.09536313487338637,0.7986517806327584
69,226,-0.0933365452371853,0.8110795767436059
69,227,-0.09198224353872958,0.8246989210035498
69,228,-0.09131266073808528,0.8391874953332266
69,229,-0.09157016135272418,0.8554707782036033
69,230,-0.09347250490098427,0.8730129486283037
69,231,-0.0984291380520495,0.8917322652202283
69,232,-0.1075914533965852,0.9117837292020978
69,233,-0.12033376665831261,0.9319789768059602
69,234,-0.13424350388610437,0.9522555700713895
69,235,-0.14508683311866655,0.9720509633311569
69,236,-0.14859095364676653,0.9876933545595399
69,237,-0.14425886730780046,0.9962140351604779
69,238,-0.13517973571497355,0.9991921901572559
69,239,-0.12414391595424887,0.9999044761077212
69,240,-0.11239700851960067,1.0
69,241,-0.10044903195084931,0.999977091779803
69,242,-0.08849664480249483,0.9999455353167014
69,243,-0.07660102599659659,0.9999137083249571
69,244,-0.06474235055841701,0.9998819195505915
69,245,-0.05294298067681427,0.9998501936576181
69,246,-0.04123103224100666,0.9998186041407884
69,247,-0.029586385607624253,0.9997870738856139
69,248,-0.01798231829693384,0.9997555183017806
69,249,-0.006402865264855021,0.9997239482836336
70,0,-5.848537247755912e-05,0.9997991828057778
70,1,0.013746762762808454,0.9998164963059708
70,2,0.027561939519858764,0.9998338039806435
70,3,0.041393929958882254,0.9998511067597691
70,4,0.05511190725137981,0.9998682389377761
70,5,0.06855758859485928,0.9998850198827676
70,6,0.08183890532194604,0.9999016223309278
70,7,0.09507218359103713,0.999918270264117
70,8,0.10819418791659122,0.9999350058605837
70,9,0.1212691337424934,0.9999501882552853
70,10,0.13437499071120718,0.9999379969671641
70,11,0.14706614206904678,0.9997706079912654
70,12,0.15817009310475136,0.9990656045198347
70,13,0.16486128141416856,0.9943313204430442
70,14,0.1624941615841451,0.980057990013846
70,15,0.14936670239718275,0.9580041396443555
70,16,0.1316040338192255,0.9365855177315907
70,17,0.11662068625268367,0.9193457443106272
70,18,0.10527143171476276,0.9032225337131192
70,19,0.09671699102784612,0.8859405265687352
70,20,0.09154498090894697,0.8684446709058282
70,21,0.08932850309800439,0.8519833185811057
70,22,0.08883793689954674,0.837154800290897
70,23,0.08910561186408698,0.8240437378587876
70,24,0.08983320347221893,0.8115148043986082
70,25,0.09112076786694376,0.7990043788897664
70,26,0.09320106969753825,0.7870573791969163
70,27,0.09621966281488024,0.7758611030528537
70,28,0.10001045453492773,0.7655059914794994
70,29,0.1043104911033906,0.756068031137848
70,30,0.10925212745199825,0.7473242051985897
70,31,0.11530900477686297,0.7389529001631081
70,32,0.12280648954673411,0.7308276206787769
70,33,0.13166432477627135,0.7231452182681037
70,34,0.1417720675409737,0.716092730455586
70,35,0.15301292977355072,0.7096901886645807
70,36,0.1649899311723315,0.7039315600958008
70,37,0.17723199304957696,0.6986530781056604
70,38,0.18942739100318629,0.6934523879015431
70,39,0.20126071903393278,0.6877931062038318
70,40,0.21156927646383578,0.681703785706401
70,41,0.2194023394909306,0.6755889928075935
70,42,0.22559011602411042,0.6692810736249748
70,43,0.23106342817826286,0.662572436140221
70,44,0.2360181346049398,0.6555970558696551
70,45,0.24068819553584808,0.6483029457222907
70,46,0.2452073018006945,0.6405345626858007
70,47,0.2494152094778719,0.632422400548126
70,48,0.25310083896623126,0.6241187236739665
70,49,0.2561832141724163,0.6156348754031764
70,50,0.2586632911905343,0.6069475952388839
70,51,0.26060726729764566,0.5979714112553135
70,52,0.26210083785066796,0.5886732180789213
70,53,0.2632182684764525,0.578945754288297
70,54,0.26400859418891265,0.5686998718933696
70,55,0.26452109578498667,0.5580986330108764
70,56,0.26481163389458695,0.5473259783266309
70,57,0.2649183859175619,0.5364815709863165
70,58,0.26485470879679984,0.5256097187828244
70,59,0.2646196566486196,0.514696430827337
70,60,0.26421959402203427,0.5037348395592774
70,61,0.2636811176127157,0.492726475408538
70,62,0.26304391623925955,0.4816720252671747
70,63,0.2622948572800481,0.4699325896756844
70,64,0.26137738130396,0.45687612358842977
70,65,0.26026369662717946,0.44313330298426523
70,66,0.2589083413015339,0.42937158387807595
70,67,0.2572519169290357,0.41566988217790146
70,68,0.2552604245294339,0.40206316462119507
70,69,0.25291880972355,0.3885982674825724
70,70,0.2502345701197584,0.37538525919752186
70,71,0.2472166768177283,0.3624985955900115
70,72,0.2438445138743494,0.34990582225325784
70,73,0.24010621905592874,0.33750976568799973
70,74,0.23607584139372528,0.3252718988853821
70,75,0.23185803247436235,0.3131684200469561
70,76,0.2274983408967832,0.30111481206362656
70,77,0.2229963494713428,0.28908514244257455
70,78,0.2183349404989931,0.27714350769131113
70,79,0.2134783166663212,0.26532839929319185
70,80,0.20838052967920814,0.2536131824157346
70,81,0.20301073342371623,0.2420153147720686
70,82,0.19736066247321024,0.23059482600321535
70,83,0.19143050567745573,0.21934195289177494
70,84,0.18521937046662393,0.208226166915772
70,85,0.17873256446865193,0.19726623117480468
70,86,0.17196865698742858,0.18648210409493837
70,87,0.1649225342086523,0.17590146883599345
70,88,0.15758931035333054,0.16560794217976949
70,89,0.14991548371990382,0.15567203939079022
70,90,0.141780646207423,0.14609009962911146
70,91,0.13316208598858736,0.13687488408986637
70,92,0.1242523959821066,0.12805925376009952
70,93,0.11532740791243375,0.119552656339593
70,94,0.10668077119114,0.11107565333484348
70,95,0.09868192553073249,0.10222261491041051
70,96,0.09181659677228496,0.09262231057683146
70,97,0.08675925669737693,0.08211342197689175
70,98,0.08420174794429436,0.07151151492807384
70,99,0.0841353275304203,0.061730755222071165
70,100,0.08569426935703124,0.05227771808552106
70,101,0.08799470287161815,0.04255882474196904
70,102,0.0904014141711328,0.032586320370499355
70,103,0.09219596041389715,0.022827693712461294
70,104,0.09248345900497217,0.014114598022177405
70,105,0.09071668704581555,0.007754227736891495
70,106,0.08754882782275858,0.004259217290400685
70,107,0.08365827868803272,0.0023544669693410514
70,108,0.07898648701296541,0.0011586800898514271
70,109,0.07389509908576926,0.00048261947417660434
70,110,0.0687780571917339,0.00015468924704953313
70,111,0.06366277769396131,3.7880328941031216e-05
70,112,0.058558518731171925,0.0
70,113,0.053484360451316174,2.1810409501554773e-05
70,114,0.048479394035092514,6.380041569975514e-05
70,115,0.04353890108363882,0.00010580417914818341
70,116,0.0386706674416264,0.00014298941494184092
70,117,0.03387728580717601,0.00017819346414871262
70,118,0.029106352314150218,0.00021205155989711955
70,119,0.024311260307031936,0.0002459841624330439
70,120,0.01948758905478059,0.00028005515347895305
70,121,0.014644680512058932,0.0003142106306154302
70,122,0.009784383227803846,0.00034841765182691553
70,123,0.00489992935854221,0.0003827253156057919
70,124,-3.0368706586079517e-05,0.0004172185498299008
70,125,-0.005030290069561136,0.00045202613554573556
70,126,-0.010073034195478848,0.0004870701548095324
70,127,-0.015081149434570286,0.0005218703109337586
70,128,-0.020015825679220212,0.0005562110685264354
70,129,-0.024908972955381196,0.0005904296225498484
70,130,-0.029794179370275956,0.0006247605845448589
70,131,-0.03467615200080676,0.0006591742980462945
70,132,-0.0395638740348339,0.0006937181783954749
70,133,-0.04446656605166563,0.0007284968785652435
70,134,-0.049242154172041065,0.0007625422697251638
70,135,-0.05375070102749951,0.00079517237603699
70,136,-0.058128468080359645,0.0008302565264235451
70,137,-0.06252397884009903,0.0008748280997692426
70,138,-0.06695599438824867,0.0009325034888391093
70,139,-0.07140203858996147,0.0010328109927850715
70,140,-0.07582767075380999,0.001217274952730607
70,141,-0.0802500914072153,0.0014606706862806407
70,142,-0.08533399526744936,0.002070739420593659
70,143,-0.09134170645915644,0.0036965462261714377
70,144,-0.09689231022239843,0.006671121720380979
70,145,-0.10062386523337395,0.011265643061152297
70,146,-0.10202334395685234,0.01768152417168989
70,147,-0.10142810975424715,0.02537287384665532
70,148,-0.09969304988052154,0.03358101557850035
70,149,-0.09746572320194485,0.041955165644586456
70,150,-0.0953139538539785,0.050360237236660166
70,151,-0.09363710540623367,0.05871280083151631
70,152,-0.09289958750934517,0.06795479694601814
70,153,-0.09409255065810385,0.07897724251696259
70,154,-0.09796709033091451,0.0904410933358395
70,155,-0.1041950915502055,0.10098373460591015
70,156,-0.11195220419083338,0.11057333558835292
70,157,-0.12056464374651701,0.11953589517544971
70,158,-0.12952068161922348,0.12831103589032145
70,159,-0.13844772454670043,0.13722690586867448
70,160,-0.14709675583695425,0.1464654025054456
70,161,-0.15526374900297163,0.15604281103307216
70,162,-0.162839535823752,0.16589086393875552
70,163,-0.16988153021278443,0.1759481311436959
70,164,-0.17649665636066064,0.18614496659493474
70,165,-0.18277784246072276,0.1964639686846057
70,166,-0.18880821341692497,0.20694938458766
70,167,-0.19461695364297327,0.2176055596242522
70,168,-0.2001909971035912,0.22839576266296047
70,169,-0.20553139006910182,0.2393378045743998
70,170,-0.2106594575474683,0.25053613827941246
70,171,-0.21559110065400205,0.26204083897091623
70,172,-0.2203256248987108,0.2737961585544837
70,173,-0.2248467983556382,0.28569973709317387
70,174,-0.22914773560664567,0.2976143308972099
70,175,-0.23326205422689308,0.30948939916175544
70,176,-0.23723223986537767,0.32136871383932375
70,177,-0.24105218052288777,0.3332917957289976
70,178,-0.2446542389195671,0.3452813031535994
70,179,-0.24795415457449493,0.3573940739300222
70,180,-0.2509086663453036,0.36970535222711787
70,181,-0.2535225794884837,0.3822814690323798
70,182,-0.2558169730635455,0.3952111082825187
70,183,-0.25779618290924683,0.40845807323345606
70,184,-0.25945750665131784,0.4218638761964163
70,185,-0.2608083927763372,0.4353378898101746
70,186,-0.2618682330328461,0.4488375984709706
70,187,-0.2626923650252716,0.4623271217736644
70,188,-0.26334348526170576,0.4751844439032221
70,189,-0.2638682576691443,0.48680922579603936
70,190,-0.26430807795418154,0.49783198683816876
70,191,-0.26465002162969425,0.5088524189490221
70,192,-0.26484470365631707,0.5198624138468317
70,193,-0.2648660549798648,0.530873242283328
70,194,-0.26470777236310256,0.5418732524150269
70,195,-0.264361146304915,0.5528479677970035
70,196,-0.2638057913711796,0.5637859816181585
70,197,-0.2630124946593909,0.5746441298968454
70,198,-0.26192815720350304,0.585262792925063
70,199,-0.2604797295615002,0.5954372307082816
70,200,-0.25858920930674123,0.6051426157099647
70,201,-0.25616653730013056,0.6144737499489132
70,202,-0.2531330986565636,0.6235066663468414
70,203,-0.249460664123314,0.6322737794025162
70,204,-0.2451932443377109,0.6407662134909593
70,205,-0.24044032255930145,0.6490135980575438
70,206,-0.23532808646669945,0.6570662477958846
70,207,-0.22968972185893388,0.665139529594911
70,208,-0.2228548253757735,0.6734587547820353
70,209,-0.21423644628914226,0.681596476459306
70,210,-0.2038703617503824,0.6888003671455571
70,211,-0.19223426705228652,0.6948642576842738
70,212,-0.17992459936252758,0.700135493316046
70,213,-0.16745107247206234,0.7051369553995264
70,214,-0.15518113103228814,0.7103617703433609
70,215,-0.1434525284777852,0.7161727764102259
70,216,-0.13261250350869155,0.7227530814778953
70,217,-0.12332846885827116,0.7296920060324193
70,218,-0.11602955162084991,0.7363650169705824
70,219,-0.11008763872503498,0.7429622778910236
70,220,-0.10488520470339371,0.7499164440795578
70,221,-0.10029859650199446,0.7573134791154701
70,222,-0.0962375519940062,0.7651117219019791
70,223,-0.09267921158349032,0.7731844316861297
70,224,-0.08967691003105362,0.7814752556596558
70,225,-0.08716315152021187,0.7912225811696917
70,226,-0.0850652288431023,0.803667728596274
70,227,-0.08352953968201399,0.8175331435930897
70,228,-0.08256437688934135,0.8323001147337088
70,229,-0.08233255428210086,0.8489210401090455
70,230,-0.08364897334115473,0.8668414946568372
70,231,-0.08877819572859318,0.8868198973678622
70,232,-0.10016773572186195,0.9093394371452492
70,233,-0.11711180250637307,0.931665943576699
70,234,-0.13532258909970016,0.9528822504062641
70,235,-0.14857745006262296,0.9724504189783204
70,236,-0.15232553135217547,0.9875056045061354
70,237,-0.14725403595326805,0.9961436647501201
70,238,-0.13748300132081845,0.9992251050919031
70,239,-0.12604008455691007,0.999767026754784
70,240,-0.11409997761406288,0.999856413805475
70,241,-0.102209051285698,0.9998758005227733
70,242,-0.09051218214953267,0.9998917008740125
70,243,-0.07896527847662281,0.9999075433408159
70,244,-0.06749394083297541,0.9999233113189172
70,245,-0.05606357665779944,0.9999389800437107
70,246,-0.04466980587382902,0.9999545282866263
70,247,-0.03333674839163857,0.9999698892930259
70,248,-0.02207691937531155,0.9999850213290794
70,249,-0.010864201646580461,1.0
71,0,-0.003919740548363002,0.999072208180194
71,1,0.009041882015769711,0.9991829125226771
71,2,0.021995379211019673,0.9992934754030172
71,3,0.03494484580655295,0.9994038961034816
71,4,0.04790340699560911,0.9995142715335041
71,5,0.06079327339574601,0.9996241148763991
71,6,0.07331771103175763,0.9997314734222288
71,7,0.08502240919786967,0.9998323154849597
71,8,0.0957921102787175,0.9999233546648358
71,9,0.10605534019672624,1.0
71,10,0.11613541509511618,0.9999981387674253
71,11,0.12579309638191863,0.999675208767695
71,12,0.1341041695481887,0.9985025407189294
71,13,0.13903759124703638,0.9954350895471551
71,14,0.13505775226322106,0.9874270229463541
71,15,0.11891801937188957,0.9732608886753482
71,16,0.09779117461964655,0.9559514470517105
71,17,0.08046951974932816,0.9375600112638374
71,18,0.069354255548119,0.9188378010239436
71,19,0.06317850142070064,0.9003642753309566
71,20,0.06005612501767385,0.8820436780873088
71,21,0.059103784255867486,0.8639699087338307
71,22,0.05982417914236435,0.8466561916049332
71,23,0.06137762915517974,0.8305925960924357
71,24,0.06323049818164445,0.8156916767913529
71,25,0.06535583372519074,0.8017435070525311
71,26,0.06777418664596922,0.7889267994919251
71,27,0.07054643871769413,0.7769587977135217
71,28,0.07377950536985,0.7654728274713306
71,29,0.07756658286682384,0.7545208094116874
71,30,0.08210712078300954,0.744044494825508
71,31,0.08763263419823195,0.7339822500981773
71,32,0.09425632949830308,0.724412323907232
71,33,0.10198618522756389,0.7156159510174456
71,34,0.11080589666785919,0.707880313109385
71,35,0.1205028540784665,0.7012403140486968
71,36,0.13064883763134297,0.695466322732006
71,37,0.14090823262418864,0.6900947891898559
71,38,0.15108919523947323,0.6846700681307922
71,39,0.16104403905018147,0.678910860493155
71,40,0.17041223625115462,0.6727838242897402
71,41,0.1787861797075326,0.6663763585102547
71,42,0.18623429546165454,0.6595793256824074
71,43,0.19295138185913177,0.652293932687516
71,44,0.19896794846072602,0.6446021931982093
71,45,0.20435754318767596,0.6365673878422373
71,46,0.20923035488950203,0.6282040226146915
71,47,0.21365966219794685,0.6195536253850535
71,48,0.2176505553076271,0.6106711077895071
71,49,0.2211594905569176,0.6016141722978039
71,50,0.22417274264717707,0.592395112641301
71,51,0.22673022309730595,0.5829807538916677
71,52,0.2288688637040915,0.5733991261814473
71,53,0.23061354214432547,0.5636862700718068
71,54,0.23199367604386262,0.5538098296282612
71,55,0.23305417505261794,0.5436150898573692
71,56,0.23384838609426628,0.5330375450899287
71,57,0.23440542944254014,0.5221593127452306
71,58,0.2347099647500316,0.5110037855067101
71,59,0.23471530453999562,0.4997163463881508
71,60,0.23439840644010304,0.48844052099426427
71,61,0.2337805917445102,0.47707261124438505
71,62,0.23293223648395403,0.4655151353411845
71,63,0.23200315661105847,0.45380415650174133
71,64,0.2311602095398565,0.44176123866392136
71,65,0.23039951515811222,0.42922886283262995
71,66,0.22951833598188398,0.4164948420983495
71,67,0.22831707747360805,0.40383092036235135
71,68,0.22670554870311516,0.3912207291838681
71,69,0.22467631236577415,0.37853644429610744
71,70,0.22222968642595617,0.36575828107149555
71,71,0.21934706501305173,0.35302712507611833
71,72,0.21606271999385776,0.3404060782194698
71,73,0.2124571146712201,0.3278412556220043
71,74,0.20861402079218755,0.3152798367805526
71,75,0.2046727001636794,0.3028588733196629
71,76,0.20075125532544982,0.2907502535049573
71,77,0.19681766577771156,0.2788198622942121
71,78,0.19282069490718376,0.2670286458275629
71,79,0.1886779422119536,0.25540754140295585
71,80,0.18422729136323118,0.24381018882771666
71,81,0.1794168884250421,0.23229113746425356
71,82,0.174291880726084,0.22097747706116344
71,83,0.16897679668250515,0.21010386152604754
71,84,0.16356340458536342,0.19990279899618812
71,85,0.15791635354687605,0.19013617658460658
71,86,0.15186862129143755,0.1805505420254062
71,87,0.1453720455997537,0.1711717427834465
71,88,0.13844976050321872,0.16211928148011956
71,89,0.13103912710203627,0.1533910564526617
71,90,0.12305715937867623,0.14486646542360637
71,91,0.1146578381855666,0.13654818133131896
71,92,0.1060811982064475,0.1283853747826581
71,93,0.09756478586114943,0.12016386654181199
71,94,0.08944902893704564,0.11161294196525151
71,95,0.0821367398072066,0.10236412369743952
71,96,0.07617221126417302,0.09219549122046133
71,97,0.0722736118027094,0.08141793278847487
71,98,0.07090655012723886,0.07051206060462356
71,99,0.072097883541442,0.05967848528545672
71,100,0.07549549246035255,0.04912735157440229
71,101,0.08031637013623093,0.038947896311598784
71,102,0.08559287786825484,0.02884642538846338
71,103,0.08983391397739127,0.01965875434395492
71,104,0.09180392280425322,0.012626931636153582
71,105,0.09151066648453246,0.00770756981582299
71,106,0.08942476454607505,0.004690828868196162
71,107,0.08622053173126379,0.00300754228640987
71,108,0.0823698340671816,0.002015355509646821
71,109,0.07814171450309512,0.0014922406106332442
71,110,0.07382142133260512,0.0012234871711627182
71,111,0.06947649078203771,0.0010990200113990545
71,112,0.06512837357018779,0.0010275277828003526
71,113,0.06079503753460848,0.0009880854429699104
71,114,0.0564828019754685,0.0009603547717520478
71,115,0.052110591245982496,0.0009274573176817347
71,116,0.04762072420501781,0.000888756290975734
71,117,0.043045152512113945,0.0008478889250309596
71,118,0.038372907343290186,0.0008050532715252467
71,119,0.03357930839613652,0.0007614574996420709
71,120,0.0286754805894243,0.0007171608432440246
71,121,0.02371658124002753,0.0006725026821018387
71,122,0.018746442411961422,0.0006277559382619202
71,123,0.013763009362751011,0.0005829053137551554
71,124,0.008825989525620258,0.0005386463133607577
71,125,0.003996303369399347,0.0004957203977601354
71,126,-0.0006893536505765967,0.0004541122176288104
71,127,-0.0051914147634545445,0.00041377558895971944
71,128,-0.009604246544129842,0.0003741042221199198
71,129,-0.014009566724638026,0.0003345516818832328
71,130,-0.018397113978323738,0.0002951253775291818
71,131,-0.022771263092091387,0.00025576663989890225
71,132,-0.027134015033739845,0.00021652380830072815
71,133,-0.03148739608138781,0.00017748922370730558
71,134,-0.035838352905070904,0.0001387225092795985
71,135,-0.0401938208473322,0.00010053712545299298
71,136,-0.044547059896206005,6.449733691937798e-05
71,137,-0.04888942925279485,3.268285285729089e-05
71,138,-0.05323236630955345,7.2435151005079135e-06
71,139,-0.05761439567653532,0.0
71,140,-0.062115636011773584,2.329044025928262e-05
71,141,-0.06677593359805913,6.267544029225913e-05
71,142,-0.07149309883718695,0.00031401944157027906
71,143,-0.07609235906908328,0.0010543742256495792
71,144,-0.0802469966799756,0.0024363759356723635
71,145,-0.08337904891594733,0.004806420173940618
71,146,-0.08520562505021097,0.008379072493478468
71,147,-0.08508763897481621,0.014262812216822685
71,148,-0.08211221987619025,0.023331519457665317
71,149,-0.07715890166647237,0.03390918191471215
71,150,-0.07207881532845736,0.044691863221186345
71,151,-0.06822292284429779,0.05581821961540967
71,152,-0.06654819708230583,0.06731119323120294
71,153,-0.06758141893190366,0.07902157225326634
71,154,-0.07131429643455167,0.09033880088736967
71,155,-0.07715352926360729,0.10054749160700271
71,156,-0.08434098848683394,0.1095447205253276
71,157,-0.09230564848421198,0.11766329510509987
71,158,-0.10066289205382181,0.1253444822664076
71,159,-0.1091265859098646,0.13294863762412068
71,160,-0.11748099221048514,0.14069647304058375
71,161,-0.1255579209726289,0.14871456843484443
71,162,-0.13322974519465836,0.15705824009619218
71,163,-0.1404384200823807,0.16574354669034552
71,164,-0.14716432550232042,0.1747104233092106
71,165,-0.1534223959953964,0.18388565720345107
71,166,-0.1592903419549354,0.19328094656950823
71,167,-0.1649460128113804,0.20314708065367937
71,168,-0.1705004916538629,0.2136527391846308
71,169,-0.17586910816592397,0.2245651053863078
71,170,-0.18096274344965838,0.23574027616142168
71,171,-0.18575437887771837,0.2471748218815777
71,172,-0.19026149031464049,0.25880807602175615
71,173,-0.19456167844835248,0.2705995330406682
71,174,-0.19873149592544992,0.28246153644093996
71,175,-0.20280121012493724,0.2942777728932553
71,176,-0.20678939307775968,0.30606064584765147
71,177,-0.2107095506960991,0.317945081011609
71,178,-0.21448508321438017,0.3299485121189091
71,179,-0.21802224040121454,0.34206037064572936
71,180,-0.22123698194604072,0.3541635324804441
71,181,-0.22402911802598974,0.36607737695481335
71,182,-0.226411034929306,0.37797121472951034
71,183,-0.22844200962242198,0.38998736083426333
71,184,-0.23012200152974865,0.40203970579207127
71,185,-0.23145114487629714,0.4141087916116185
71,186,-0.2324765028982622,0.42619107644278686
71,187,-0.23334813983526087,0.4382229406940633
71,188,-0.23428173260601284,0.45017682727702657
71,189,-0.23534380970571864,0.4620273142330511
71,190,-0.23639052247963532,0.47371577828258415
71,191,-0.2372398720081119,0.4852143567224245
71,192,-0.2377830936308439,0.49653424996716344
71,193,-0.23798101314684578,0.5077516423118662
71,194,-0.23784665606516506,0.5189100438311798
71,195,-0.23741418648582122,0.5300388018314997
71,196,-0.2366850203507068,0.5411791647068873
71,197,-0.23561747621285484,0.5523354469952222
71,198,-0.2341484543499283,0.5634928928473366
71,199,-0.23221558508528606,0.5745082091921165
71,200,-0.22976878111579252,0.5852326744174545
71,201,-0.2268126951411283,0.5955917946272884
71,202,-0.22343762814772727,0.6054142049051169
71,203,-0.21967983399887664,0.614678598065836
71,204,-0.2154587806131738,0.623568825931384
71,205,-0.2107135092109965,0.6321531129829961
71,206,-0.20543747140601892,0.6403821254372035
71,207,-0.1996252348938,0.6481993063143058
71,208,-0.19304692352044484,0.655709446427746
71,209,-0.1854585824021668,0.6629522943227033
71,210,-0.17705457855567625,0.6696389050582318
71,211,-0.16808944692617664,0.6757185822320201
71,212,-0.15870986348370109,0.681491702321712
71,213,-0.14913832992407058,0.6871643148266993
71,214,-0.13953573747413178,0.6928539189590404
71,215,-0.13005032084120366,0.6987042474418319
71,216,-0.12093696725181109,0.7049320007563441
71,217,-0.11245262784813717,0.7118368346454758
71,218,-0.10480139343032258,0.7195805116887818
71,219,-0.09810301828488364,0.728090244995496
71,220,-0.09227694250266386,0.7375098722422027
71,221,-0.08725890576606994,0.7480174968239479
71,222,-0.08308046364575285,0.7592677132178399
71,223,-0.0795892568805752,0.7710988931019256
71,224,-0.07665667145672547,0.7837603093330485
71,225,-0.07427376365707587,0.7975194352980746
71,226,-0.07233217776792794,0.8125232135175251
71,227,-0.07069562201870735,0.8286285699906464
71,228,-0.0693777836332382,0.8457185699750258
71,229,-0.06888221749615979,0.8637973083011039
71,230,-0.0701237792064091,0.8825943363379127
71,231,-0.07402406398572668,0.9018603897926255
71,232,-0.08258327327295308,0.9226529818420508
71,233,-0.09852858315096291,0.9446325214658521
71,234,-0.12094000525648205,0.9648187593683295
71,235,-0.14088127580718332,0.9805509598472328
71,236,-0.14845640620925327,0.9900996638398606
71,237,-0.14498065118719508,0.9949609928964563
71,238,-0.13620653140232072,0.9971252989558896
71,239,-0.125122866228324,0.9975660142489554
71,240,-0.11350431639110169,0.9976967409593469
71,241,-0.1015472972683564,0.9978030442885297
71,242,-0.08938874163411685,0.9979080066161053
71,243,-0.0771291275979205,0.9980134674908909
71,244,-0.06481840864776824,0.9981190340531281
71,245,-0.052554037033203986,0.9982239267091031
71,246,-0.04033263608212837,0.9983283612464294
71,247,-0.028119366283513227,0.9984327692519549
71,248,-0.015910105079866704,0.9985371859102704
71,249,-0.0036993688564592535,0.9986416425347763
72,0,-0.002770093606967144,0.9992464117663786
72,1,0.010407282037100412,0.9993376962527378
72,2,0.02356466165144586,0.9994287293440477
72,3,0.03670451986422166,0.9995194917724802
72,4,0.049844387220223677,0.9996101192712825
72,5,0.06286559618844761,0.9996999584963366
72,6,0.07528190418515511,0.9997862139801345
72,7,0.08683822532268289,0.9998673889823478
72,8,0.09787295242422552,0.9999428181859426
72,9,0.10858854507407407,1.0
72,10,0.11903497863893565,0.9999962391143038
72,11,0.12915943670643987,0.9998233184533348
72,12,0.13842335646675194,0.9991399607247982
72,13,0.14480747941472866,0.9963997924877813
72,14,0.14205379575260066,0.988155714572747
72,15,0.1264609977162222,0.9734719327404959
72,16,0.10547596227087627,0.9552162128524666
72,17,0.08865741531313011,0.9361438957368338
72,18,0.07847063579982258,0.9178804833544185
72,19,0.073084244929375,0.9002593837224532
72,20,0.07080665089151254,0.8826584481428413
72,21,0.07059275678768048,0.8654711807330991
72,22,0.07143486005695751,0.8494350871073139
72,23,0.07275733568570923,0.8348543198034886
72,24,0.07438109395288306,0.8212787562440942
72,25,0.07632433260971189,0.8081516642632487
72,26,0.07867809247820101,0.7954095457315096
72,27,0.08164477479411329,0.7831975267302884
72,28,0.08540701701962941,0.7717269244714994
72,29,0.0899110630899205,0.7611850648038897
72,30,0.09502857106819865,0.7513028174456169
72,31,0.10088453836642908,0.7417935803625074
72,32,0.1078061145593394,0.7327512566132346
72,33,0.11607968743916758,0.7244222902489268
72,34,0.12573825599852873,0.7169856096787777
72,35,0.13640368957897547,0.7104485387830343
72,36,0.14755162160591434,0.7044746936635722
72,37,0.15875470468194655,0.6985188549626971
72,38,0.16974736373739785,0.6921752072985505
72,39,0.18041747102184927,0.6852741617336339
72,40,0.19027559918615072,0.6780823571564003
72,41,0.19876762798677275,0.6709918708239688
72,42,0.2061970312318805,0.6638765758532064
72,43,0.21302424204416592,0.6565332418412884
72,44,0.21931287919661996,0.6490121968182991
72,45,0.22511758591650186,0.6412707491963718
72,46,0.23048226216589818,0.6332191814501646
72,47,0.23539273229188543,0.6248526069077863
72,48,0.23980589475224295,0.6162063419701798
72,49,0.24365238443962042,0.6073294192393754
72,50,0.24691223690046196,0.5982326365445108
72,51,0.24964803117462916,0.5888972016986813
72,52,0.251916673316237,0.5793647000562682
72,53,0.25374956486436095,0.5696780415126361
72,54,0.2551912853015752,0.5597833153434348
72,55,0.2563150135129621,0.5496058555359422
72,56,0.2571967776907598,0.5392188701696619
72,57,0.2578706626012922,0.5287908201732208
72,58,0.2583260287329864,0.518394487064729
72,59,0.25854027397046936,0.5080193214321882
72,60,0.25851852250813206,0.497655193636273
72,61,0.2582905019027971,0.487127707974884
72,62,0.25788135507087007,0.47627779298009787
72,63,0.25730163740493456,0.46518274682139205
72,64,0.25654130650098306,0.45376491221886794
72,65,0.25557768725006413,0.44197151773242915
72,66,0.2543743010543723,0.43006163130340447
72,67,0.25285774976219444,0.4182379525174207
72,68,0.25096342091668566,0.4065225020631664
72,69,0.248681882764642,0.39478145416121346
72,70,0.2460220699794699,0.38291111259970667
72,71,0.24297920561418257,0.37106466236782
72,72,0.23953346213400784,0.35936039621610005
72,73,0.23568689321591726,0.3477338494933515
72,74,0.2314837300634059,0.3360738869238442
72,75,0.22700369595167483,0.32432386605588204
72,76,0.22232773383503396,0.31253684416609395
72,77,0.21747648815696993,0.3007790516964107
72,78,0.21247734723924525,0.28922357412459354
72,79,0.2072762648287761,0.2778952076665189
72,80,0.2017088589520804,0.26656563961838686
72,81,0.19575234273392167,0.25531339824125066
72,82,0.18944704068898535,0.2443171283550738
72,83,0.18280318256283185,0.23359680871685418
72,84,0.17584735714232397,0.22316636685008784
72,85,0.16857434623429055,0.21299232823922276
72,86,0.16094602698743166,0.20300836146607193
72,87,0.15295915863360868,0.19320546807441952
72,88,0.1446922944779644,0.18369981300699656
72,89,0.13604169729503818,0.1744243394142223
72,90,0.12684748539910473,0.1651749355851827
72,91,0.11731756445222578,0.15598582782753834
72,92,0.10777002364115984,0.14682209525051892
72,93,0.09849022197875737,0.13740710858910565
72,94,0.08988461654025946,0.12741890950695867
72,95,0.08239800658978758,0.11642838571979819
72,96,0.07660000842521378,0.10430961630434021
72,97,0.07313263385893709,0.09179704599498484
72,98,0.07215581258219143,0.07960391370675468
72,99,0.07345757683961363,0.06769217854508791
72,100,0.07677837867012341,0.056065897521972885
72,101,0.0815085194798961,0.044787952324239155
72,102,0.08669659385456714,0.03357528080312977
72,103,0.09094086095989881,0.023125808577863283
72,104,0.0929084522644217,0.014648827428065947
72,105,0.09249519731580463,0.008606800234320144
72,106,0.09040072059187113,0.0051602569383477626
72,107,0.0872298434677858,0.0033537426010039617
72,108,0.08330238663534519,0.0021506110700508785
72,109,0.07892490799466718,0.0014512169285730847
72,110,0.07444925350777029,0.0011290296477688422
72,111,0.06999376944593398,0.0009759464413539032
72,112,0.06554433934082902,0.0008789390030560229
72,113,0.0610988872093801,0.000832797515207595
72,114,0.056671731516935914,0.0008054346523552747
72,115,0.0522635637106141,0.0007757646994553946
72,116,0.04789037187754944,0.0007434258240210934
72,117,0.043473814339865115,0.0007099437785953455
72,118,0.038896523184742335,0.0006742397263195254
72,119,0.03414005900944223,0.0006375199229012862
72,120,0.029221371937750644,0.0005998363948862551
72,121,0.024222069130114605,0.000561669077618232
72,122,0.019212684265173086,0.0005234357186634231
72,123,0.014191602356922281,0.00048512202975992125
72,124,0.009141126331415879,0.0004466556856118631
72,125,0.0040412938690625785,0.0004079856345269306
72,126,-0.0009305734775766651,0.0003702208753934011
72,127,-0.005591500249418439,0.0003344608037764152
72,128,-0.01010002976379684,0.00029973365507141025
72,129,-0.014601266054351912,0.0002651227447265647
72,130,-0.019084822895010067,0.0002306290604022765
72,131,-0.023556207540233475,0.00019619453782004914
72,132,-0.028016625970422124,0.00016190029934803896
72,133,-0.032464851025574566,0.00012787360761623567
72,134,-0.036911529924113104,9.436482361202536e-05
72,135,-0.04136860893689802,6.188016087271819e-05
72,136,-0.04582675281813295,3.262189299746421e-05
72,137,-0.05027555790640521,1.0983928912522423e-05
72,138,-0.05472710695624273,0.0
72,139,-0.059236923068520006,1.8007564331568027e-05
72,140,-0.06383741260895795,8.970434057642418e-05
72,141,-0.06848800456718632,0.00019631598869818134
72,142,-0.07321769143523044,0.0005706727725753868
72,143,-0.07798635067818883,0.0015401331191505774
72,144,-0.0823173474400483,0.0032802068384935046
72,145,-0.08553405167791091,0.00613353388809057
72,146,-0.08734538519716391,0.010388299559040526
72,147,-0.08708393051814146,0.017319547660361923
72,148,-0.08397919524463031,0.027703951243591263
72,149,-0.07898047053128966,0.03965200362840515
72,150,-0.07389882091434767,0.051807394938252815
72,151,-0.07014083976676311,0.06430093241227564
72,152,-0.06862790939226499,0.07726171012707439
72,153,-0.06973293708643574,0.09071169331107054
72,154,-0.07341267379781465,0.10391978353146503
72,155,-0.07921543112952655,0.11589398412253749
72,156,-0.08652310163766543,0.12643446758462595
72,157,-0.09479937757137062,0.13584050225690347
72,158,-0.10365949407941172,0.14457470748259638
72,159,-0.11280152489816156,0.15306168777457663
72,160,-0.12197650455240493,0.16155353040978349
72,161,-0.1310023790060611,0.17020486870588336
72,162,-0.13975722914555216,0.1790917540514252
72,163,-0.14819596910352098,0.18825275266011032
72,164,-0.15630179790199125,0.19765458874609743
72,165,-0.16405853513614405,0.20723958269047638
72,166,-0.17150291982552157,0.2170510156579779
72,167,-0.17868876243088425,0.2271757501100301
72,168,-0.18557570488115344,0.2375791751234405
72,169,-0.19211899233691584,0.24823142133034837
72,170,-0.19833520114996078,0.2591916413266878
72,171,-0.2042376420785549,0.2704396805084962
72,172,-0.2098395261119402,0.28190377023148394
72,173,-0.21517642623914715,0.2935425877321791
72,174,-0.2202872526725676,0.30527371099185285
72,175,-0.22517058175718438,0.3169489674152348
72,176,-0.22981030454101686,0.32848650030949034
72,177,-0.23421708191469623,0.3399994570171496
72,178,-0.23834871985218828,0.35160052285557886
72,179,-0.242129708113967,0.3633385716916969
72,180,-0.24547501856861792,0.37500285591715155
72,181,-0.24834116305335166,0.3863101872356758
72,182,-0.25082379056086596,0.39747552474529246
72,183,-0.2529769155069562,0.4086897083148674
72,184,-0.25477794219251093,0.4198973823686447
72,185,-0.2562553239255853,0.4311139460327188
72,186,-0.2574709235877049,0.4423395833074213
72,187,-0.25848558565251983,0.4535571770354383
72,188,-0.2593373994824918,0.4647942304265812
72,189,-0.26003263311521463,0.4759514849686851
72,190,-0.2605578969200237,0.48686523736906817
72,191,-0.26089456913526304,0.4974773370229171
72,192,-0.2610125264865039,0.5077906728864412
72,193,-0.2608799511782017,0.5179870000496123
72,194,-0.26049083550297636,0.5282186782374139
72,195,-0.2598590295861869,0.5384812966975492
72,196,-0.2589899577328997,0.5487765752955077
72,197,-0.2578519400263321,0.5591087974534432
72,198,-0.2563664691090178,0.5694578574319119
72,199,-0.25445716989231537,0.5796247270665043
72,200,-0.2520754067923156,0.5894082259295556
72,201,-0.24917846714276062,0.5989035591995682
72,202,-0.24573992830618557,0.6082331658452826
72,203,-0.24173625289311915,0.6173638745994432
72,204,-0.23713582576350503,0.6262092981375771
72,205,-0.23195540105903487,0.6347111090733737
72,206,-0.22628841785799578,0.6428594749307337
72,207,-0.2202472467127986,0.650670370093672
72,208,-0.21351325078088187,0.6584470584087665
72,209,-0.20566653357040376,0.6663570457225677
72,210,-0.1970041376005245,0.6739151627979629
72,211,-0.18783892557283655,0.6809412599272273
72,212,-0.1781842394384835,0.6877334869036511
72,213,-0.16820701215969827,0.6943279444390721
72,214,-0.15801714056942007,0.7006158714886037
72,215,-0.14767603771445512,0.7066254178772122
72,216,-0.13740879484308655,0.712650644844272
72,217,-0.1275370917540323,0.7192472094004403
72,218,-0.11844897622932637,0.7268497713510174
72,219,-0.11050463934400558,0.7355172361119016
72,220,-0.10382838285380251,0.7450120506956079
72,221,-0.09823515235183446,0.7550418479869523
72,222,-0.09339623566048721,0.7655153848828496
72,223,-0.08919716840719859,0.7767686518538178
72,224,-0.08580612424232681,0.7893244818913889
72,225,-0.08331558351054483,0.8031283349163404
72,226,-0.08147521357971377,0.8178754765864351
72,227,-0.07998888497015198,0.8333493208302789
72,228,-0.07885345602623807,0.849425644016755
72,229,-0.07835468428071884,0.8666030507633444
72,230,-0.07911211263046944,0.8849852491606212
72,231,-0.08257954983122252,0.9042190661467464
72,232,-0.09131648337320224,0.9251597613001935
72,233,-0.10763305303661408,0.9473375460536724
72,234,-0.1301299262311379,0.9680800233795935
72,235,-0.14895497883583464,0.9841656464899112
72,236,-0.1539749308774068,0.9932497536806081
72,237,-0.14777431288087395,0.9970270091502704
72,238,-0.13755994724528017,0.9983556486615359
72,239,-0.12617129966650664,0.998666382916292
72,240,-0.11444762031389072,0.9987980591073953
72,241,-0.10256622050487832,0.9988872637880065
72,242,-0.09055341154672146,0.99897189545413
72,243,-0.07838115800880623,0.9990572190686989
72,244,-0.06611865820334266,0.9991426985180736
72,245,-0.05391524879113955,0.9992271919804047
72,246,-0.04177119790517319,0.99931102159842
72,247,-0.0296317641155035,0.9993948504587166
72,248,-0.01749254654186531,0.9994787252929526
72,249,-0.0053492812551233365,0.9995626709830497
73,0,-0.004456406024942366,0.9987773945276449
73,1,0.009172336424365731,0.9988965478020487
73,2,0.02281102746368451,0.9990157492938136
73,3,0.036466569270962194,0.9991350251583059
73,4,0.050146051644109124,0.9992544112370617
73,5,0.06364617264634598,0.9993725145540923
73,6,0.07677161162566,0.9994879397408142
73,7,0.08974178402003324,0.9996021482536104
73,8,0.1025114765492335,0.9997134968735616
73,9,0.11480985414365845,0.9998187198759692
73,10,0.12686737289942807,0.9999211775214062
73,11,0.1388816797798527,1.0
73,12,0.15029511746140542,0.9996646510552148
73,13,0.15872100860945348,0.9976448772436883
73,14,0.15617767125051818,0.9907058185869319
73,15,0.13783993400306924,0.977043887329553
73,16,0.1133943162869821,0.959059148614349
73,17,0.09429174283240495,0.9393806917473237
73,18,0.0828835165914711,0.9198083040861499
73,19,0.0770317045645536,0.9008718667907624
73,20,0.07462340529014451,0.8818842353463987
73,21,0.0744006447057151,0.8634032108053438
73,22,0.07527563422268714,0.8462648806636984
73,23,0.07656243550983566,0.8305725078110153
73,24,0.07800719700863767,0.8162305200728759
73,25,0.07955399571789934,0.8025830060554081
73,26,0.08128512722893697,0.7891943199406751
73,27,0.08352427847006072,0.7762135802889486
73,28,0.08657045671807244,0.764183066052059
73,29,0.0903093785365228,0.7535823505276705
73,30,0.09453713088336181,0.7437900957360266
73,31,0.09947664145657142,0.7341516501198282
73,32,0.10567360458642723,0.7248240139841704
73,33,0.11365744268895354,0.7162851220859858
73,34,0.1235848824381093,0.7089067130814739
73,35,0.13488122462360533,0.7027435919189142
73,36,0.1466576205999007,0.6972354639141718
73,37,0.15820763361175633,0.6914675265030268
73,38,0.16916943365816592,0.6848600605632634
73,39,0.17952778440109912,0.677355914023553
73,40,0.18921718770205212,0.6693021789407199
73,41,0.19799066219885636,0.6611397589130716
73,42,0.20585025153439945,0.6530072215202474
73,43,0.21303230486292674,0.644905200121538
73,44,0.21968359530765413,0.6369288355308408
73,45,0.22596551174563487,0.6289576446485189
73,46,0.2319562004169806,0.620761173633908
73,47,0.23757645738160413,0.6122601641528665
73,48,0.24273874974108775,0.6034593092835988
73,49,0.24734959426215433,0.5944473263451737
73,50,0.25135603434378334,0.5852752367041612
73,51,0.25477051132843015,0.575871205913691
73,52,0.2576106100903982,0.5662281111640504
73,53,0.25989585368037915,0.5563923933992394
73,54,0.2616822134613063,0.5463929408464512
73,55,0.26307470844533953,0.5362177055137245
73,56,0.26417891844622504,0.525849171971132
73,57,0.2650321085731734,0.5154000858003891
73,58,0.26560472735654117,0.5049581261723689
73,59,0.2658548824885098,0.49450691466222496
73,60,0.26578803433050807,0.4840343342156177
73,61,0.26545887056098644,0.4735475607375855
73,62,0.26491895314346997,0.46306429493491397
73,63,0.26418043564637056,0.4523895726285424
73,64,0.26325419105301995,0.4412991113257432
73,65,0.2621788984445664,0.42994689736681624
73,66,0.2609478206135994,0.4185585330492143
73,67,0.2594534506412847,0.407227658642102
73,68,0.25758567166234697,0.39598073127240296
73,69,0.25532028530810796,0.3845671847138299
73,70,0.2526705919867364,0.37276564424560144
73,71,0.24963100408597622,0.36082981048450646
73,72,0.24615920966192928,0.34900079085250035
73,73,0.2422536107761934,0.33727846124886673
73,74,0.23795841902321546,0.32553330273080483
73,75,0.23334044951303545,0.3136044233655263
73,76,0.22851630192968725,0.30157013712243763
73,77,0.2235441260065188,0.28956399372770114
73,78,0.21849536081761617,0.2778706337108261
73,79,0.21330884449581278,0.2665433286551463
73,80,0.20770509110515653,0.2551535748121656
73,81,0.20162192624471173,0.24374528819759467
73,82,0.19513465053969942,0.23261181785276852
73,83,0.1882865666967858,0.22182963514787446
73,84,0.18114319370891793,0.21143756698365168
73,85,0.173702127553012,0.20135772569448906
73,86,0.16589250014576173,0.19144455214876255
73,87,0.15768498373235315,0.18164274480465947
73,88,0.14916980777871025,0.17208603916173693
73,89,0.14040382386582143,0.16287170335111856
73,90,0.1313749253906874,0.15392968908640348
73,91,0.12214729749547712,0.14514884730586985
73,92,0.11288553496413996,0.13635698474433655
73,93,0.1038660656072034,0.12728944364772943
73,94,0.0955103420431724,0.11764011247822626
73,95,0.08827935471162252,0.10690773718644475
73,96,0.08268118168668233,0.09474436822749199
73,97,0.0793474520763517,0.08212370528022273
73,98,0.07842880961787202,0.07032155751271896
73,99,0.0795353927836786,0.05920318700387106
73,100,0.08235212953528177,0.0484533289654665
73,101,0.08637908417317901,0.03804145901403033
73,102,0.09075641336065945,0.027633771919040262
73,103,0.09406133400632277,0.018361767499583737
73,104,0.09521440818848345,0.011715151236670884
73,105,0.09461802566850833,0.007190055394016848
73,106,0.09269279142561018,0.004397626617696049
73,107,0.08965935183870528,0.0029234148059833487
73,108,0.08599374865819373,0.0019692804144225695
73,109,0.08180585091671781,0.0014636191853597547
73,110,0.07725991610483142,0.0012747303075472116
73,111,0.07264603374695765,0.001190468787205523
73,112,0.06805270227558359,0.0011473792731605537
73,113,0.06348795907939914,0.0011236571380337512
73,114,0.05895020224909296,0.0011013915328309531
73,115,0.0544263903135716,0.0010710714216454198
73,116,0.04993388194932552,0.0010334760424951517
73,117,0.04548033520600708,0.0009940466440846452
73,118,0.04102985284022943,0.0009532433008018204
73,119,0.03643339833451214,0.0009114259813954861
73,120,0.03157875817251568,0.000867804124754401
73,121,0.026594112585117905,0.0008232671475754127
73,122,0.021596093045901977,0.0007786307998366437
73,123,0.0165818979347993,0.0007338747527886325
73,124,0.011531184044080173,0.0006889040677415803
73,125,0.006422549436526147,0.0006436491581937043
73,126,0.0013994858816246969,0.0005990739708483517
73,127,-0.0033899580783408392,0.0005561289479905085
73,128,-0.008065510656854067,0.0005140278846975654
73,129,-0.012732732513976754,0.0004720505854308721
73,130,-0.01738081722046756,0.0004302046652728819
73,131,-0.0220126485576286,0.00038843194881699183
73,132,-0.02661979294315721,0.00034688895130385866
73,133,-0.031197638775654495,0.00030577313207535983
73,134,-0.03575964940295918,0.00026470454121008125
73,135,-0.04031729659774982,0.0002235719362960742
73,136,-0.044867445548698065,0.0001830352379907918
73,137,-0.04940363518062241,0.00014169563259758267
73,138,-0.053937056138192836,0.00010048280263486031
73,139,-0.058586392757662864,6.492110839584342e-05
73,140,-0.0634523342165005,3.4631756133274294e-05
73,141,-0.06844293775672844,0.0
73,142,-0.07330894955647027,0.00019534041732582885
73,143,-0.07786747650258712,0.0008876710181399128
73,144,-0.081924025465046,0.0022516173215103574
73,145,-0.08501451068099605,0.004690772283601818
73,146,-0.08685526461690604,0.008638134764615057
73,147,-0.08688020221461483,0.01511577211118409
73,148,-0.08455255684491456,0.02431439309666239
73,149,-0.0807878648507529,0.034577799155408484
73,150,-0.07698016171352988,0.045011710318613285
73,151,-0.07411648524229442,0.055751724823634774
73,152,-0.07291515542376333,0.06714117329208946
73,153,-0.07380886582395016,0.07956826042578158
73,154,-0.07708588883694185,0.09248191809237227
73,155,-0.08269002551640231,0.10479416966602761
73,156,-0.09007381142558624,0.11580615931808047
73,157,-0.09854205489774875,0.12544850996041024
73,158,-0.1076321975554565,0.13427488078167404
73,159,-0.11701010651961256,0.1428264811363259
73,160,-0.12639738705752265,0.15138226452891435
73,161,-0.13561363295044293,0.1601093899477617
73,162,-0.14454948665408754,0.16908232162532932
73,163,-0.15317568489176223,0.17832827818305086
73,164,-0.16148550226990552,0.187799604660005
73,165,-0.16943287237437848,0.19740584517983195
73,166,-0.17704132118441196,0.20719875124485965
73,167,-0.18439913753953915,0.21733925979174096
73,168,-0.19145242043033897,0.22780796242961876
73,169,-0.1981210623915909,0.23855519040896112
73,170,-0.20441970855763014,0.24964693408657668
73,171,-0.21037434480522046,0.2610696746792416
73,172,-0.2160254800671982,0.2727507392478181
73,173,-0.22143780694209245,0.28463130144637605
73,174,-0.2266624263719551,0.29660542400886547
73,175,-0.23166904368595412,0.3084443744266313
73,176,-0.2363990382136582,0.3199990995036873
73,177,-0.24085784816336192,0.33146750187694296
73,178,-0.24499139240140655,0.34305436407700485
73,179,-0.24870498512089678,0.35481397826071426
73,180,-0.2518953772678417,0.36632878464839125
73,181,-0.2545419796272582,0.37708763501320486
73,182,-0.2568406194257608,0.38747063243089497
73,183,-0.25888452946416357,0.39789399252247937
73,184,-0.2606249903116699,0.4083397589007388
73,185,-0.26209919309562935,0.41881986701772744
73,186,-0.263395087585574,0.4293171151600933
73,187,-0.2645703599161446,0.4397940241171884
73,188,-0.265622981388182,0.4502641405973725
73,189,-0.26651970961451116,0.46076612825262586
73,190,-0.2672242033678207,0.47127125127061087
73,191,-0.26770059316399947,0.4817162744649176
73,192,-0.2678991719305041,0.4921150634265661
73,193,-0.2677636713271551,0.5025030635365926
73,194,-0.2672843904153131,0.5128720519683894
73,195,-0.2664991465198554,0.5232042850754708
73,196,-0.26543834029092644,0.5334898308456434
73,197,-0.26407302486356515,0.5437311923392391
73,198,-0.26230381486374266,0.5539124473401148
73,199,-0.26001653194919566,0.5639690270875559
73,200,-0.25714045754242265,0.5738388449594314
73,201,-0.2536687147550295,0.5835006463359116
73,202,-0.24962909450031479,0.5929559417873069
73,203,-0.24504887742246334,0.6021822779878314
73,204,-0.23994248917740255,0.6111171971937719
73,205,-0.2343280729256363,0.6197289116303106
73,206,-0.22829253788879877,0.6280445152653098
73,207,-0.22197770165069136,0.6361552638309378
73,208,-0.2153131294991002,0.6443003343658802
73,209,-0.20805078651400224,0.6525836685584195
73,210,-0.20017135554252904,0.6606887709989168
73,211,-0.19165269150793535,0.6685002876719338
73,212,-0.1824211121376498,0.676161990791827
73,213,-0.17264045003282893,0.6834304258096078
73,214,-0.16235472815804036,0.689931724998748
73,215,-0.15153654278331571,0.6956240740715292
73,216,-0.14050514737930878,0.7009609354771961
73,217,-0.12986003699348253,0.7068116979876238
73,218,-0.12027478502840715,0.7138958307439742
73,219,-0.11223937818195195,0.7224003544586386
73,220,-0.10587501643141642,0.7319253017889676
73,221,-0.10084205939593767,0.7418837831736316
73,222,-0.09653915236657425,0.7520857151881087
73,223,-0.09272645396083289,0.7631822312418441
73,224,-0.08968107538006237,0.7761918633549321
73,225,-0.0876031812086232,0.7907994600358033
73,226,-0.08613256916061728,0.8062389303708719
73,227,-0.08480862118069799,0.8225353781092549
73,228,-0.08363509713146926,0.8399083859148181
73,229,-0.08289362318545385,0.85869997502352
73,230,-0.08314114247072937,0.8785701224873087
73,231,-0.08552173577971094,0.8986053203317912
73,232,-0.09310400786809862,0.9205753867371538
73,233,-0.11090816115376925,0.945511252390532
73,234,-0.13921763364683978,0.9691333156599378
73,235,-0.1639509463746395,0.9862249198101722
73,236,-0.17024170086958657,0.9947655599264452
73,237,-0.16220536699118104,0.9974479373029507
73,238,-0.1499047274726736,0.9980364890453877
73,239,-0.13684689085905774,0.9981370779033676
73,240,-0.12378842985198081,0.9982476306147586
73,241,-0.1107362271289616,0.9983618196723083
73,242,-0.09768333452748051,0.9984764648551179
73,243,-0.08453027789902473,0.99859185591291
73,244,-0.07130123320006407,0.9987072439669231
73,245,-0.05819461066827009,0.9988206699944837
73,246,-0.04519838842537318,0.9989327677493162
73,247,-0.03221624250417277,0.9990448022544042
73,248,-0.019244317385150304,0.9991568458001888
73,249,-0.0062749635919904356,0.9992689584919867
74,0,0.002750044699230363,0.9988397048351682
74,1,0.015823674413093982,0.9987563352013962
74,2,0.028907065480778774,0.9986729524490916
74,3,0.04200577153332101,0.9985895284247737
74,4,0.05512010753627896,0.9985060440985046
74,5,0.06821303246969472,0.9984226146044272
74,6,0.08119855822804962,0.9983396468889788
74,7,0.09385615311021714,0.9982580107407935
74,8,0.10605090377580959,0.9981776343108766
74,9,0.11779521626768602,0.9980933759812778
74,10,0.12903525036938335,0.997971564899489
74,11,0.1397010796711579,0.997636744848633
74,12,0.14917008964428835,0.9961711452811791
74,13,0.15546999614868381,0.9916905659013605
74,14,0.15573754673963233,0.9812682834953987
74,15,0.14963656230163083,0.964691028770392
74,16,0.14044132132586515,0.9458439287285224
74,17,0.13111061391319914,0.9273187556538108
74,18,0.12251059291987411,0.9093429992309019
74,19,0.11527838697868262,0.8916384801086067
74,20,0.11019337529515924,0.8738454322935943
74,21,0.10740588758684169,0.85686278899396
74,22,0.10644443490777682,0.8422765442958244
74,23,0.10652769465162003,0.8295883032403646
74,24,0.10730055627739804,0.8172197772983407
74,25,0.1088768235221647,0.804893509362852
74,26,0.11133200894456353,0.793521912031606
74,27,0.11450072487962179,0.783742569731669
74,28,0.11830505584319871,0.7748809044539418
74,29,0.12279010918936621,0.7662050172865327
74,30,0.12795064276215404,0.7578287599451483
74,31,0.13389407247360935,0.7499002504849586
74,32,0.14083876391923972,0.742417793845278
74,33,0.14878943391210975,0.7354919178560039
74,34,0.15792644845323253,0.7290142921460936
74,35,0.16847904201164718,0.7227564900557886
74,36,0.1799206842118588,0.7168855648230118
74,37,0.1916259213657198,0.7115612624053889
74,38,0.20342101148137187,0.7066633188090641
74,39,0.2152150567291435,0.7019777281866182
74,40,0.22687557410198492,0.6971240415127646
74,41,0.23806017966630683,0.6916421554581278
74,42,0.24824323571958848,0.6851637908722796
74,43,0.25685020998511376,0.6777720302813688
74,44,0.2635561158239298,0.6700469782324497
74,45,0.26889645665836126,0.6622064456705006
74,46,0.2735861393825458,0.6540909474794747
74,47,0.2777829904648328,0.645705910205957
74,48,0.28140518550722315,0.636926083965198
74,49,0.28428105256481934,0.6276173253716502
74,50,0.2863303627759445,0.617970215588057
74,51,0.2877153484968594,0.6081221769115202
74,52,0.2886794454415429,0.5981153727285475
74,53,0.28938405964847774,0.5879784277451852
74,54,0.2899077445665264,0.5776752546316064
74,55,0.29028528693795436,0.567242021624626
74,56,0.2905447073177642,0.5566993189118451
74,57,0.29072740780375783,0.5456952043023897
74,58,0.29088376995658694,0.5339306945632682
74,59,0.2910310048399022,0.5218027709078638
74,60,0.2911132664057345,0.5096079874957048
74,61,0.29103942169290803,0.49727311865741697
74,62,0.29076054749488844,0.48483963754187276
74,63,0.2902837622953902,0.47235365165984133
74,64,0.2896157272695692,0.4597598272381789
74,65,0.28872008012947514,0.447003101457664
74,66,0.28752561379098285,0.43411804944051735
74,67,0.2859818117248508,0.4211763177960479
74,68,0.2840907383178226,0.40826717078582286
74,69,0.2818675076992352,0.3953999633765234
74,70,0.279330023650606,0.38256699773974767
74,71,0.27649612603877255,0.3698704166582947
74,72,0.2733408950197924,0.35734718710428526
74,73,0.269771008237383,0.3448461259504797
74,74,0.2657262534189844,0.3322931831566357
74,75,0.26125629856360066,0.3198391267626568
74,76,0.25640824461713846,0.30754907471588
74,77,0.25122127225528046,0.295372359020018
74,78,0.2457885561255387,0.28330726524877914
74,79,0.24018674093137785,0.2713365500663757
74,80,0.23442582872535944,0.2594087181290905
74,81,0.22848527858442053,0.24754887088961153
74,82,0.2223416164152826,0.23583569326600273
74,83,0.21596490284022557,0.22432037839987407
74,84,0.20932175400170075,0.2130382971171163
74,85,0.20236456280447185,0.2019759299905891
74,86,0.19504816385679943,0.19110801852768033
74,87,0.18731646286229384,0.18042047942547101
74,88,0.1791288480457766,0.16993300300083103
74,89,0.17056770660023057,0.15979105002422522
74,90,0.16169907614165147,0.15006233179872652
74,91,0.152483169272484,0.14062856486405395
74,92,0.14295338529417245,0.13139722928253994
74,93,0.133260009340994,0.12229062559924575
74,94,0.1236903717120065,0.11313478678331013
74,95,0.11470183489699115,0.10362737067435457
74,96,0.10695872464319295,0.09333092358199391
74,97,0.10153683561238834,0.0819559228327652
74,98,0.09951251662117316,0.07030709674501157
74,99,0.10091887278813641,0.05953562119066169
74,100,0.10466967523252393,0.049525353520630255
74,101,0.10951281082439025,0.03972596380379578
74,102,0.1142827392666329,0.029983596054259487
74,103,0.1177204453454836,0.02085340414187875
74,104,0.11907259477383729,0.013109723576691046
74,105,0.11807821797097612,0.007354056469530912
74,106,0.11496511649068182,0.00383398137675528
74,107,0.11042099937873538,0.0018282171580843443
74,108,0.1048531388208424,0.0007170042750798133
74,109,0.09865276178266817,0.00021792812788157256
74,110,0.09215630911146584,2.9630120718771025e-05
74,111,0.08549859803051872,0.0
74,112,0.07882709403279413,3.115617935578463e-05
74,113,0.07220298519731104,8.90160932682793e-05
74,114,0.06559698531729252,0.00015362312951061607
74,115,0.05895724908906415,0.00021006736882722699
74,116,0.05232987247945515,0.0002578071203573895
74,117,0.04575003855493659,0.0003029611702107804
74,118,0.03917209680668879,0.0003464288021249873
74,119,0.032552884510667915,0.00039001618480394296
74,120,0.025894317464260526,0.0004337671850312974
74,121,0.019215139373449156,0.00047758703257727575
74,122,0.012520602835865556,0.000521408901113185
74,123,0.0058074313778605745,0.000565232440298935
74,124,-0.0009474962695125631,0.0006091231494244065
74,125,-0.007768640605409581,0.0006531861051751742
74,126,-0.014591197595611095,0.0006972095250541432
74,127,-0.021346117488623317,0.0007409184002743485
74,128,-0.027849185494847033,0.0007826885285645568
74,129,-0.033888597984360565,0.0008208026017887393
74,130,-0.03966828286388754,0.000856988103856815
74,131,-0.04542326465111589,0.0008930835996394659
74,132,-0.051162636618650975,0.0009291372218489524
74,133,-0.0568954915381772,0.0009652638220907228
74,134,-0.06262533862191588,0.0010012310354151621
74,135,-0.06835505343557095,0.0010371089436782555
74,136,-0.07408601547317367,0.0010736383527524263
74,137,-0.08001141780226129,0.0011120605813411677
74,138,-0.08633459881636373,0.00115915142406664
74,139,-0.0928721535325413,0.0012276310228009901
74,140,-0.0994623907925845,0.0013511883841561545
74,141,-0.10610182317019334,0.0015951321987190958
74,142,-0.11256102291552605,0.002113193985045503
74,143,-0.11850976461430628,0.003121778478122006
74,144,-0.12356120293361429,0.00498527973914098
74,145,-0.12733006282561274,0.008150115492679522
74,146,-0.12921918306343555,0.013462296914224847
74,147,-0.12850361846166033,0.021353999004757318
74,148,-0.12531472687915962,0.030798593563252874
74,149,-0.12055268180702673,0.040781807568551875
74,150,-0.1154440854181147,0.05089443468015853
74,151,-0.11136888697376436,0.0610788817013318
74,152,-0.10940871505032189,0.07140419531453301
74,153,-0.11011468839664083,0.08167536969490963
74,154,-0.11344738802258864,0.09153692114414691
74,155,-0.1193033097265809,0.10108067254050734
74,156,-0.12739765576047013,0.11065034266047613
74,157,-0.13664686020727146,0.12000509723529829
74,158,-0.14611010213552378,0.12906390528354705
74,159,-0.15548398804407215,0.13814508957571248
74,160,-0.16462140496185557,0.1474380805357388
74,161,-0.1734182937267647,0.15699296888104575
74,162,-0.1817594361876338,0.16675797047066943
74,163,-0.18959309957435144,0.1766868037609448
74,164,-0.19700690315402103,0.18684546588672446
74,165,-0.20409828618362028,0.19731361429326966
74,166,-0.21088654343943708,0.2080602821529527
74,167,-0.21736575413216738,0.21901534549642732
74,168,-0.2235378895717654,0.2301246832791739
74,169,-0.22944146943804994,0.2413764025990267
74,170,-0.23510496470765754,0.25273733824479805
74,171,-0.2405184447404241,0.26408292076771456
74,172,-0.24572798860510497,0.2754272494521143
74,173,-0.25078605383645586,0.28687695855036754
74,174,-0.25565724355874975,0.2984063894294702
74,175,-0.2602774370794601,0.30999364563058274
74,176,-0.26460368869874346,0.3216727258091042
74,177,-0.26860951518403625,0.3334499909914217
74,178,-0.27227260850345875,0.34531308861207133
74,179,-0.27558135076322693,0.3572871120802146
74,180,-0.27855639383945224,0.36946164873373366
74,181,-0.2812358195102904,0.38189788618594733
74,182,-0.2836302658315758,0.39452864098088103
74,183,-0.28571199187954716,0.4072391702008048
74,184,-0.2874493625793204,0.4199854565946851
74,185,-0.2888483689861149,0.43278554209645803
74,186,-0.2899337730753069,0.4456281548117411
74,187,-0.29071820625927763,0.4584571636714255
74,188,-0.29123222726750325,0.47122180574840833
74,189,-0.2915221540952322,0.4839110971144014
74,190,-0.2915968690136739,0.4965407918081757
74,191,-0.2914603375021548,0.5091093396652586
74,192,-0.29118817328101393,0.521638595369383
74,193,-0.2908772316845444,0.534166997319994
74,194,-0.2905383621347523,0.5466867934022221
74,195,-0.2901067906626413,0.5591751063421299
74,196,-0.28954841233551504,0.5715114719559387
74,197,-0.28888648646977944,0.5832503198584843
74,198,-0.2881132942568111,0.5941317662946923
74,199,-0.2871547684360087,0.6045457212166993
74,200,-0.2858804143716924,0.6148363002457242
74,201,-0.28406953969216575,0.6249931911852761
74,202,-0.2814650910019407,0.6349493454559113
74,203,-0.2779511620568985,0.6446472836481438
74,204,-0.2736356431168465,0.6540573726396457
74,205,-0.2686525068362778,0.6632148601972172
74,206,-0.2629102990601911,0.6721093920734781
74,207,-0.25590828237846514,0.6806873918729914
74,208,-0.24715686258784442,0.6886893540178851
74,209,-0.23685193212821956,0.6955722669898101
74,210,-0.22558226805151693,0.7011708573960604
74,211,-0.21385824792979527,0.7058733620814982
74,212,-0.20201222054062762,0.7102135626463361
74,213,-0.1901973049799046,0.7146264527277959
74,214,-0.1784862560735012,0.7193743681030691
74,215,-0.16696583675144672,0.7246470943265807
74,216,-0.15613486881437572,0.7304389238301439
74,217,-0.1466023357463188,0.7366287975469259
74,218,-0.13828164043476468,0.7433154624967695
74,219,-0.13093660284268172,0.7505602688635964
74,220,-0.12452399738065097,0.7583025242147896
74,221,-0.11884980414858631,0.7666279619263519
74,222,-0.11381074120929112,0.7755701045313398
74,223,-0.10948378709188103,0.7849687555810764
74,224,-0.10596617976410072,0.7946926559799318
74,225,-0.10325269009649325,0.8053991395928934
74,226,-0.10130103127833207,0.8177784511241077
74,227,-0.10012683488796008,0.8311204255754291
74,228,-0.09974571221771558,0.8453015560601692
74,229,-0.10047813734943019,0.8612236283803887
74,230,-0.10294737764784054,0.8783675250778884
74,231,-0.10774358537258688,0.8958543045367715
74,232,-0.11492505237246804,0.9135875674751711
74,233,-0.12404605539726123,0.9318706376754472
74,234,-0.1342213809669043,0.9513839638518509
74,235,-0.142862147221756,0.9714961784873442
74,236,-0.1461238665260678,0.987742995860937
74,237,-0.14251653277246132,0.9961531181966543
74,238,-0.1341128629810537,0.9990269851355466
74,239,-0.12349742933025089,0.9998992185358723
74,240,-0.11197204736124138,1.0
74,241,-0.09999973557579833,0.9999350367456201
74,242,-0.08782453064438674,0.9998555818804377
74,243,-0.07561143495188971,0.9997752637889075
74,244,-0.06339575987271998,0.9996949376211178
74,245,-0.051257906158596656,0.9996149067337682
74,246,-0.03925901028841663,0.9995354697500899
74,247,-0.027333913668131277,0.9994563618829215
74,248,-0.01541602517341484,0.999377298789497
74,249,-0.003499718170709673,0.9992982685109801
75,0,0.0007993339668106046,0.9997886528722366
75,1,0.014289306930888507,0.9997734154773468
75,2,0.02778921712399838,0.9997581635955487
75,3,0.04130302893626559,0.9997428909130395
75,4,0.05482537280806994,0.9997275973334323
75,5,0.0683158570774521,0.9997123024333325
75,6,0.08163924274151489,0.9996973697198291
75,7,0.09428228036245312,0.9996833924114947
75,8,0.10592178127453034,0.9996694870444606
75,9,0.11697955348522546,0.9996489096593845
75,10,0.12775513988984832,0.9995973069728042
75,11,0.13806392828595293,0.9994520694191458
75,12,0.14717024496763761,0.9990404422605672
75,13,0.15337484464089948,0.9968063014564071
75,14,0.15384344094802618,0.9873760494474891
75,15,0.14706798837868412,0.9682561416662978
75,16,0.13567723419416183,0.9451531557758227
75,17,0.1237874898407386,0.9238981452585205
75,18,0.11361049200401105,0.9058690709668042
75,19,0.1057497820074946,0.8895063699769612
75,20,0.10020690634376896,0.8732123656447517
75,21,0.09683602905269169,0.8570522987244886
75,22,0.09532928080775564,0.8423519791142293
75,23,0.09516907331538133,0.829994067750737
75,24,0.09597940189173454,0.8186313326262415
75,25,0.09771946749620715,0.8073671618151261
75,26,0.10044406637370477,0.7966735575473215
75,27,0.10406092831100225,0.786767224424083
75,28,0.10848269665821847,0.7775363526415202
75,29,0.11371051940756108,0.7686893052911428
75,30,0.119709313005294,0.7602652795709375
75,31,0.12668070032719797,0.7523022555703867
75,32,0.13507388103747986,0.7446671261227796
75,33,0.1448150638754224,0.7375841598837214
75,34,0.15536565141277742,0.7312796991011439
75,35,0.1663832489320074,0.7255705946452266
75,36,0.1776668218459452,0.7201774226222681
75,37,0.188999360687914,0.7149538588360183
75,38,0.20027384452757432,0.709803759628779
75,39,0.2114285457086451,0.7045907145105368
75,40,0.22235569724704152,0.6990311029517604
75,41,0.23261181334154865,0.6929219321010526
75,42,0.24162905101143145,0.68622924052023
75,43,0.24946276261604075,0.6787243068299044
75,44,0.25617182837987074,0.6705916692647558
75,45,0.2617360358107879,0.662414553390952
75,46,0.2666429201484664,0.6542355577635968
75,47,0.27115175839960487,0.6459122776368579
75,48,0.2750740690085478,0.6373641791940339
75,49,0.27819537193751653,0.6285183965238695
75,50,0.28049331674959294,0.6194141342113071
75,51,0.2821819079885455,0.6099967924777101
75,52,0.2834878368587042,0.6002520449966795
75,53,0.2845367847331199,0.5901853844979079
75,54,0.28538991832270594,0.5797497603287591
75,55,0.28606616928063305,0.5690766408219226
75,56,0.28657788406766593,0.5582392622920009
75,57,0.286984552279714,0.5472116729437029
75,58,0.28739088991867,0.5360857220473514
75,59,0.2878513006143838,0.52494769351263
75,60,0.2882700330974179,0.5136790378924643
75,61,0.2884780748863559,0.5021382812176634
75,62,0.28840142812496466,0.49045540599800963
75,63,0.28807444866377313,0.4787661564950616
75,64,0.28751797204528995,0.4669390076415182
75,65,0.2866979115145115,0.4548397214067327
75,66,0.28555895326614844,0.44260026881058623
75,67,0.2840304840741219,0.430391220518594
75,68,0.28207082080065043,0.41827830223609486
75,69,0.2797173504965373,0.4061466541952802
75,70,0.27706325457566916,0.3938457664382492
75,71,0.2741788522520658,0.38147602364402644
75,72,0.2710423057296113,0.36914320296610104
75,73,0.2675533794243181,0.3568249413503112
75,74,0.26363130954012987,0.34456586816077295
75,75,0.2592767325753724,0.3324899111549383
75,76,0.2545114035090968,0.320618315002382
75,77,0.24936777386659903,0.3088709262940975
75,78,0.24392253413858245,0.29722814583422197
75,79,0.23822799411654624,0.28569384017661603
75,80,0.2322781460303441,0.2742352187522741
75,81,0.2260602948661894,0.26288483367643734
75,82,0.21956338519172716,0.25172282397158907
75,83,0.21272575063064184,0.24074014548859168
75,84,0.20548966608711558,0.22991624735325622
75,85,0.1978535515629247,0.21927968982248536
75,86,0.18983440510260294,0.20884922827289332
75,87,0.18136809168739856,0.19858657105405886
75,88,0.17238272599162885,0.1884817407301378
75,89,0.1629865959483441,0.17866106356156397
75,90,0.15327962814737536,0.16915130751773855
75,91,0.14329570238741945,0.15986022573976078
75,92,0.13316523890497822,0.15070980991324945
75,93,0.12310504620981694,0.14153734206824875
75,94,0.11351001080268389,0.13210512028265642
75,95,0.10490104044594492,0.1221356490235348
75,96,0.09778916029122192,0.11126139698139581
75,97,0.09296296846638016,0.09931795449708292
75,98,0.091461558428019,0.0865978083194412
75,99,0.09393965565248905,0.07365815388878505
75,100,0.099944588199268,0.06106779651522565
75,101,0.10787138522827444,0.048871988888809614
75,102,0.11584962305834177,0.03648015180684061
75,103,0.12194904419838097,0.024478309971536327
75,104,0.12471459483550712,0.014607734715531007
75,105,0.12411659772945355,0.007818115593538288
75,106,0.12103256241628339,0.0039433991999420215
75,107,0.1163259905838113,0.001878815917235599
75,108,0.11054166009842,0.0007623678562564962
75,109,0.10420436204150392,0.00027195798051249387
75,110,0.0976024902082604,7.371640669051605e-05
75,111,0.0907842516761378,6.905338431062447e-06
75,112,0.08390918249318544,0.0
75,113,0.07707267512416589,2.2216473393954494e-05
75,114,0.07025969035243662,5.371438843193577e-05
75,115,0.0634339007879549,7.735164743860601e-05
75,116,0.05662814023651249,9.220863925774037e-05
75,117,0.04986392980555138,0.00010460841875925553
75,118,0.04309604195581273,0.00011531953538057582
75,119,0.03628315882303406,0.0001260666498560381
75,120,0.029428287698172892,0.0001368989949351862
75,121,0.022551657327769245,0.0001477624975488867
75,122,0.015659540561927653,0.0001585969527099218
75,123,0.008748581935576526,0.00016939389668724214
75,124,0.0017959684105668767,0.00018016078561611248
75,125,-0.005222683658440586,0.00019094344617021086
75,126,-0.012198469407985857,0.00020164303085301594
75,127,-0.019018283989885667,0.00021210583091568758
75,128,-0.025745843954328718,0.0002224515964699414
75,129,-0.0324143406245102,0.0002327883066267633
75,130,-0.03901453529599856,0.00024308034919384713
75,131,-0.04557864666494978,0.00025331930332694874
75,132,-0.0521241490091586,0.0002635397943947515
75,133,-0.058662245540210316,0.00027384616811776397
75,134,-0.06519829436468909,0.00028399076803475864
75,135,-0.07173681110738732,0.0002940629011664031
75,136,-0.0782847698363992,0.00030489167904512726
75,137,-0.08484586154485715,0.0003158668351764815
75,138,-0.09142945139255387,0.0003315831883474729
75,139,-0.09803994248838084,0.0003628768172532215
75,140,-0.10478712533169335,0.0004348225148498308
75,141,-0.1117583383482675,0.0005941000286667775
75,142,-0.11869510799306635,0.0009403432026791059
75,143,-0.12513369634168725,0.0017202797565557537
75,144,-0.13061529790767287,0.0033697584676635195
75,145,-0.13461844126763145,0.006547833866171748
75,146,-0.13626435875295154,0.012510585079869352
75,147,-0.13480465743835035,0.021565838638199497
75,148,-0.13007433960114095,0.032624079559365415
75,149,-0.1226664619042928,0.04471645826912107
75,150,-0.11430118957714495,0.05693133057728117
75,151,-0.10696779633980652,0.06920935145048512
75,152,-0.10228925528683717,0.08205888203010148
75,153,-0.10140235565959856,0.09527045423938074
75,154,-0.10438934669529783,0.10805466596221847
75,155,-0.11042860787192768,0.11982173403076668
75,156,-0.11849965672810486,0.13056223280912171
75,157,-0.12765719733390654,0.1404142425416709
75,158,-0.1372389278525656,0.14961992806138036
75,159,-0.14693377439776972,0.15858116593870097
75,160,-0.15656606240160198,0.16761410665157184
75,161,-0.16601673796838362,0.17688774204340607
75,162,-0.17511576489930694,0.1864135424447897
75,163,-0.18373503935909485,0.1961503519716864
75,164,-0.19196442044002734,0.20617218688015415
75,165,-0.19988555015412404,0.21651549179387497
75,166,-0.2074784695542003,0.2271287610793431
75,167,-0.21470704925584105,0.2379619682377031
75,168,-0.22153814640821684,0.24896652977909284
75,169,-0.22800302845274356,0.2601249659452888
75,170,-0.2340889593336744,0.27128212628872894
75,171,-0.2397491996968296,0.28222096267995456
75,172,-0.24509691456821311,0.2931127167534703
75,173,-0.25022241193053685,0.30417928421992024
75,174,-0.2550746130471074,0.3153677980156636
75,175,-0.2596079728762363,0.32663494162731177
75,176,-0.2638096774776759,0.3379895614184538
75,177,-0.26766845476354556,0.34941544003904823
75,178,-0.2711558494374109,0.36088926186739057
75,179,-0.2742730685875509,0.3724150310905391
75,180,-0.277096924499165,0.3840850620794011
75,181,-0.2797180373609647,0.3959969754515056
75,182,-0.28215015352766354,0.40806487530063207
75,183,-0.2843172695159248,0.4201723917977944
75,184,-0.2860954093220063,0.4323227917385418
75,185,-0.2874316218475938,0.44455506570182
75,186,-0.2883851919530964,0.45685869971410675
75,187,-0.289018737462107,0.4691752722172132
75,188,-0.289364347611952,0.4814432780953962
75,189,-0.2894407319310671,0.4936450660547589
75,190,-0.2892211569774376,0.5057981382676475
75,191,-0.28871463186158836,0.5178881586991299
75,192,-0.28808232207718326,0.5299338729394292
75,193,-0.2875025417576282,0.541986821976726
75,194,-0.28695673124396515,0.5540393345371122
75,195,-0.28628836407958985,0.566055820627359
75,196,-0.28544672177320835,0.5777509264784524
75,197,-0.2844777715906665,0.5888595993251078
75,198,-0.2833419539615835,0.5995626139326977
75,199,-0.2819459895804479,0.6100002779806446
75,200,-0.2801592510622522,0.6202081304093607
75,201,-0.2777390465276497,0.6301909639647918
75,202,-0.27442473950599705,0.6398388899818237
75,203,-0.2701868288885905,0.6491105440916858
75,204,-0.2652993127879875,0.6580641907581488
75,205,-0.25993718799059373,0.6668794356988215
75,206,-0.25380877082047765,0.6756888659428208
75,207,-0.24656728132162686,0.6842052163380984
75,208,-0.2380731946027078,0.6919656290622783
75,209,-0.22831444561778935,0.6988021229924304
75,210,-0.21765075347507068,0.704731912881018
75,211,-0.20655600326425141,0.7099659597549968
75,212,-0.1952801776373127,0.7148769455562942
75,213,-0.18393261247849266,0.7197345419017006
75,214,-0.1725539084973923,0.7246756782430703
75,215,-0.1611970221086155,0.7298526264178862
75,216,-0.1500091426366053,0.7355288047326867
75,217,-0.13942106687538525,0.7418832215855018
75,218,-0.12988024133119896,0.7489323073364806
75,219,-0.12156456562786551,0.7565538767131806
75,220,-0.11446008728390619,0.7645914944270614
75,221,-0.10823581093240389,0.7732355902598682
75,222,-0.10269660951862462,0.7826791657001793
75,223,-0.0980130707414657,0.7927554784538902
75,224,-0.09433048685846966,0.8032982492502452
75,225,-0.09168900073807298,0.8142151261206442
75,226,-0.09003743772968709,0.8255170942619043
75,227,-0.08926127764965877,0.8372800492679224
75,228,-0.08938597997018104,0.8498045332158118
75,229,-0.09086289196394003,0.8639845754553485
75,230,-0.09422569198672653,0.8797776097150453
75,231,-0.09984760242817245,0.8960815209780164
75,232,-0.10773748078389944,0.9123061807795738
75,233,-0.11772264739531668,0.9292101013252595
75,234,-0.12905546826465408,0.9484912767392105
75,235,-0.13893756992686437,0.9695571986597926
75,236,-0.14339634139147012,0.98687718901866
75,237,-0.14080575679370336,0.9957650382132227
75,238,-0.13319499999526713,0.9987795102984668
75,239,-0.1231518154698475,0.9997880528956219
75,240,-0.1121183101166351,0.999992488171356
75,241,-0.10075392247540858,1.0
75,242,-0.08914683087020177,0.9999874608901462
75,243,-0.07739372864527055,0.999973480079328
75,244,-0.06561239491597819,0.9999595288316533
75,245,-0.053974445057923766,0.9999458483120147
75,246,-0.04263168182654472,0.9999327084170486
75,247,-0.03144009661647232,0.9999198638064717
75,248,-0.020252080011413147,0.9999070438874037
75,249,-0.009064441444204678,0.9998942346910338
76,0,0.0025256808662075516,0.9995528292907071
76,1,0.015916515316051302,0.9995259513352626
76,2,0.02931720499165976,0.9994990442157079
76,3,0.04272940848298422,0.9994721022120344
76,4,0.056138141059792326,0.9994451425873225
76,5,0.06948616981088161,0.9994182218570611
76,6,0.08254319810500695,0.9993920667821325
76,7,0.09502586882610163,0.9993674743913334
76,8,0.10702611262782227,0.9993423882923506
76,9,0.11865108308358494,0.9993049430156263
76,10,0.12976123979211243,0.9992117058345662
76,11,0.1402134689186603,0.9989452832810508
76,12,0.14935909585043208,0.9982316370192388
76,13,0.15556386273185716,0.9943110944833309
76,14,0.1554836464068771,0.9812296724013749
76,15,0.1471923288532486,0.9585540504507323
76,16,0.13379771168819588,0.9330993266568153
76,17,0.12032701582946106,0.9106992173151248
76,18,0.10924769094172648,0.8923726152901875
76,19,0.1004691927924502,0.8749842555717269
76,20,0.09417406156383606,0.8569378769553758
76,21,0.0907382585564173,0.8392754843630278
76,22,0.08953603868579327,0.8233706527741635
76,23,0.08965390998264651,0.8100338785168952
76,24,0.09060919829151715,0.7978246707288279
76,25,0.09234984242889327,0.7857690560611845
76,26,0.09488613692508788,0.7743808556265589
76,27,0.09812849731964225,0.7639038514984657
76,28,0.1020710138818244,0.7542790434622505
76,29,0.1068377055155413,0.7451666930455159
76,30,0.11246312093835073,0.7365474463336052
76,31,0.11885571276066464,0.7286188001606345
76,32,0.12620829556883223,0.7211838052311381
76,33,0.13471580753325316,0.71399760812327
76,34,0.14403057144267428,0.7072107079429983
76,35,0.1538389234909704,0.7009806188493864
76,36,0.1640367073504337,0.6953145441878203
76,37,0.17443313478420305,0.6901742056128926
76,38,0.18480908883512925,0.6853476309943485
76,39,0.19494513175490405,0.6804903457490524
76,40,0.20473055522895509,0.6751786761343408
76,41,0.21364781916022224,0.6694040382646347
76,42,0.22110303034070375,0.66347081232994
76,43,0.2274897184323661,0.6571771082208281
76,44,0.23326117143504818,0.650305295646147
76,45,0.23841497022849878,0.6429967854980677
76,46,0.24297477585943314,0.635375878801346
76,47,0.2469282688432022,0.627545595462158
76,48,0.25031605558069014,0.619504966363293
76,49,0.2531675419376335,0.611248209621237
76,50,0.255494137380026,0.6028185576026017
76,51,0.25740228701537576,0.594044331210434
76,52,0.25900075876963513,0.584801237750753
76,53,0.2603218515100003,0.5752873032297803
76,54,0.2613760036945144,0.5656613827894861
76,55,0.26220807741593644,0.5559189495992467
76,56,0.2628726362538229,0.5459560338439837
76,57,0.2633840277246057,0.5356865708790703
76,58,0.2637194712858293,0.525225123376007
76,59,0.2638830851236268,0.5147193181745613
76,60,0.2639138265626423,0.5039910308397523
76,61,0.26383808596042185,0.49282268894510806
76,62,0.2636603122209964,0.481431187945206
76,63,0.2633780839383364,0.4700237393331018
76,64,0.26298155566899956,0.45860414472700717
76,65,0.26244316929816547,0.44720207512135
76,66,0.2617209540575853,0.43577786141660835
76,67,0.2607961779728214,0.42428898695253303
76,68,0.25966169988669247,0.4128060463173553
76,69,0.2582473573080894,0.4011855957253191
76,70,0.25648045133528063,0.38924098380861494
76,71,0.2543745655059913,0.3771752860229709
76,72,0.2519379075958619,0.3651647780359729
76,73,0.24911981728275165,0.3532051229312556
76,74,0.24586090398380808,0.34136371517325526
76,75,0.24211429190057346,0.32976637640738493
76,76,0.23784816346771867,0.31845236962840484
76,77,0.23309050313567536,0.30731009096708783
76,78,0.2279577671266248,0.2962630292793891
76,79,0.2225509066334892,0.28529157203286615
76,80,0.2168948042299546,0.27435563592633083
76,81,0.2109840761683936,0.2634988795166131
76,82,0.20478335499116865,0.2528250502620556
76,83,0.1981786399523099,0.2423305753522741
76,84,0.19107924373464985,0.23199847187292555
76,85,0.1834866259514589,0.22185787903980236
76,86,0.17543480712897008,0.21192301831029392
76,87,0.1670172858871295,0.20234059248222092
76,88,0.15829980494979093,0.1932596965219009
76,89,0.14927997345190158,0.18462969348328773
76,90,0.1399825310379481,0.17629177059214707
76,91,0.13049404180065888,0.16809986148333567
76,92,0.120994957219735,0.1599600262580041
76,93,0.11172059370319133,0.15172512069140776
76,94,0.10282681616215493,0.1429584566262707
76,95,0.09458147653080638,0.13320215857557605
76,96,0.08769311440866803,0.12232766602080292
76,97,0.08320329681696187,0.11038988739560496
76,98,0.08226536989975419,0.09760942479910606
76,99,0.085670188704849,0.08445025941446804
76,100,0.09290222105935565,0.07149268206761061
76,101,0.10200643013832406,0.058758192143242294
76,102,0.11074416150146968,0.04559183298582148
76,103,0.11744559344859516,0.031871981156563645
76,104,0.12079322462693258,0.019029155518795693
76,105,0.12027585267551928,0.0098490194841927
76,106,0.11707137670796366,0.00508923850272236
76,107,0.11245772882585638,0.0026273458794674465
76,108,0.1068636094299692,0.00117655108805792
76,109,0.10080482865481703,0.00046728638647064447
76,110,0.09455260391224551,0.00014498133818963144
76,111,0.08815775067428695,2.3456122767995247e-05
76,112,0.08174719622485457,0.0
76,113,0.07537223975879845,2.206636004931095e-05
76,114,0.06901256394917632,5.876230970869312e-05
76,115,0.06261793716356624,8.952534543837931e-05
76,116,0.05622851009745169,0.00011212538489091539
76,117,0.04987407207350466,0.0001323683500668027
76,118,0.04351044931716113,0.0001510038328903507
76,119,0.037099675954451586,0.00016972205885068536
76,120,0.030646019902962902,0.00018857005053063425
76,121,0.024170430537213548,0.0002074793904058847
76,122,0.017680161714189818,0.0002263842228469315
76,123,0.011171941426591588,0.0002452772783888557
76,124,0.004624616143725215,0.00026417550129897993
76,125,-0.0019847671165144384,0.0002831363405457754
76,126,-0.008610920303921268,0.00030206399458221345
76,127,-0.01520555633835365,0.0003208083560936048
76,128,-0.021756883420813312,0.0003394085048453732
76,129,-0.028212815119224962,0.00035785686783873505
76,130,-0.03456733077845891,0.0003761329464742058
76,131,-0.040873973272874044,0.00039429670600121813
76,132,-0.047160050996750316,0.00041240834440881
76,133,-0.053438401789305486,0.0004305826851660477
76,134,-0.05971684828779058,0.0004485894556601755
76,135,-0.06600362533822346,0.00046654585057970266
76,136,-0.07231373811412248,0.0004853028023901196
76,137,-0.07865958918709659,0.0005051211307974812
76,138,-0.08504718093135444,0.0005331094500700129
76,139,-0.09147039291884618,0.0005855828995835477
76,140,-0.09800059874903631,0.0007109630772162978
76,141,-0.10466332417452757,0.0009970861527379693
76,142,-0.1111395024395478,0.001618099844985288
76,143,-0.11703078054620675,0.002801079654547123
76,144,-0.12201348593839338,0.004897786107434188
76,145,-0.1257868575886665,0.008557248611602453
76,146,-0.12755624054802997,0.015766617659599413
76,147,-0.12578384123508143,0.027623427611217943
76,148,-0.12018667144593294,0.041509323554912214
76,149,-0.11215619278216576,0.05482430077580236
76,150,-0.10330472950911447,0.06723685967405812
76,151,-0.09533109243658422,0.07943579829121772
76,152,-0.08999405395896772,0.09216720573796178
76,153,-0.08860992625019354,0.10528349643976287
76,154,-0.09126576973523992,0.11792112455803716
76,155,-0.09709220113801192,0.12959319907786548
76,156,-0.10513517651206038,0.14036440526530802
76,157,-0.11436279533955286,0.15017980284852617
76,158,-0.12400781376366005,0.15914589551976
76,159,-0.13380494067858825,0.16773236290490112
76,160,-0.14360629223616256,0.17633130963696253
76,161,-0.1532650487079552,0.18512402649951865
76,162,-0.16249422553353368,0.19407803215473407
76,163,-0.1710919780557554,0.20317079877149835
76,164,-0.17924679436137864,0.2126135242732171
76,165,-0.18709791028550218,0.22248326125314843
76,166,-0.19458143950695,0.23265467975871224
76,167,-0.20162993802309073,0.24303290963207513
76,168,-0.20820051493452119,0.2535645798652434
76,169,-0.21433234014094943,0.2642214849491683
76,170,-0.21998075550089272,0.2746868169445865
76,171,-0.22507073492652438,0.2845859218560588
76,172,-0.2298097221499713,0.29424031813498863
76,173,-0.23435988946664696,0.30403875253851576
76,174,-0.2386370810581723,0.31395277961231705
76,175,-0.24254780881752705,0.3239609854083101
76,176,-0.24605932109633438,0.3340733384728384
76,177,-0.24917973519157094,0.34424132989400735
76,178,-0.25191856313045796,0.3544080170665781
76,179,-0.25432047400988117,0.364635100630884
76,180,-0.25647164539678513,0.37516997437539856
76,181,-0.2584043821383847,0.3861677102975357
76,182,-0.2600653909493487,0.39743320433654417
76,183,-0.26142379126863946,0.4087505805474875
76,184,-0.26251908881568337,0.42007441667688816
76,185,-0.26340712601626426,0.43142493478539534
76,186,-0.26410929032528135,0.4428221720755444
76,187,-0.2646207696572678,0.4542581240516854
76,188,-0.2649599628838423,0.4656650988453582
76,189,-0.26517228270556753,0.47697390055527955
76,190,-0.26528603192303285,0.48821845903172867
76,191,-0.26529957863564474,0.4994172797025518
76,192,-0.2652061769251803,0.510570934490199
76,193,-0.2649936060951012,0.5217106517640488
76,194,-0.26462054664870155,0.5328319920027103
76,195,-0.2640330410621118,0.5439064813123858
76,196,-0.26322079461041004,0.5549223491240267
76,197,-0.2621884832331906,0.5658966025839154
76,198,-0.26091697213923787,0.5766515531199439
76,199,-0.2593842749939889,0.5869628472091535
76,200,-0.2575329038325515,0.5969652387803834
76,201,-0.2552449626366414,0.606802356695989
76,202,-0.2523597217804191,0.6164371992513423
76,203,-0.24876639901199332,0.6258080246119831
76,204,-0.24447848599561678,0.634812302085126
76,205,-0.2395587606511875,0.6433877319436687
76,206,-0.23399587871146366,0.6515185615870165
76,207,-0.22771797111011108,0.6591258443796704
76,208,-0.22041827281381846,0.6662057059374817
76,209,-0.2118091284824972,0.6727714418697668
76,210,-0.2022423599500888,0.6786117960187881
76,211,-0.19221983771364543,0.6837038322130005
76,212,-0.181961063719889,0.6883675560719966
76,213,-0.1716428449094504,0.6929716038675311
76,214,-0.16141193955723573,0.6978600706720632
76,215,-0.15131475491524232,0.7033391765609718
76,216,-0.14142315675936495,0.7095971472300728
76,217,-0.13222359303331496,0.7164180602680037
76,218,-0.12418109644863537,0.7234428710348617
76,219,-0.1170399567051349,0.7308348610007811
76,220,-0.11049559266258975,0.7389532520044679
76,221,-0.10459857808447955,0.7480092046135124
76,222,-0.09945558244800791,0.7580778325573424
76,223,-0.09520095864913727,0.7689071217445415
76,224,-0.0918883345129861,0.7802156698326534
76,225,-0.08947136795939298,0.7918641375783815
76,226,-0.08788712027455109,0.8039557998323063
76,227,-0.08704258164372007,0.8167732494640549
76,228,-0.08708914302973668,0.8310487091999847
76,229,-0.08859774240456031,0.847134347999092
76,230,-0.09205746539189769,0.8636792229830856
76,231,-0.09799095010957191,0.8801253987740547
76,232,-0.10660668633691323,0.8967974400999705
76,233,-0.11814045911254692,0.9148743437749806
76,234,-0.13216908941983865,0.9371483697042289
76,235,-0.1448142399774037,0.9627787656171382
76,236,-0.1507544007771672,0.9840876208998673
76,237,-0.14823227063728817,0.9949540518955409
76,238,-0.13980551311123068,0.9985536348735681
76,239,-0.1285651709278046,0.9997331202652081
76,240,-0.11622298514633944,0.9999855921074944
76,241,-0.103619527859299,1.0
76,242,-0.09095195298470556,0.9999767256173272
76,243,-0.07821539079541008,0.9999508440689566
76,244,-0.06541993828054526,0.9999250135238527
76,245,-0.052866503854110534,0.9998998251769088
76,246,-0.040839737027051695,0.9998758745051605
76,247,-0.02907839195971713,0.9998525782217406
76,248,-0.017315900852204393,0.999829326596394
76,249,-0.005552200088655469,0.9998060940386289
77,0,0.0022346903666814687,0.9997948072321704
77,1,0.015503644822342887,0.9997783250630473
77,2,0.028771724386361545,0.9997619056577585
77,3,0.04203977521206446,0.9997455402798621
77,4,0.05529461911521704,0.9997291942851296
77,5,0.06847641278687491,0.9997128814611784
77,6,0.08154727339587622,0.9996966479784707
77,7,0.09439779028560988,0.9996806832187477
77,8,0.10689515253779347,0.9996652916270773
77,9,0.11893875606941615,0.9996495039681538
77,10,0.1304166340115618,0.9996213699773925
77,11,0.14129036727239164,0.9995244372260514
77,12,0.1509504973997192,0.999136153003677
77,13,0.15770571068951392,0.995775554551522
77,14,0.15823882792663382,0.9832934375461452
77,15,0.15048542918914357,0.9606316923072507
77,16,0.1374263109242397,0.9345341679445236
77,17,0.12462916352054663,0.9113874687106585
77,18,0.11491399750833813,0.8927283561541508
77,19,0.10751912162420912,0.8757278398300372
77,20,0.10183768083696187,0.8582147619773308
77,21,0.09826222193022516,0.8402952900321046
77,22,0.09677150560856168,0.8239459285156463
77,23,0.096720801328615,0.8108632166823364
77,24,0.09751937685502482,0.7992437662124083
77,25,0.09911364495130903,0.7876573140420667
77,26,0.10154619619634278,0.7764948138178523
77,27,0.10469771658354536,0.7661696869167401
77,28,0.10854321569025166,0.7567868261938866
77,29,0.11325280627684903,0.7479464978910864
77,30,0.11891220148638983,0.7395863889417984
77,31,0.12543971800758816,0.7319374278562301
77,32,0.1330982746251646,0.7247861586784989
77,33,0.14215675373443748,0.7178547375416611
77,34,0.15217702541447586,0.7113422021032929
77,35,0.16274614128156561,0.7054372282415401
77,36,0.17372422671439847,0.7001269392092477
77,37,0.18487411129361944,0.6953456313928238
77,38,0.19600391196552086,0.6908034866340813
77,39,0.20693591211847073,0.6860723052611504
77,40,0.21748441395903087,0.6807190655461475
77,41,0.22693161389866473,0.6748358792543414
77,42,0.23456900196302582,0.6688414299072145
77,43,0.24094619535474435,0.6625029288843263
77,44,0.2466476282463645,0.6555729279064075
77,45,0.2516748815354917,0.648248074916079
77,46,0.2561342395975678,0.6405874833125331
77,47,0.2600819235177661,0.6325857322677809
77,48,0.2634913654106971,0.6242952457287883
77,49,0.26634009925188645,0.6157895868366605
77,50,0.26866334890996063,0.60712417858771
77,51,0.27057640892733265,0.5980790344302811
77,52,0.272189096841121,0.5884783081734387
77,53,0.27353697624540707,0.5785681714517841
77,54,0.274622961953394,0.568548253050232
77,55,0.2754805355123644,0.5584035892609096
77,56,0.2761592538621335,0.5481289223759584
77,57,0.27666965152320827,0.5377239177243167
77,58,0.2769869787931167,0.5271864224059719
77,59,0.27712170711402595,0.5165795188180302
77,60,0.27712357518053005,0.5056814063927323
77,61,0.27702515087536256,0.4942146702395518
77,62,0.2768319182710549,0.48245361676823517
77,63,0.2765457045018862,0.47068941969454614
77,64,0.27616143359535367,0.45894763063801247
77,65,0.2756476849136803,0.4472262718611535
77,66,0.2749547551890847,0.4354300652998727
77,67,0.27406445467374124,0.42349036322495637
77,68,0.2729737086670049,0.4115089971741801
77,69,0.2715987253687984,0.3993196885397339
77,70,0.2698509523133042,0.3866872515357752
77,71,0.2677513145455539,0.37387927898370776
77,72,0.26531437836436667,0.36113074428203606
77,73,0.2624797644172609,0.3484360998942371
77,74,0.25916680223405897,0.33586681074510183
77,75,0.2553027437192646,0.32358398230081
77,76,0.2508409795317968,0.3116641634504812
77,77,0.24581455733441224,0.2999736360163735
77,78,0.24036622437519184,0.28840017425052034
77,79,0.23462201134174257,0.27690915820019857
77,80,0.22861560670034226,0.26545216067889377
77,81,0.222340681853957,0.2540756809015089
77,82,0.2157510001225649,0.24289213272544918
77,83,0.20875265235955726,0.23196047762226712
77,84,0.20129128543657082,0.22132281322655079
77,85,0.19340139242526358,0.21100176781631097
77,86,0.18516459429442356,0.2010056379475602
77,87,0.17666483180880993,0.19144268286619426
77,88,0.16792210632719629,0.18241507136847945
77,89,0.15890780109919422,0.1738557730112037
77,90,0.14961926871136272,0.1656000507826082
77,91,0.140100968728022,0.15752416571579042
77,92,0.13048484676288277,0.14958730226093764
77,93,0.12095410094692846,0.14168240400922205
77,94,0.11165895869799443,0.13348497939928028
77,95,0.10288960820328293,0.12459571861674523
77,96,0.09537324043868721,0.11466589663275739
77,97,0.09033486391851785,0.10359896727608575
77,98,0.08920683013067614,0.09161908002600283
77,99,0.09271070455466929,0.07937338660054172
77,100,0.09978910996836439,0.06762238271710785
77,101,0.10814929503820887,0.056120659496310954
77,102,0.11580610602317984,0.044054190399108406
77,103,0.12157476113260143,0.03145130394329321
77,104,0.12448796658778818,0.019255765312271578
77,105,0.12397358125210681,0.009954246426940982
77,106,0.12095628442492215,0.0050846279738185896
77,107,0.1166462896373832,0.002731663268287776
77,108,0.11129227801405288,0.001293399158314279
77,109,0.10516020855983728,0.0005312841264080159
77,110,0.09862472463918152,0.0001640560879133668
77,111,0.09191812652476385,2.956526256425729e-05
77,112,0.08520014317686547,0.0
77,113,0.07852643381442712,2.0693002498628488e-05
77,114,0.07186970369903359,5.641758071650571e-05
77,115,0.06516984689956423,8.568735906033798e-05
77,116,0.058473951970650605,0.00010650054626970551
77,117,0.051820232785050185,0.00012478282604155844
77,118,0.045165968952659924,0.00014136059857827732
77,119,0.03847236948086024,0.0001579667270477092
77,120,0.03174539769254854,0.00017464427346058908
77,121,0.025006750628431287,0.0001913295035562701
77,122,0.018263275310583752,0.0002079599467265103
77,123,0.011510596282249012,0.00022453178619752379
77,124,0.00472492434392615,0.000241069595707466
77,125,-0.002118177878935983,0.00025763289933478095
77,126,-0.008985365773886525,0.0002741843404486799
77,127,-0.015839868096483446,0.0002906284139442272
77,128,-0.022650178860291185,0.0003069424122199571
77,129,-0.02933696672602428,0.0003230559236553354
77,130,-0.03589602038407098,0.00033896217510176463
77,131,-0.042395666361426027,0.0003547374906884837
77,132,-0.04887008673092094,0.0003704445956909108
77,133,-0.05533376155369358,0.0003861987823566837
77,134,-0.06179592218641196,0.00040176247568335377
77,135,-0.06826856684255223,0.0004172460864083627
77,136,-0.07477315232630245,0.0004334976990182371
77,137,-0.08132931087775029,0.0004504721339902984
77,138,-0.08794607422781395,0.0004745379934144589
77,139,-0.09461242479452169,0.0005250473616278395
77,140,-0.1012879399270247,0.0006426222338296039
77,141,-0.10790675209022647,0.0008954659655805441
77,142,-0.11427064925253867,0.0014604928868567901
77,143,-0.12012717206242107,0.002548320975782614
77,144,-0.12512129335345398,0.004539266111173168
77,145,-0.12895615915343722,0.007780223090085192
77,146,-0.13108550763185498,0.014076806025327682
77,147,-0.13008734018222082,0.025245088506859137
77,148,-0.12541434380044214,0.03891401330387767
77,149,-0.11818642485242856,0.05202336865843593
77,150,-0.10985709647838841,0.06399541109690954
77,151,-0.10202222903915652,0.07550657491072621
77,152,-0.09660393978229949,0.08746020283655564
77,153,-0.09529257571303681,0.09979522746092961
77,154,-0.09841447145230273,0.11162304960369751
77,155,-0.10503908979043323,0.12244970888434559
77,156,-0.11394120894002269,0.13234703576308937
77,157,-0.12388313281807198,0.14140758469136305
77,158,-0.13410482161836024,0.14996551170731642
77,159,-0.14434308984689842,0.15843552282169648
77,160,-0.15444351289240793,0.16706624544355342
77,161,-0.16431918011746724,0.1759993642125237
77,162,-0.17368377401049911,0.1851192865861231
77,163,-0.18233473628422248,0.19435336231879785
77,164,-0.19055045415191846,0.2039669947934074
77,165,-0.1985192511796364,0.21405560482632657
77,166,-0.20619023840486958,0.22450959969612982
77,167,-0.21350509497505157,0.23527776745489515
77,168,-0.22038592420909106,0.24631077238508037
77,169,-0.22685820082988895,0.2575808768675918
77,170,-0.23280353988501998,0.2685977781252401
77,171,-0.2380745679900948,0.27881223266990696
77,172,-0.2429396722991157,0.2886555433042224
77,173,-0.24760870757705214,0.2986343444832119
77,174,-0.2519785175227218,0.30873307322134913
77,175,-0.25593538389009535,0.318944158746854
77,176,-0.25944229578634487,0.32928350813177065
77,177,-0.2625166430314093,0.3396849303772733
77,178,-0.26518251192621256,0.3500678766744867
77,179,-0.2675048252374996,0.36049736698303814
77,180,-0.2695910171570219,0.37128599030451126
77,181,-0.27148196532060814,0.382647235216632
77,182,-0.27311028343500615,0.39433468020076534
77,183,-0.27443251275984193,0.40607262140004585
77,184,-0.2754931249636233,0.41780502895996285
77,185,-0.27635723260696193,0.4295421022895163
77,186,-0.2770474551826798,0.4412941490328224
77,187,-0.27755290120214504,0.45304263465767436
77,188,-0.2778945024485925,0.4647951209325396
77,189,-0.27812421687121547,0.47657515313780585
77,190,-0.27826445229079105,0.48835081805615954
77,191,-0.2783070789093202,0.5000635068151233
77,192,-0.2782476722416219,0.5117164554131141
77,193,-0.2780736024931516,0.5233438895125875
77,194,-0.277728571841226,0.534942054380739
77,195,-0.27713874535768335,0.5464796577383593
77,196,-0.2762917906714815,0.5579434750970576
77,197,-0.27520567791960104,0.5693597772772396
77,198,-0.2738780295528351,0.5805120103736262
77,199,-0.27229955379357323,0.5911317142492566
77,200,-0.2704141849476465,0.6014095249790183
77,201,-0.26810074891332797,0.6115416001703884
77,202,-0.26518936362215667,0.6214936468071607
77,203,-0.2615460757657201,0.6312025522236553
77,204,-0.25716151800290826,0.6405541613645669
77,205,-0.25208803734286545,0.6494791418652806
77,206,-0.24635145807420547,0.6579119936352004
77,207,-0.2399147786799935,0.6657104066717392
77,208,-0.23232921948565302,0.672931154406059
77,209,-0.22316023916829453,0.6796316117134512
77,210,-0.21285101639866724,0.6855127171933337
77,211,-0.20202330255682327,0.6905198540457702
77,212,-0.1909258815285117,0.695026181937846
77,213,-0.17975618945966193,0.6994550040790016
77,214,-0.1686751456507274,0.7041974773821069
77,215,-0.15778639945815168,0.7095453501867864
77,216,-0.1472212171996345,0.7156512839222136
77,217,-0.13752333440482917,0.7222816275247953
77,218,-0.12921307825891193,0.7290610437729395
77,219,-0.12199252009872073,0.736158214178689
77,220,-0.11551838596373155,0.7439330496920886
77,221,-0.10981032255760183,0.7526532690885703
77,222,-0.10492927702054687,0.7624337932254449
77,223,-0.10098213726639713,0.7729561938558188
77,224,-0.0979729418831116,0.783895223223741
77,225,-0.09582419471874465,0.7951266129983129
77,226,-0.09448998337963885,0.8068340772894402
77,227,-0.09389925127524511,0.8194219813933087
77,228,-0.09424867123344624,0.8336956005122764
77,229,-0.09619069578720386,0.8499638555408917
77,230,-0.10019941410166483,0.8667567917541311
77,231,-0.1062649099055995,0.8831308271231778
77,232,-0.1140085779083709,0.8993091155574353
77,233,-0.12416858538154071,0.9174088625590927
77,234,-0.13691305289227657,0.9399493314856052
77,235,-0.1481814180311084,0.9646374484409246
77,236,-0.15301462059451082,0.9845947395679983
77,237,-0.15009722783024268,0.9950278399487268
77,238,-0.14159556703463053,0.9986160693283528
77,239,-0.1303215585521329,0.9997404297606559
77,240,-0.1180005378221589,0.9999790585961513
77,241,-0.10544285410261196,1.0
77,242,-0.09282673739988426,0.999986222774677
77,243,-0.08013818740506651,0.9999699921355188
77,244,-0.0673790610017346,0.9999538644867967
77,245,-0.054835942465027085,0.9999381733805444
77,246,-0.04278686307776749,0.9999232726121052
77,247,-0.0309889969204007,0.9999088083454845
77,248,-0.01919011637272779,0.9998943980640804
77,249,-0.0073901346065088835,0.9998800101533732
